,index,guid,do_name,do_identifier,do_guid,da_name,da_identifier,da_guid
0,0,c424639d-4a49-4dfb-aef0-a1986872187c,NamPlt,virtualCLSmini_CLS/LLN0.NamPlt,,vendor,virtualCLSmini_CLS/LLN0.NamPlt.vendor,78733d32-5a17-43f8-9174-4752b077d111
1,0,c424639d-4a49-4dfb-aef0-a1986872187c,NamPlt,virtualCLSmini_CLS/LLN0.NamPlt,,swRev,virtualCLSmini_CLS/LLN0.NamPlt.swRev,2112c1a3-4a76-4d6b-a266-0310353bcace
2,0,c424639d-4a49-4dfb-aef0-a1986872187c,NamPlt,virtualCLSmini_CLS/LLN0.NamPlt,,configRev,virtualCLSmini_CLS/LLN0.NamPlt.configRev,a362cf66-660c-4e17-a359-7886f9b9f427
3,0,c424639d-4a49-4dfb-aef0-a1986872187c,NamPlt,virtualCLSmini_CLS/LLN0.NamPlt,,d,virtualCLSmini_CLS/LLN0.NamPlt.d,422a16cd-b596-49fe-9f5f-b37166bb8f8d
4,1,8deb521c-4c88-4aae-9066-fcd8d723689e,Beh,virtualCLSmini_CLS/LLN0.Beh,,stVal,virtualCLSmini_CLS/LLN0.Beh.stVal,33b81b9f-a163-431e-a735-d7a2349d3137
5,1,8deb521c-4c88-4aae-9066-fcd8d723689e,Beh,virtualCLSmini_CLS/LLN0.Beh,,q,virtualCLSmini_CLS/LLN0.Beh.q,c7c69959-04c4-4594-b518-3c4fc9d320bb
6,1,8deb521c-4c88-4aae-9066-fcd8d723689e,Beh,virtualCLSmini_CLS/LLN0.Beh,,t,virtualCLSmini_CLS/LLN0.Beh.t,16c6c1fc-9856-445b-a637-5c3d158d3b06
7,1,8deb521c-4c88-4aae-9066-fcd8d723689e,Beh,virtualCLSmini_CLS/LLN0.Beh,,d,virtualCLSmini_CLS/LLN0.Beh.d,e75a7f8a-0aff-4269-b801-a19f660704a1
8,2,9bca9cef-03f5-4bdf-a61c-b98a242849e9,Health,virtualCLSmini_CLS/LLN0.Health,,stVal,virtualCLSmini_CLS/LLN0.Health.stVal,1909430b-8dca-454c-ab75-ce7384235b0f
9,2,9bca9cef-03f5-4bdf-a61c-b98a242849e9,Health,virtualCLSmini_CLS/LLN0.Health,,q,virtualCLSmini_CLS/LLN0.Health.q,0f6e193c-9e64-4150-8d04-bb1a344353d2
10,2,9bca9cef-03f5-4bdf-a61c-b98a242849e9,Health,virtualCLSmini_CLS/LLN0.Health,,t,virtualCLSmini_CLS/LLN0.Health.t,c5924195-cee9-4138-bbc5-2ca4a8770441
11,2,9bca9cef-03f5-4bdf-a61c-b98a242849e9,Health,virtualCLSmini_CLS/LLN0.Health,,d,virtualCLSmini_CLS/LLN0.Health.d,a8695862-338c-45ce-8fe5-a5717dea518c
12,3,001e6345-29ba-4ce9-b2c7-01f66a0002c3,LocKey,virtualCLSmini_CLS/LLN0.LocKey,,stVal,virtualCLSmini_CLS/LLN0.LocKey.stVal,e3a87a13-bfdf-4940-9b50-44088693e771
13,3,001e6345-29ba-4ce9-b2c7-01f66a0002c3,LocKey,virtualCLSmini_CLS/LLN0.LocKey,,q,virtualCLSmini_CLS/LLN0.LocKey.q,e3b68957-9803-48bb-9239-77880bf46e33
14,3,001e6345-29ba-4ce9-b2c7-01f66a0002c3,LocKey,virtualCLSmini_CLS/LLN0.LocKey,,t,virtualCLSmini_CLS/LLN0.LocKey.t,3686d33c-0a07-4e52-a938-e1b8e874b1ea
15,3,001e6345-29ba-4ce9-b2c7-01f66a0002c3,LocKey,virtualCLSmini_CLS/LLN0.LocKey,,d,virtualCLSmini_CLS/LLN0.LocKey.d,7e69d0b5-5c1b-466e-a3df-65c219918d5f
16,4,b13da478-629e-4ff9-9b1a-0a31851f7b49,Loc,virtualCLSmini_CLS/LLN0.Loc,,stVal,virtualCLSmini_CLS/LLN0.Loc.stVal,82004822-7025-49ef-a615-2ff11c86c598
17,4,b13da478-629e-4ff9-9b1a-0a31851f7b49,Loc,virtualCLSmini_CLS/LLN0.Loc,,q,virtualCLSmini_CLS/LLN0.Loc.q,b4a8e2a2-882b-4173-8241-8e87166d2c2d
18,4,b13da478-629e-4ff9-9b1a-0a31851f7b49,Loc,virtualCLSmini_CLS/LLN0.Loc,,t,virtualCLSmini_CLS/LLN0.Loc.t,4a8b764d-d5c5-4740-ad2d-00e03e4fac13
19,4,b13da478-629e-4ff9-9b1a-0a31851f7b49,Loc,virtualCLSmini_CLS/LLN0.Loc,,d,virtualCLSmini_CLS/LLN0.Loc.d,e964b61b-cb24-45d4-b839-6085ecd0cdf5
20,5,53bab8d6-118c-4b49-a9ae-c5df1037c38d,Mod,virtualCLSmini_CLS/LLN0.Mod,,origin.orCat,virtualCLSmini_CLS/LLN0.Mod.origin.orCat,f68276b4-9d1a-4a66-80e9-59cde8d65e54
21,5,53bab8d6-118c-4b49-a9ae-c5df1037c38d,Mod,virtualCLSmini_CLS/LLN0.Mod,,origin.orIdent,virtualCLSmini_CLS/LLN0.Mod.origin.orIdent,377bcb59-95a8-4292-b721-33da27300e36
22,5,53bab8d6-118c-4b49-a9ae-c5df1037c38d,Mod,virtualCLSmini_CLS/LLN0.Mod,,ctlNum,virtualCLSmini_CLS/LLN0.Mod.ctlNum,198054de-3832-4aa6-8932-9e5876523e92
23,5,53bab8d6-118c-4b49-a9ae-c5df1037c38d,Mod,virtualCLSmini_CLS/LLN0.Mod,,stVal,virtualCLSmini_CLS/LLN0.Mod.stVal,c1634e04-4fc8-4177-b963-aa360f627995
24,5,53bab8d6-118c-4b49-a9ae-c5df1037c38d,Mod,virtualCLSmini_CLS/LLN0.Mod,,q,virtualCLSmini_CLS/LLN0.Mod.q,590922aa-ee14-4921-ab22-c55c689f9f7a
25,5,53bab8d6-118c-4b49-a9ae-c5df1037c38d,Mod,virtualCLSmini_CLS/LLN0.Mod,,t,virtualCLSmini_CLS/LLN0.Mod.t,f6aa578f-1446-45a0-86d0-8937b43949b4
26,5,53bab8d6-118c-4b49-a9ae-c5df1037c38d,Mod,virtualCLSmini_CLS/LLN0.Mod,,ctlModel,virtualCLSmini_CLS/LLN0.Mod.ctlModel,aa293add-bd8d-4c2b-978d-be993ec4267b
27,5,53bab8d6-118c-4b49-a9ae-c5df1037c38d,Mod,virtualCLSmini_CLS/LLN0.Mod,,ctlVal,virtualCLSmini_CLS/LLN0.Mod.ctlVal,d9b0f2a6-80d6-4fa4-a9ad-8085013745b0
28,5,53bab8d6-118c-4b49-a9ae-c5df1037c38d,Mod,virtualCLSmini_CLS/LLN0.Mod,,d,virtualCLSmini_CLS/LLN0.Mod.d,1ae97411-9953-4999-85f0-55ee93133363
29,6,86b8229e-c658-4a6b-877c-8076833ffae8,LocSta,virtualCLSmini_CLS/LLN0.LocSta,,origin.orCat,virtualCLSmini_CLS/LLN0.LocSta.origin.orCat,0c46ba40-a8e3-4922-845f-a800ee280338
30,6,86b8229e-c658-4a6b-877c-8076833ffae8,LocSta,virtualCLSmini_CLS/LLN0.LocSta,,origin.orIdent,virtualCLSmini_CLS/LLN0.LocSta.origin.orIdent,a9e9a0c3-ea21-408d-9258-9e1b102af1ef
31,6,86b8229e-c658-4a6b-877c-8076833ffae8,LocSta,virtualCLSmini_CLS/LLN0.LocSta,,ctlNum,virtualCLSmini_CLS/LLN0.LocSta.ctlNum,675add29-344f-4105-bde2-f49bb3f8bc09
32,6,86b8229e-c658-4a6b-877c-8076833ffae8,LocSta,virtualCLSmini_CLS/LLN0.LocSta,,stVal,virtualCLSmini_CLS/LLN0.LocSta.stVal,b9082827-4a46-4eb6-b075-101d6ce68529
33,6,86b8229e-c658-4a6b-877c-8076833ffae8,LocSta,virtualCLSmini_CLS/LLN0.LocSta,,q,virtualCLSmini_CLS/LLN0.LocSta.q,5ede3f86-40ae-48f9-8de0-5457b6833177
34,6,86b8229e-c658-4a6b-877c-8076833ffae8,LocSta,virtualCLSmini_CLS/LLN0.LocSta,,t,virtualCLSmini_CLS/LLN0.LocSta.t,f7e5166a-e86d-4e15-8d08-f0023c529f79
35,6,86b8229e-c658-4a6b-877c-8076833ffae8,LocSta,virtualCLSmini_CLS/LLN0.LocSta,,ctlModel,virtualCLSmini_CLS/LLN0.LocSta.ctlModel,9e8d8368-b4d8-4c7e-b22a-b9c9d06f2e50
36,6,86b8229e-c658-4a6b-877c-8076833ffae8,LocSta,virtualCLSmini_CLS/LLN0.LocSta,,ctlVal,virtualCLSmini_CLS/LLN0.LocSta.ctlVal,7adc86e2-b80a-45c1-844f-2787d6f5bc57
37,6,86b8229e-c658-4a6b-877c-8076833ffae8,LocSta,virtualCLSmini_CLS/LLN0.LocSta,,d,virtualCLSmini_CLS/LLN0.LocSta.d,21292d99-d10f-4179-b619-7920a394ba20
38,7,a3ff83bf-13a6-4216-9298-949032171728,MltLev,virtualCLSmini_CLS/LLN0.MltLev,,setVal,virtualCLSmini_CLS/LLN0.MltLev.setVal,e4780d63-8020-4e70-b352-a7c41688891b
39,7,a3ff83bf-13a6-4216-9298-949032171728,MltLev,virtualCLSmini_CLS/LLN0.MltLev,,d,virtualCLSmini_CLS/LLN0.MltLev.d,fa8b1e46-1908-4a41-892d-a60ddef1ea05
40,8,f0436a20-adf7-47da-803f-b727cdeda347,NamPlt,virtualCLSmini_CLS/Platform_LPHD1.NamPlt,,vendor,virtualCLSmini_CLS/Platform_LPHD1.NamPlt.vendor,866e2a02-697b-4c55-bf83-9d122c3ebaf4
41,8,f0436a20-adf7-47da-803f-b727cdeda347,NamPlt,virtualCLSmini_CLS/Platform_LPHD1.NamPlt,,swRev,virtualCLSmini_CLS/Platform_LPHD1.NamPlt.swRev,c6040d4c-cc70-46d6-996f-a99fe7f91981
42,8,f0436a20-adf7-47da-803f-b727cdeda347,NamPlt,virtualCLSmini_CLS/Platform_LPHD1.NamPlt,,configRev,virtualCLSmini_CLS/Platform_LPHD1.NamPlt.configRev,33b13ab5-3e0e-42c1-b245-85806c86a97a
43,8,f0436a20-adf7-47da-803f-b727cdeda347,NamPlt,virtualCLSmini_CLS/Platform_LPHD1.NamPlt,,d,virtualCLSmini_CLS/Platform_LPHD1.NamPlt.d,5bd1a202-bd9b-4f2a-b116-e98d5d8361bd
44,9,4d037dbc-482a-425c-ac11-ccaa80d9a8dd,PhyNam,virtualCLSmini_CLS/Platform_LPHD1.PhyNam,,vendor,virtualCLSmini_CLS/Platform_LPHD1.PhyNam.vendor,8874b639-89d2-4b05-871c-28b7378fd4c6
45,9,4d037dbc-482a-425c-ac11-ccaa80d9a8dd,PhyNam,virtualCLSmini_CLS/Platform_LPHD1.PhyNam,,hwRev,virtualCLSmini_CLS/Platform_LPHD1.PhyNam.hwRev,bde9f48a-da75-4026-ba6d-3848e9f07198
46,9,4d037dbc-482a-425c-ac11-ccaa80d9a8dd,PhyNam,virtualCLSmini_CLS/Platform_LPHD1.PhyNam,,swRev,virtualCLSmini_CLS/Platform_LPHD1.PhyNam.swRev,253efeed-aeaf-44a9-bebf-a24f194be4e3
47,9,4d037dbc-482a-425c-ac11-ccaa80d9a8dd,PhyNam,virtualCLSmini_CLS/Platform_LPHD1.PhyNam,,serNum,virtualCLSmini_CLS/Platform_LPHD1.PhyNam.serNum,a1742b02-cda1-4174-8f49-70ec8177e387
48,9,4d037dbc-482a-425c-ac11-ccaa80d9a8dd,PhyNam,virtualCLSmini_CLS/Platform_LPHD1.PhyNam,,model,virtualCLSmini_CLS/Platform_LPHD1.PhyNam.model,98e3707a-6575-4f0c-9d6b-da8f6fb92cb4
49,9,4d037dbc-482a-425c-ac11-ccaa80d9a8dd,PhyNam,virtualCLSmini_CLS/Platform_LPHD1.PhyNam,,location,virtualCLSmini_CLS/Platform_LPHD1.PhyNam.location,2178911b-780a-43c1-9075-4d4b50c8b2af
50,9,4d037dbc-482a-425c-ac11-ccaa80d9a8dd,PhyNam,virtualCLSmini_CLS/Platform_LPHD1.PhyNam,,nameDA,virtualCLSmini_CLS/Platform_LPHD1.PhyNam.nameDA,715379f8-0689-43e8-9802-6abdabf14141
51,9,4d037dbc-482a-425c-ac11-ccaa80d9a8dd,PhyNam,virtualCLSmini_CLS/Platform_LPHD1.PhyNam,,owner,virtualCLSmini_CLS/Platform_LPHD1.PhyNam.owner,3120d2b2-7a94-46f8-b8bb-30e58446b340
52,9,4d037dbc-482a-425c-ac11-ccaa80d9a8dd,PhyNam,virtualCLSmini_CLS/Platform_LPHD1.PhyNam,,ePSName,virtualCLSmini_CLS/Platform_LPHD1.PhyNam.ePSName,7789cc30-08bf-413b-81c3-d348ceb8b75b
53,9,4d037dbc-482a-425c-ac11-ccaa80d9a8dd,PhyNam,virtualCLSmini_CLS/Platform_LPHD1.PhyNam,,primeOper,virtualCLSmini_CLS/Platform_LPHD1.PhyNam.primeOper,b25a3dcd-b129-4094-b91d-7c46e39b6e1e
54,9,4d037dbc-482a-425c-ac11-ccaa80d9a8dd,PhyNam,virtualCLSmini_CLS/Platform_LPHD1.PhyNam,,secondOper,virtualCLSmini_CLS/Platform_LPHD1.PhyNam.secondOper,3c1518ed-daba-467a-a54b-12083e8f6b11
55,9,4d037dbc-482a-425c-ac11-ccaa80d9a8dd,PhyNam,virtualCLSmini_CLS/Platform_LPHD1.PhyNam,,latitude,virtualCLSmini_CLS/Platform_LPHD1.PhyNam.latitude,3260ab93-de5b-40d2-be8f-d3f7cc4c1ba9
56,9,4d037dbc-482a-425c-ac11-ccaa80d9a8dd,PhyNam,virtualCLSmini_CLS/Platform_LPHD1.PhyNam,,longitude,virtualCLSmini_CLS/Platform_LPHD1.PhyNam.longitude,3f1f534c-b26e-4640-879a-90c521bec9a8
57,9,4d037dbc-482a-425c-ac11-ccaa80d9a8dd,PhyNam,virtualCLSmini_CLS/Platform_LPHD1.PhyNam,,altitude,virtualCLSmini_CLS/Platform_LPHD1.PhyNam.altitude,cca350c7-e58a-4cdf-b580-0708bc0a74c7
58,9,4d037dbc-482a-425c-ac11-ccaa80d9a8dd,PhyNam,virtualCLSmini_CLS/Platform_LPHD1.PhyNam,,mRID,virtualCLSmini_CLS/Platform_LPHD1.PhyNam.mRID,a7e8eaca-06f3-4779-b112-175a7d90d004
59,9,4d037dbc-482a-425c-ac11-ccaa80d9a8dd,PhyNam,virtualCLSmini_CLS/Platform_LPHD1.PhyNam,,d,virtualCLSmini_CLS/Platform_LPHD1.PhyNam.d,5b16cf36-4d20-4895-a3de-6d15cbe3fd20
60,10,792fd162-b64c-4d16-ad64-7301639f911e,PhyHealth,virtualCLSmini_CLS/Platform_LPHD1.PhyHealth,,stVal,virtualCLSmini_CLS/Platform_LPHD1.PhyHealth.stVal,4113e662-43bd-4ee3-aec4-2a6d0bd46e7b
61,10,792fd162-b64c-4d16-ad64-7301639f911e,PhyHealth,virtualCLSmini_CLS/Platform_LPHD1.PhyHealth,,q,virtualCLSmini_CLS/Platform_LPHD1.PhyHealth.q,0a3b2574-af7f-47e0-9621-b969fe541449
62,10,792fd162-b64c-4d16-ad64-7301639f911e,PhyHealth,virtualCLSmini_CLS/Platform_LPHD1.PhyHealth,,t,virtualCLSmini_CLS/Platform_LPHD1.PhyHealth.t,b67068c9-3818-4556-988f-c87456b562a0
63,10,792fd162-b64c-4d16-ad64-7301639f911e,PhyHealth,virtualCLSmini_CLS/Platform_LPHD1.PhyHealth,,d,virtualCLSmini_CLS/Platform_LPHD1.PhyHealth.d,b423c5b8-fe46-4905-a9eb-8d5ee75058f1
64,11,1161d624-8c8a-4a06-a544-f873952477f4,Proxy,virtualCLSmini_CLS/Platform_LPHD1.Proxy,,stVal,virtualCLSmini_CLS/Platform_LPHD1.Proxy.stVal,95010332-26e3-46e0-8e85-49308f4c2224
65,11,1161d624-8c8a-4a06-a544-f873952477f4,Proxy,virtualCLSmini_CLS/Platform_LPHD1.Proxy,,q,virtualCLSmini_CLS/Platform_LPHD1.Proxy.q,3c65d8c8-a63c-4637-bdac-402a456d5eae
66,11,1161d624-8c8a-4a06-a544-f873952477f4,Proxy,virtualCLSmini_CLS/Platform_LPHD1.Proxy,,t,virtualCLSmini_CLS/Platform_LPHD1.Proxy.t,01ac28cb-c17f-4866-ab0e-933cdbbe5389
67,11,1161d624-8c8a-4a06-a544-f873952477f4,Proxy,virtualCLSmini_CLS/Platform_LPHD1.Proxy,,d,virtualCLSmini_CLS/Platform_LPHD1.Proxy.d,c0cfdd68-b72a-4be5-9361-90a7aea9358d
68,12,6e114b4a-4ceb-4b16-9b2d-18f18054a71e,NamPlt,virtualCLSmini_CLS/Hardware_LPHD1.NamPlt,,vendor,virtualCLSmini_CLS/Hardware_LPHD1.NamPlt.vendor,89eb90ed-145c-4e45-8ad0-9df1b02584a7
69,12,6e114b4a-4ceb-4b16-9b2d-18f18054a71e,NamPlt,virtualCLSmini_CLS/Hardware_LPHD1.NamPlt,,swRev,virtualCLSmini_CLS/Hardware_LPHD1.NamPlt.swRev,6958b6bf-9843-4fb7-9b58-44676704f664
70,12,6e114b4a-4ceb-4b16-9b2d-18f18054a71e,NamPlt,virtualCLSmini_CLS/Hardware_LPHD1.NamPlt,,configRev,virtualCLSmini_CLS/Hardware_LPHD1.NamPlt.configRev,b4e3f27c-f181-4f1e-ab2b-7f9244a86fb3
71,12,6e114b4a-4ceb-4b16-9b2d-18f18054a71e,NamPlt,virtualCLSmini_CLS/Hardware_LPHD1.NamPlt,,d,virtualCLSmini_CLS/Hardware_LPHD1.NamPlt.d,2614d886-6d42-49d2-942e-a64ac798ab58
72,13,4c621cfa-6d4e-434f-b97d-a62a4b789042,PhyNam,virtualCLSmini_CLS/Hardware_LPHD1.PhyNam,,vendor,virtualCLSmini_CLS/Hardware_LPHD1.PhyNam.vendor,a9c31141-bf7a-4467-bd01-78ce512d56ba
73,13,4c621cfa-6d4e-434f-b97d-a62a4b789042,PhyNam,virtualCLSmini_CLS/Hardware_LPHD1.PhyNam,,hwRev,virtualCLSmini_CLS/Hardware_LPHD1.PhyNam.hwRev,59149997-6db3-4d67-a607-e44d1230cbf3
74,13,4c621cfa-6d4e-434f-b97d-a62a4b789042,PhyNam,virtualCLSmini_CLS/Hardware_LPHD1.PhyNam,,swRev,virtualCLSmini_CLS/Hardware_LPHD1.PhyNam.swRev,4d1f5300-1ada-4a93-9f83-864d09f3d4fd
75,13,4c621cfa-6d4e-434f-b97d-a62a4b789042,PhyNam,virtualCLSmini_CLS/Hardware_LPHD1.PhyNam,,serNum,virtualCLSmini_CLS/Hardware_LPHD1.PhyNam.serNum,14f7e238-27c6-4359-a384-53978b36f4c5
76,13,4c621cfa-6d4e-434f-b97d-a62a4b789042,PhyNam,virtualCLSmini_CLS/Hardware_LPHD1.PhyNam,,model,virtualCLSmini_CLS/Hardware_LPHD1.PhyNam.model,cdd350a2-becc-4bb8-8a84-6ca094d8918b
77,13,4c621cfa-6d4e-434f-b97d-a62a4b789042,PhyNam,virtualCLSmini_CLS/Hardware_LPHD1.PhyNam,,location,virtualCLSmini_CLS/Hardware_LPHD1.PhyNam.location,99e4cfe7-dd97-400b-9674-9f8fa2e3ea4f
78,13,4c621cfa-6d4e-434f-b97d-a62a4b789042,PhyNam,virtualCLSmini_CLS/Hardware_LPHD1.PhyNam,,nameDA,virtualCLSmini_CLS/Hardware_LPHD1.PhyNam.nameDA,e189174b-09f7-4693-b9b8-69cf85b276a8
79,13,4c621cfa-6d4e-434f-b97d-a62a4b789042,PhyNam,virtualCLSmini_CLS/Hardware_LPHD1.PhyNam,,owner,virtualCLSmini_CLS/Hardware_LPHD1.PhyNam.owner,c0ba75b7-9467-438b-af8d-d0ab95e17dae
80,13,4c621cfa-6d4e-434f-b97d-a62a4b789042,PhyNam,virtualCLSmini_CLS/Hardware_LPHD1.PhyNam,,ePSName,virtualCLSmini_CLS/Hardware_LPHD1.PhyNam.ePSName,9648a7df-2fc3-44d5-be78-4bf91d2cb17b
81,13,4c621cfa-6d4e-434f-b97d-a62a4b789042,PhyNam,virtualCLSmini_CLS/Hardware_LPHD1.PhyNam,,primeOper,virtualCLSmini_CLS/Hardware_LPHD1.PhyNam.primeOper,b4b71d3e-3ace-43f4-9d41-d1442c98552a
82,13,4c621cfa-6d4e-434f-b97d-a62a4b789042,PhyNam,virtualCLSmini_CLS/Hardware_LPHD1.PhyNam,,secondOper,virtualCLSmini_CLS/Hardware_LPHD1.PhyNam.secondOper,9a3fb7a4-41b6-4709-998d-52ed096b5fca
83,13,4c621cfa-6d4e-434f-b97d-a62a4b789042,PhyNam,virtualCLSmini_CLS/Hardware_LPHD1.PhyNam,,latitude,virtualCLSmini_CLS/Hardware_LPHD1.PhyNam.latitude,21d236f2-1c68-4efb-92f9-15c69d706ba5
84,13,4c621cfa-6d4e-434f-b97d-a62a4b789042,PhyNam,virtualCLSmini_CLS/Hardware_LPHD1.PhyNam,,longitude,virtualCLSmini_CLS/Hardware_LPHD1.PhyNam.longitude,49656075-dfe1-42c6-b13b-d7f74eb80758
85,13,4c621cfa-6d4e-434f-b97d-a62a4b789042,PhyNam,virtualCLSmini_CLS/Hardware_LPHD1.PhyNam,,altitude,virtualCLSmini_CLS/Hardware_LPHD1.PhyNam.altitude,c8e6c67b-ce25-41ab-a5a8-cec070b7f5d3
86,13,4c621cfa-6d4e-434f-b97d-a62a4b789042,PhyNam,virtualCLSmini_CLS/Hardware_LPHD1.PhyNam,,mRID,virtualCLSmini_CLS/Hardware_LPHD1.PhyNam.mRID,edbb30d0-6041-48cc-a0ca-f34225c11ffe
87,13,4c621cfa-6d4e-434f-b97d-a62a4b789042,PhyNam,virtualCLSmini_CLS/Hardware_LPHD1.PhyNam,,d,virtualCLSmini_CLS/Hardware_LPHD1.PhyNam.d,2c96b4f5-457e-4bbb-a859-e35cfbc39531
88,14,ae1c9927-c7cc-4fbd-a7f2-3279087952eb,PhyHealth,virtualCLSmini_CLS/Hardware_LPHD1.PhyHealth,,stVal,virtualCLSmini_CLS/Hardware_LPHD1.PhyHealth.stVal,2d4f4ccd-e382-47c9-aea6-fd1d923908ce
89,14,ae1c9927-c7cc-4fbd-a7f2-3279087952eb,PhyHealth,virtualCLSmini_CLS/Hardware_LPHD1.PhyHealth,,q,virtualCLSmini_CLS/Hardware_LPHD1.PhyHealth.q,c2cdb26b-2bb7-4c01-a026-e75833d4de72
90,14,ae1c9927-c7cc-4fbd-a7f2-3279087952eb,PhyHealth,virtualCLSmini_CLS/Hardware_LPHD1.PhyHealth,,t,virtualCLSmini_CLS/Hardware_LPHD1.PhyHealth.t,eb7b53a6-eb9f-4a44-bbed-7d816da25d3b
91,14,ae1c9927-c7cc-4fbd-a7f2-3279087952eb,PhyHealth,virtualCLSmini_CLS/Hardware_LPHD1.PhyHealth,,d,virtualCLSmini_CLS/Hardware_LPHD1.PhyHealth.d,62f21d6c-8a62-4ea5-9bf1-afaf1ffb461a
92,15,199f7b7c-df72-48db-99a0-2e1bd283024b,Proxy,virtualCLSmini_CLS/Hardware_LPHD1.Proxy,,stVal,virtualCLSmini_CLS/Hardware_LPHD1.Proxy.stVal,dc23b80a-216d-462f-9234-44bd23d65a0a
93,15,199f7b7c-df72-48db-99a0-2e1bd283024b,Proxy,virtualCLSmini_CLS/Hardware_LPHD1.Proxy,,q,virtualCLSmini_CLS/Hardware_LPHD1.Proxy.q,23e765f3-857b-42d3-9ccc-bd85e318a7b2
94,15,199f7b7c-df72-48db-99a0-2e1bd283024b,Proxy,virtualCLSmini_CLS/Hardware_LPHD1.Proxy,,t,virtualCLSmini_CLS/Hardware_LPHD1.Proxy.t,641c3149-c3dd-4425-8e08-cf4a2f90b28e
95,15,199f7b7c-df72-48db-99a0-2e1bd283024b,Proxy,virtualCLSmini_CLS/Hardware_LPHD1.Proxy,,d,virtualCLSmini_CLS/Hardware_LPHD1.Proxy.d,d5dba4d6-b1fd-4290-91c5-8bbfbf91c0cf
96,16,c01143b3-1691-465c-9035-fbb4489bce76,NamPlt,virtualCLSmini_PCC/LLN0.NamPlt,,vendor,virtualCLSmini_PCC/LLN0.NamPlt.vendor,d53abb0d-f041-490a-82b6-86f81a2defa1
97,16,c01143b3-1691-465c-9035-fbb4489bce76,NamPlt,virtualCLSmini_PCC/LLN0.NamPlt,,swRev,virtualCLSmini_PCC/LLN0.NamPlt.swRev,a9d977eb-560b-4d37-933b-a4e767568709
98,16,c01143b3-1691-465c-9035-fbb4489bce76,NamPlt,virtualCLSmini_PCC/LLN0.NamPlt,,configRev,virtualCLSmini_PCC/LLN0.NamPlt.configRev,b4793882-a295-47bf-b5b1-197e20309bbd
99,16,c01143b3-1691-465c-9035-fbb4489bce76,NamPlt,virtualCLSmini_PCC/LLN0.NamPlt,,d,virtualCLSmini_PCC/LLN0.NamPlt.d,e8ee0d55-ecb4-4bfa-9ee0-bfdfd4a3cc35
100,17,be55af04-fcaa-4e0d-ab85-9ae97582458e,Beh,virtualCLSmini_PCC/LLN0.Beh,,stVal,virtualCLSmini_PCC/LLN0.Beh.stVal,ccbba67d-937d-413d-b9d8-6174a46b3c9a
101,17,be55af04-fcaa-4e0d-ab85-9ae97582458e,Beh,virtualCLSmini_PCC/LLN0.Beh,,q,virtualCLSmini_PCC/LLN0.Beh.q,9b64eac1-d967-4be5-bd4c-6c955086cbb4
102,17,be55af04-fcaa-4e0d-ab85-9ae97582458e,Beh,virtualCLSmini_PCC/LLN0.Beh,,t,virtualCLSmini_PCC/LLN0.Beh.t,b38864ac-bd4f-43bf-8bef-5c9d19a9dcc1
103,17,be55af04-fcaa-4e0d-ab85-9ae97582458e,Beh,virtualCLSmini_PCC/LLN0.Beh,,d,virtualCLSmini_PCC/LLN0.Beh.d,92b10970-b1e2-4485-999b-0e1618a79f21
104,18,a24370df-48a1-4258-9870-f5880d3ff5b8,Health,virtualCLSmini_PCC/LLN0.Health,,stVal,virtualCLSmini_PCC/LLN0.Health.stVal,b3b81d7c-49e8-49af-b768-509e16f42a10
105,18,a24370df-48a1-4258-9870-f5880d3ff5b8,Health,virtualCLSmini_PCC/LLN0.Health,,q,virtualCLSmini_PCC/LLN0.Health.q,6d5580f6-6c87-4d6c-8ab7-932d66bfe951
106,18,a24370df-48a1-4258-9870-f5880d3ff5b8,Health,virtualCLSmini_PCC/LLN0.Health,,t,virtualCLSmini_PCC/LLN0.Health.t,80986293-7296-4d4c-8650-2802190a300d
107,18,a24370df-48a1-4258-9870-f5880d3ff5b8,Health,virtualCLSmini_PCC/LLN0.Health,,d,virtualCLSmini_PCC/LLN0.Health.d,37c9cf49-4301-4f42-b4ff-705aedc52864
108,19,086d4f3b-d25d-4eba-b9fe-9ef1a028d275,LocKey,virtualCLSmini_PCC/LLN0.LocKey,,stVal,virtualCLSmini_PCC/LLN0.LocKey.stVal,9102685d-e830-4c3d-b5fa-2f6351037a8c
109,19,086d4f3b-d25d-4eba-b9fe-9ef1a028d275,LocKey,virtualCLSmini_PCC/LLN0.LocKey,,q,virtualCLSmini_PCC/LLN0.LocKey.q,f819ac3c-a984-45f8-9675-468e677b9dba
110,19,086d4f3b-d25d-4eba-b9fe-9ef1a028d275,LocKey,virtualCLSmini_PCC/LLN0.LocKey,,t,virtualCLSmini_PCC/LLN0.LocKey.t,498b6e1e-54a6-408b-b582-3bfb29cec61d
111,19,086d4f3b-d25d-4eba-b9fe-9ef1a028d275,LocKey,virtualCLSmini_PCC/LLN0.LocKey,,d,virtualCLSmini_PCC/LLN0.LocKey.d,c37750c1-655a-4e86-89b7-f549616e8a31
112,20,1768a83f-f40a-4e37-9ff0-047bef4e8105,Loc,virtualCLSmini_PCC/LLN0.Loc,,stVal,virtualCLSmini_PCC/LLN0.Loc.stVal,5ed5a957-1cc4-495c-bdd5-0d191183ebd4
113,20,1768a83f-f40a-4e37-9ff0-047bef4e8105,Loc,virtualCLSmini_PCC/LLN0.Loc,,q,virtualCLSmini_PCC/LLN0.Loc.q,dfa680e3-6581-401b-b334-358d499cd5fb
114,20,1768a83f-f40a-4e37-9ff0-047bef4e8105,Loc,virtualCLSmini_PCC/LLN0.Loc,,t,virtualCLSmini_PCC/LLN0.Loc.t,5bed000c-0957-413a-b350-f5a41d4d6738
115,20,1768a83f-f40a-4e37-9ff0-047bef4e8105,Loc,virtualCLSmini_PCC/LLN0.Loc,,d,virtualCLSmini_PCC/LLN0.Loc.d,3a46d6fb-272f-471a-937e-e4448de5d589
116,21,ba14a1bf-14f8-4925-8a12-45658f46939f,Mod,virtualCLSmini_PCC/LLN0.Mod,,origin.orCat,virtualCLSmini_PCC/LLN0.Mod.origin.orCat,3e885541-e6b1-4a04-9c63-01ccfbad6035
117,21,ba14a1bf-14f8-4925-8a12-45658f46939f,Mod,virtualCLSmini_PCC/LLN0.Mod,,origin.orIdent,virtualCLSmini_PCC/LLN0.Mod.origin.orIdent,26b24f1d-0b96-4f51-af07-cf2df50e762b
118,21,ba14a1bf-14f8-4925-8a12-45658f46939f,Mod,virtualCLSmini_PCC/LLN0.Mod,,ctlNum,virtualCLSmini_PCC/LLN0.Mod.ctlNum,66195858-ccfd-40a5-9f40-ad4c0ad6accd
119,21,ba14a1bf-14f8-4925-8a12-45658f46939f,Mod,virtualCLSmini_PCC/LLN0.Mod,,stVal,virtualCLSmini_PCC/LLN0.Mod.stVal,27fea011-bae1-4f47-9c15-ee62e614024a
120,21,ba14a1bf-14f8-4925-8a12-45658f46939f,Mod,virtualCLSmini_PCC/LLN0.Mod,,q,virtualCLSmini_PCC/LLN0.Mod.q,05a67dc3-1d4f-44b1-a522-44a49f8795b3
121,21,ba14a1bf-14f8-4925-8a12-45658f46939f,Mod,virtualCLSmini_PCC/LLN0.Mod,,t,virtualCLSmini_PCC/LLN0.Mod.t,492ac00e-ac9e-468b-a8cd-7ed273752dc0
122,21,ba14a1bf-14f8-4925-8a12-45658f46939f,Mod,virtualCLSmini_PCC/LLN0.Mod,,ctlModel,virtualCLSmini_PCC/LLN0.Mod.ctlModel,da942c9a-278d-4e44-bd09-7148afede171
123,21,ba14a1bf-14f8-4925-8a12-45658f46939f,Mod,virtualCLSmini_PCC/LLN0.Mod,,ctlVal,virtualCLSmini_PCC/LLN0.Mod.ctlVal,1206e705-2e5e-46fb-9b1f-06d83d6d2bc8
124,21,ba14a1bf-14f8-4925-8a12-45658f46939f,Mod,virtualCLSmini_PCC/LLN0.Mod,,d,virtualCLSmini_PCC/LLN0.Mod.d,480d7d10-8e31-4a3a-8a59-ebf25f9181b4
125,22,c56459c2-20c4-4684-89c5-48cbb3fa07a0,LocSta,virtualCLSmini_PCC/LLN0.LocSta,,origin.orCat,virtualCLSmini_PCC/LLN0.LocSta.origin.orCat,3ba3d64a-2523-422c-842f-e707516234b8
126,22,c56459c2-20c4-4684-89c5-48cbb3fa07a0,LocSta,virtualCLSmini_PCC/LLN0.LocSta,,origin.orIdent,virtualCLSmini_PCC/LLN0.LocSta.origin.orIdent,3ec860f8-c095-4ca6-9030-53256887be45
127,22,c56459c2-20c4-4684-89c5-48cbb3fa07a0,LocSta,virtualCLSmini_PCC/LLN0.LocSta,,ctlNum,virtualCLSmini_PCC/LLN0.LocSta.ctlNum,286abf56-002a-40d6-936e-aef89086c88a
128,22,c56459c2-20c4-4684-89c5-48cbb3fa07a0,LocSta,virtualCLSmini_PCC/LLN0.LocSta,,stVal,virtualCLSmini_PCC/LLN0.LocSta.stVal,82beb1c4-f2d9-4e4e-b04e-9d73a5f749e9
129,22,c56459c2-20c4-4684-89c5-48cbb3fa07a0,LocSta,virtualCLSmini_PCC/LLN0.LocSta,,q,virtualCLSmini_PCC/LLN0.LocSta.q,7d36f3da-71ed-48b1-8380-a7fed14054ba
130,22,c56459c2-20c4-4684-89c5-48cbb3fa07a0,LocSta,virtualCLSmini_PCC/LLN0.LocSta,,t,virtualCLSmini_PCC/LLN0.LocSta.t,9c17c4b4-5194-43d0-ad3d-ea98e675cdb6
131,22,c56459c2-20c4-4684-89c5-48cbb3fa07a0,LocSta,virtualCLSmini_PCC/LLN0.LocSta,,ctlModel,virtualCLSmini_PCC/LLN0.LocSta.ctlModel,b99ca41b-2f0c-4faf-90dd-12b4f06e9ff2
132,22,c56459c2-20c4-4684-89c5-48cbb3fa07a0,LocSta,virtualCLSmini_PCC/LLN0.LocSta,,ctlVal,virtualCLSmini_PCC/LLN0.LocSta.ctlVal,6e45a459-5175-41e6-861b-5b59795637c2
133,22,c56459c2-20c4-4684-89c5-48cbb3fa07a0,LocSta,virtualCLSmini_PCC/LLN0.LocSta,,d,virtualCLSmini_PCC/LLN0.LocSta.d,cc1f5e21-bd52-43e5-81a0-03b3e987cd77
134,23,7b318317-45ef-421b-bb68-e5481c3b8691,MltLev,virtualCLSmini_PCC/LLN0.MltLev,,setVal,virtualCLSmini_PCC/LLN0.MltLev.setVal,592f301a-0ff9-49d5-9ed5-4d58512f878b
135,23,7b318317-45ef-421b-bb68-e5481c3b8691,MltLev,virtualCLSmini_PCC/LLN0.MltLev,,d,virtualCLSmini_PCC/LLN0.MltLev.d,c7586f02-de76-47ce-8821-8942dffd9fa2
136,24,5b254915-a455-4b82-8e9d-e3993525e0b8,NamPlt,virtualCLSmini_PCC/DPCC1.NamPlt,,vendor,virtualCLSmini_PCC/DPCC1.NamPlt.vendor,ffd4af50-f035-4a4f-9bee-938096fa3a52
137,24,5b254915-a455-4b82-8e9d-e3993525e0b8,NamPlt,virtualCLSmini_PCC/DPCC1.NamPlt,,swRev,virtualCLSmini_PCC/DPCC1.NamPlt.swRev,373f3768-14f3-4dd5-bf6f-df243893e645
138,24,5b254915-a455-4b82-8e9d-e3993525e0b8,NamPlt,virtualCLSmini_PCC/DPCC1.NamPlt,,configRev,virtualCLSmini_PCC/DPCC1.NamPlt.configRev,72b0f9b5-81d5-4627-9900-07da2212cd74
139,24,5b254915-a455-4b82-8e9d-e3993525e0b8,NamPlt,virtualCLSmini_PCC/DPCC1.NamPlt,,d,virtualCLSmini_PCC/DPCC1.NamPlt.d,f373f5a9-0f4d-4c9d-aab6-e955460347d9
140,25,528a5fb0-d747-4153-9f38-13e9556bcc57,Beh,virtualCLSmini_PCC/DPCC1.Beh,,stVal,virtualCLSmini_PCC/DPCC1.Beh.stVal,664dc630-d155-4f59-a461-03f5579203bb
141,25,528a5fb0-d747-4153-9f38-13e9556bcc57,Beh,virtualCLSmini_PCC/DPCC1.Beh,,q,virtualCLSmini_PCC/DPCC1.Beh.q,fd521ded-e6c3-4797-a7fd-a6fe7890379d
142,25,528a5fb0-d747-4153-9f38-13e9556bcc57,Beh,virtualCLSmini_PCC/DPCC1.Beh,,t,virtualCLSmini_PCC/DPCC1.Beh.t,c02d768b-afb7-41de-a5ca-cc372cd42ce3
143,25,528a5fb0-d747-4153-9f38-13e9556bcc57,Beh,virtualCLSmini_PCC/DPCC1.Beh,,d,virtualCLSmini_PCC/DPCC1.Beh.d,4a57409f-506b-4bf2-b6db-36a20d1d4f1b
144,26,8cb57c5b-01eb-4e6d-8d03-8b08c96c46ea,Health,virtualCLSmini_PCC/DPCC1.Health,,stVal,virtualCLSmini_PCC/DPCC1.Health.stVal,d3fbae97-1d05-4e46-81ad-70453d1bad72
145,26,8cb57c5b-01eb-4e6d-8d03-8b08c96c46ea,Health,virtualCLSmini_PCC/DPCC1.Health,,q,virtualCLSmini_PCC/DPCC1.Health.q,06b8b726-e84e-4f78-a4c2-51203e30ff51
146,26,8cb57c5b-01eb-4e6d-8d03-8b08c96c46ea,Health,virtualCLSmini_PCC/DPCC1.Health,,t,virtualCLSmini_PCC/DPCC1.Health.t,6a402f58-e0db-4d67-93d0-df225589d7d4
147,26,8cb57c5b-01eb-4e6d-8d03-8b08c96c46ea,Health,virtualCLSmini_PCC/DPCC1.Health,,d,virtualCLSmini_PCC/DPCC1.Health.d,6563d36b-3caf-4e0b-b025-4529b01861de
148,27,86c02a75-9f28-4bc6-9a73-403d1208a75e,Mod,virtualCLSmini_PCC/DPCC1.Mod,,origin.orCat,virtualCLSmini_PCC/DPCC1.Mod.origin.orCat,62ab4510-1664-44c2-a38e-fa82b1dcd1af
149,27,86c02a75-9f28-4bc6-9a73-403d1208a75e,Mod,virtualCLSmini_PCC/DPCC1.Mod,,origin.orIdent,virtualCLSmini_PCC/DPCC1.Mod.origin.orIdent,534df5b0-7a59-4edc-a72a-7ca079a9c92d
150,27,86c02a75-9f28-4bc6-9a73-403d1208a75e,Mod,virtualCLSmini_PCC/DPCC1.Mod,,ctlNum,virtualCLSmini_PCC/DPCC1.Mod.ctlNum,1c662909-ec36-4915-b076-25dfa8935469
151,27,86c02a75-9f28-4bc6-9a73-403d1208a75e,Mod,virtualCLSmini_PCC/DPCC1.Mod,,stVal,virtualCLSmini_PCC/DPCC1.Mod.stVal,c7578c24-ce82-4eda-b5f3-f8cc4367d5e0
152,27,86c02a75-9f28-4bc6-9a73-403d1208a75e,Mod,virtualCLSmini_PCC/DPCC1.Mod,,q,virtualCLSmini_PCC/DPCC1.Mod.q,5614f6e3-cd1d-49bc-a02c-043d5a570c33
153,27,86c02a75-9f28-4bc6-9a73-403d1208a75e,Mod,virtualCLSmini_PCC/DPCC1.Mod,,t,virtualCLSmini_PCC/DPCC1.Mod.t,b7542c29-2885-40fb-8249-a9a72120301c
154,27,86c02a75-9f28-4bc6-9a73-403d1208a75e,Mod,virtualCLSmini_PCC/DPCC1.Mod,,ctlModel,virtualCLSmini_PCC/DPCC1.Mod.ctlModel,43f5e9b8-c8b1-4063-9e0a-29626a8f65a6
155,27,86c02a75-9f28-4bc6-9a73-403d1208a75e,Mod,virtualCLSmini_PCC/DPCC1.Mod,,ctlVal,virtualCLSmini_PCC/DPCC1.Mod.ctlVal,22c4cbbc-146e-4910-9a96-034030c9f462
156,27,86c02a75-9f28-4bc6-9a73-403d1208a75e,Mod,virtualCLSmini_PCC/DPCC1.Mod,,d,virtualCLSmini_PCC/DPCC1.Mod.d,68f648e8-185d-4b0d-a454-c1dad33fe5d9
157,28,0954e46c-d89c-4818-9b35-3851c35006ff,AreaEpsEcpId,virtualCLSmini_PCC/DPCC1.AreaEpsEcpId,,setVal,virtualCLSmini_PCC/DPCC1.AreaEpsEcpId.setVal,c4583b5f-f08c-4e78-9484-7383be08a613
158,28,0954e46c-d89c-4818-9b35-3851c35006ff,AreaEpsEcpId,virtualCLSmini_PCC/DPCC1.AreaEpsEcpId,,d,virtualCLSmini_PCC/DPCC1.AreaEpsEcpId.d,16ec1991-bfe0-498c-a594-20985886242d
159,29,c7442375-a638-48eb-8ae5-8f02f1d2a164,AreaEpsWMax,virtualCLSmini_PCC/DPCC1.AreaEpsWMax,,setMag.f,virtualCLSmini_PCC/DPCC1.AreaEpsWMax.setMag.f,4c8581f0-74e8-4411-b77a-d54cc1807fcc
160,29,c7442375-a638-48eb-8ae5-8f02f1d2a164,AreaEpsWMax,virtualCLSmini_PCC/DPCC1.AreaEpsWMax,,units.SIUnit,virtualCLSmini_PCC/DPCC1.AreaEpsWMax.units.SIUnit,8d8024e9-7592-4501-a329-ceb74f297658
161,29,c7442375-a638-48eb-8ae5-8f02f1d2a164,AreaEpsWMax,virtualCLSmini_PCC/DPCC1.AreaEpsWMax,,d,virtualCLSmini_PCC/DPCC1.AreaEpsWMax.d,9f879412-eca2-4b15-9bc1-3987ad1488e4
162,30,d4b8a3e7-c98a-459b-8249-2710283841d2,PhsConnTyp,virtualCLSmini_PCC/DPCC1.PhsConnTyp,,stVal,virtualCLSmini_PCC/DPCC1.PhsConnTyp.stVal,f7b78872-4f18-4e77-a780-2c24ef19f17e
163,30,d4b8a3e7-c98a-459b-8249-2710283841d2,PhsConnTyp,virtualCLSmini_PCC/DPCC1.PhsConnTyp,,q,virtualCLSmini_PCC/DPCC1.PhsConnTyp.q,da40d58c-8282-4d2f-b0da-23b5482a37f1
164,30,d4b8a3e7-c98a-459b-8249-2710283841d2,PhsConnTyp,virtualCLSmini_PCC/DPCC1.PhsConnTyp,,t,virtualCLSmini_PCC/DPCC1.PhsConnTyp.t,93cc6687-8789-47d4-8de8-a912deed9074
165,30,d4b8a3e7-c98a-459b-8249-2710283841d2,PhsConnTyp,virtualCLSmini_PCC/DPCC1.PhsConnTyp,,d,virtualCLSmini_PCC/DPCC1.PhsConnTyp.d,c8362647-cb34-40d6-8fb8-88f3fddec21e
166,31,75aae06e-77ff-4805-9e01-66f13fe849ce,VRef,virtualCLSmini_PCC/DPCC1.VRef,,setMag.f,virtualCLSmini_PCC/DPCC1.VRef.setMag.f,4fbdfc56-ff35-4183-b72b-c360d2602e59
167,31,75aae06e-77ff-4805-9e01-66f13fe849ce,VRef,virtualCLSmini_PCC/DPCC1.VRef,,units.SIUnit,virtualCLSmini_PCC/DPCC1.VRef.units.SIUnit,663a2b11-ffab-468b-8897-678346db2e0d
168,31,75aae06e-77ff-4805-9e01-66f13fe849ce,VRef,virtualCLSmini_PCC/DPCC1.VRef,,d,virtualCLSmini_PCC/DPCC1.VRef.d,0d61345e-ac59-4614-99f4-15ebb6f2e4c2
169,32,3a1b9fcd-4b53-43a5-a7db-0b9285e2caf5,VRefPct,virtualCLSmini_PCC/DPCC1.VRefPct,,setMag.f,virtualCLSmini_PCC/DPCC1.VRefPct.setMag.f,0e6577bc-82d0-43bb-a10b-254c2e871eef
170,32,3a1b9fcd-4b53-43a5-a7db-0b9285e2caf5,VRefPct,virtualCLSmini_PCC/DPCC1.VRefPct,,units.SIUnit,virtualCLSmini_PCC/DPCC1.VRefPct.units.SIUnit,2dd4e713-70cf-415f-997c-0928cd1a7b1a
171,32,3a1b9fcd-4b53-43a5-a7db-0b9285e2caf5,VRefPct,virtualCLSmini_PCC/DPCC1.VRefPct,,d,virtualCLSmini_PCC/DPCC1.VRefPct.d,d2933ffa-adef-43d0-b55c-227e7db308a0
172,33,f86cae84-3079-403a-b271-877a648aeabc,WRtg,virtualCLSmini_PCC/DPCC1.WRtg,,setMag.f,virtualCLSmini_PCC/DPCC1.WRtg.setMag.f,e642cf54-dc85-45d8-885c-57898417fc9a
173,33,f86cae84-3079-403a-b271-877a648aeabc,WRtg,virtualCLSmini_PCC/DPCC1.WRtg,,units.SIUnit,virtualCLSmini_PCC/DPCC1.WRtg.units.SIUnit,06edcb57-b407-4d75-a167-34f99d704824
174,33,f86cae84-3079-403a-b271-877a648aeabc,WRtg,virtualCLSmini_PCC/DPCC1.WRtg,,d,virtualCLSmini_PCC/DPCC1.WRtg.d,9c966922-cfb3-4a49-899a-7b99c1d39a5f
175,34,20f6a63b-b435-48ac-a323-6dcbf8b93b67,VArRtg,virtualCLSmini_PCC/DPCC1.VArRtg,,setMag.f,virtualCLSmini_PCC/DPCC1.VArRtg.setMag.f,721e4dd4-2c34-4fbf-98dc-aff6c79cbdb4
176,34,20f6a63b-b435-48ac-a323-6dcbf8b93b67,VArRtg,virtualCLSmini_PCC/DPCC1.VArRtg,,units.SIUnit,virtualCLSmini_PCC/DPCC1.VArRtg.units.SIUnit,80e90cc3-9c8f-4ec3-b5b7-ba47a676dc95
177,34,20f6a63b-b435-48ac-a323-6dcbf8b93b67,VArRtg,virtualCLSmini_PCC/DPCC1.VArRtg,,d,virtualCLSmini_PCC/DPCC1.VArRtg.d,2e59f36c-777d-4e07-ab46-3a3212029d17
178,35,c9ce20b0-2ae9-442e-bca9-d53db946706b,VARtg,virtualCLSmini_PCC/DPCC1.VARtg,,setMag.f,virtualCLSmini_PCC/DPCC1.VARtg.setMag.f,14f061d5-b416-424f-9ed2-5464064ddd19
179,35,c9ce20b0-2ae9-442e-bca9-d53db946706b,VARtg,virtualCLSmini_PCC/DPCC1.VARtg,,units.SIUnit,virtualCLSmini_PCC/DPCC1.VARtg.units.SIUnit,86ba1686-051f-43e1-80e5-47eedcb93ab2
180,35,c9ce20b0-2ae9-442e-bca9-d53db946706b,VARtg,virtualCLSmini_PCC/DPCC1.VARtg,,d,virtualCLSmini_PCC/DPCC1.VARtg.d,6b9f31ba-f18c-412f-8733-4d777f92c5a8
181,36,821a7590-e9db-44e8-8bdf-0b1467898878,VRtg,virtualCLSmini_PCC/DPCC1.VRtg,,setMag.f,virtualCLSmini_PCC/DPCC1.VRtg.setMag.f,346179a3-7b02-4b2e-ae9a-b08f72ed3506
182,36,821a7590-e9db-44e8-8bdf-0b1467898878,VRtg,virtualCLSmini_PCC/DPCC1.VRtg,,units.SIUnit,virtualCLSmini_PCC/DPCC1.VRtg.units.SIUnit,b55afb98-7971-47a5-800e-5cb694bfc1b4
183,36,821a7590-e9db-44e8-8bdf-0b1467898878,VRtg,virtualCLSmini_PCC/DPCC1.VRtg,,d,virtualCLSmini_PCC/DPCC1.VRtg.d,bbd2a126-2f4d-456a-bd21-9d7043f52e3d
184,37,cba02999-7ef7-4fd2-b1c3-9d0141c9f208,HzNom,virtualCLSmini_PCC/DPCC1.HzNom,,setMag.f,virtualCLSmini_PCC/DPCC1.HzNom.setMag.f,6d3a3a6f-fc9f-4300-b1da-d5b9634bf169
185,37,cba02999-7ef7-4fd2-b1c3-9d0141c9f208,HzNom,virtualCLSmini_PCC/DPCC1.HzNom,,units.SIUnit,virtualCLSmini_PCC/DPCC1.HzNom.units.SIUnit,a2bbcc94-a03d-46e4-9ba7-8da6995504ae
186,37,cba02999-7ef7-4fd2-b1c3-9d0141c9f208,HzNom,virtualCLSmini_PCC/DPCC1.HzNom,,d,virtualCLSmini_PCC/DPCC1.HzNom.d,e1444b0a-1753-4d34-a4f7-26e12347e863
187,38,0e16267b-7060-4df6-bc50-c5b97cca5900,VMax,virtualCLSmini_PCC/DPCC1.VMax,,setMag.f,virtualCLSmini_PCC/DPCC1.VMax.setMag.f,7b8ac6fe-0087-4a7c-8546-f98c5539c1aa
188,38,0e16267b-7060-4df6-bc50-c5b97cca5900,VMax,virtualCLSmini_PCC/DPCC1.VMax,,units.SIUnit,virtualCLSmini_PCC/DPCC1.VMax.units.SIUnit,d9e69462-ca97-4fd6-894b-3e0da309a606
189,38,0e16267b-7060-4df6-bc50-c5b97cca5900,VMax,virtualCLSmini_PCC/DPCC1.VMax,,d,virtualCLSmini_PCC/DPCC1.VMax.d,99aeace8-e27a-4839-8410-15048faf30c4
190,39,de32859d-6ebb-4cef-9734-ebb124597b5b,VMin,virtualCLSmini_PCC/DPCC1.VMin,,setMag.f,virtualCLSmini_PCC/DPCC1.VMin.setMag.f,fca3146d-cb65-4bde-8638-f5a26274caad
191,39,de32859d-6ebb-4cef-9734-ebb124597b5b,VMin,virtualCLSmini_PCC/DPCC1.VMin,,units.SIUnit,virtualCLSmini_PCC/DPCC1.VMin.units.SIUnit,e6d277fd-b7ef-42c5-ab37-bcf71b5446e1
192,39,de32859d-6ebb-4cef-9734-ebb124597b5b,VMin,virtualCLSmini_PCC/DPCC1.VMin,,d,virtualCLSmini_PCC/DPCC1.VMin.d,af7966dc-11fe-4f72-b9e5-178a24459db5
193,40,249daccd-e9f6-4f32-b1cf-3d5c62ad5c29,ElcRefId,virtualCLSmini_PCC/DPCC1.ElcRefId,,setVal,virtualCLSmini_PCC/DPCC1.ElcRefId.setVal,d7f707b9-c51a-4991-a5db-53245f214c22
194,40,249daccd-e9f6-4f32-b1cf-3d5c62ad5c29,ElcRefId,virtualCLSmini_PCC/DPCC1.ElcRefId,,d,virtualCLSmini_PCC/DPCC1.ElcRefId.d,1dde379a-11e1-4321-a5aa-6f4add0ebfb5
195,41,6d47bdb3-8594-48a0-b687-496d84f04f41,DERMsIncl,virtualCLSmini_PCC/DPCC1.DERMsIncl,,setVal,virtualCLSmini_PCC/DPCC1.DERMsIncl.setVal,a448693d-1c11-43e6-9bc4-e8cc37ba2cce
196,41,6d47bdb3-8594-48a0-b687-496d84f04f41,DERMsIncl,virtualCLSmini_PCC/DPCC1.DERMsIncl,,d,virtualCLSmini_PCC/DPCC1.DERMsIncl.d,a8ef751d-c6df-448a-bfed-759b70e3de78
197,42,a0da9c84-f205-4c9e-b6bc-56ec8b6c6096,NamPlt,virtualCLSmini_PCC/MMXU1.NamPlt,,vendor,virtualCLSmini_PCC/MMXU1.NamPlt.vendor,4f3594ec-72b5-46c7-b49c-c61eeca66521
198,42,a0da9c84-f205-4c9e-b6bc-56ec8b6c6096,NamPlt,virtualCLSmini_PCC/MMXU1.NamPlt,,swRev,virtualCLSmini_PCC/MMXU1.NamPlt.swRev,0931cff9-b0e3-474f-b23e-8126f88f1a79
199,42,a0da9c84-f205-4c9e-b6bc-56ec8b6c6096,NamPlt,virtualCLSmini_PCC/MMXU1.NamPlt,,configRev,virtualCLSmini_PCC/MMXU1.NamPlt.configRev,e6692d8e-767e-4c81-b38a-38e26ea7950e
200,42,a0da9c84-f205-4c9e-b6bc-56ec8b6c6096,NamPlt,virtualCLSmini_PCC/MMXU1.NamPlt,,d,virtualCLSmini_PCC/MMXU1.NamPlt.d,0d1c082c-f5e3-412a-bea5-33bebe7e4798
201,43,de66c651-9dcd-455b-a4ed-d6b49e6d9a1a,Beh,virtualCLSmini_PCC/MMXU1.Beh,,stVal,virtualCLSmini_PCC/MMXU1.Beh.stVal,60bde361-d7af-4d3d-b2aa-0e660f895a07
202,43,de66c651-9dcd-455b-a4ed-d6b49e6d9a1a,Beh,virtualCLSmini_PCC/MMXU1.Beh,,q,virtualCLSmini_PCC/MMXU1.Beh.q,d245f80a-6616-430f-a66d-821ae61ddf51
203,43,de66c651-9dcd-455b-a4ed-d6b49e6d9a1a,Beh,virtualCLSmini_PCC/MMXU1.Beh,,t,virtualCLSmini_PCC/MMXU1.Beh.t,b4d8977f-a136-435b-9412-4834d96f303e
204,43,de66c651-9dcd-455b-a4ed-d6b49e6d9a1a,Beh,virtualCLSmini_PCC/MMXU1.Beh,,d,virtualCLSmini_PCC/MMXU1.Beh.d,23a54c95-064d-4507-8ab7-a6b4241f2a49
205,44,756ca9bb-350c-4791-9ced-f647990e76ee,Health,virtualCLSmini_PCC/MMXU1.Health,,stVal,virtualCLSmini_PCC/MMXU1.Health.stVal,d0844d76-f8ac-46f9-96dc-1277d4eaf360
206,44,756ca9bb-350c-4791-9ced-f647990e76ee,Health,virtualCLSmini_PCC/MMXU1.Health,,q,virtualCLSmini_PCC/MMXU1.Health.q,c61c4391-5b5d-4541-b901-777e1dad3379
207,44,756ca9bb-350c-4791-9ced-f647990e76ee,Health,virtualCLSmini_PCC/MMXU1.Health,,t,virtualCLSmini_PCC/MMXU1.Health.t,d5f6ef0c-882a-4722-9e0a-6ec0ebc69d65
208,44,756ca9bb-350c-4791-9ced-f647990e76ee,Health,virtualCLSmini_PCC/MMXU1.Health,,d,virtualCLSmini_PCC/MMXU1.Health.d,c22ab5b8-1f89-4bc9-a5c3-ec838e3de0d7
209,45,515dfc02-0fdf-40b3-a7fa-655fceda01c9,PFExtQud,virtualCLSmini_PCC/MMXU1.PFExtQud,,stVal,virtualCLSmini_PCC/MMXU1.PFExtQud.stVal,e10d7385-7973-4fd7-8d47-f57d4fa6b289
210,45,515dfc02-0fdf-40b3-a7fa-655fceda01c9,PFExtQud,virtualCLSmini_PCC/MMXU1.PFExtQud,,q,virtualCLSmini_PCC/MMXU1.PFExtQud.q,55a9c430-9530-4d64-8b7b-eec70df83be6
211,45,515dfc02-0fdf-40b3-a7fa-655fceda01c9,PFExtQud,virtualCLSmini_PCC/MMXU1.PFExtQud,,t,virtualCLSmini_PCC/MMXU1.PFExtQud.t,cb114506-0cba-46a4-8190-2f43786a3d3c
212,45,515dfc02-0fdf-40b3-a7fa-655fceda01c9,PFExtQud,virtualCLSmini_PCC/MMXU1.PFExtQud,,d,virtualCLSmini_PCC/MMXU1.PFExtQud.d,eb1bc981-669c-4169-ba73-f7dc1291fc86
213,46,848d09d3-a35c-4a79-8a37-82cdb5c89734,PQSt,virtualCLSmini_PCC/MMXU1.PQSt,,stVal,virtualCLSmini_PCC/MMXU1.PQSt.stVal,619ecc03-7085-44bf-9eae-897cc6d97231
214,46,848d09d3-a35c-4a79-8a37-82cdb5c89734,PQSt,virtualCLSmini_PCC/MMXU1.PQSt,,q,virtualCLSmini_PCC/MMXU1.PQSt.q,18cafbff-8e15-41fe-9399-d874796b56f4
215,46,848d09d3-a35c-4a79-8a37-82cdb5c89734,PQSt,virtualCLSmini_PCC/MMXU1.PQSt,,t,virtualCLSmini_PCC/MMXU1.PQSt.t,7c042b11-385d-4094-97a6-f73feb544fe4
216,46,848d09d3-a35c-4a79-8a37-82cdb5c89734,PQSt,virtualCLSmini_PCC/MMXU1.PQSt,,d,virtualCLSmini_PCC/MMXU1.PQSt.d,2a9654fb-f49b-4f7f-9634-8b26819ec234
217,47,392641ad-756d-4788-bb4f-3fe3f5c240bc,TotW,virtualCLSmini_PCC/MMXU1.TotW,,mag.f,virtualCLSmini_PCC/MMXU1.TotW.mag.f,b55dbe4d-14d8-42dd-8b60-39517b367e9a
218,47,392641ad-756d-4788-bb4f-3fe3f5c240bc,TotW,virtualCLSmini_PCC/MMXU1.TotW,,q,virtualCLSmini_PCC/MMXU1.TotW.q,2eb30c7b-613b-44e9-a84f-b96932a34f93
219,47,392641ad-756d-4788-bb4f-3fe3f5c240bc,TotW,virtualCLSmini_PCC/MMXU1.TotW,,t,virtualCLSmini_PCC/MMXU1.TotW.t,8b41040d-0549-4b26-b456-ba047294f985
220,47,392641ad-756d-4788-bb4f-3fe3f5c240bc,TotW,virtualCLSmini_PCC/MMXU1.TotW,,units.SIUnit,virtualCLSmini_PCC/MMXU1.TotW.units.SIUnit,53de7f14-bf90-4f78-a0af-a4637d62f948
221,47,392641ad-756d-4788-bb4f-3fe3f5c240bc,TotW,virtualCLSmini_PCC/MMXU1.TotW,,d,virtualCLSmini_PCC/MMXU1.TotW.d,363fe65d-23e0-4587-862c-a5e891e69ec2
222,48,fd5ed728-7a0b-4c0a-9091-e9aa58130295,TotVAr,virtualCLSmini_PCC/MMXU1.TotVAr,,mag.f,virtualCLSmini_PCC/MMXU1.TotVAr.mag.f,9f2e12f8-ab42-4137-8169-36255f1178eb
223,48,fd5ed728-7a0b-4c0a-9091-e9aa58130295,TotVAr,virtualCLSmini_PCC/MMXU1.TotVAr,,q,virtualCLSmini_PCC/MMXU1.TotVAr.q,155dd4c2-ddee-4e6b-8bf5-b5175bc3e712
224,48,fd5ed728-7a0b-4c0a-9091-e9aa58130295,TotVAr,virtualCLSmini_PCC/MMXU1.TotVAr,,t,virtualCLSmini_PCC/MMXU1.TotVAr.t,85885eb8-2565-47b4-be43-4c98d82a1e42
225,48,fd5ed728-7a0b-4c0a-9091-e9aa58130295,TotVAr,virtualCLSmini_PCC/MMXU1.TotVAr,,units.SIUnit,virtualCLSmini_PCC/MMXU1.TotVAr.units.SIUnit,75e9c70f-cdbc-40ba-a3fe-8334024a43d6
226,48,fd5ed728-7a0b-4c0a-9091-e9aa58130295,TotVAr,virtualCLSmini_PCC/MMXU1.TotVAr,,d,virtualCLSmini_PCC/MMXU1.TotVAr.d,90a82b59-b19d-4da1-9a99-f170f3d71c68
227,49,617ce7b6-9768-44b3-a9c7-681437800298,TotVA,virtualCLSmini_PCC/MMXU1.TotVA,,mag.f,virtualCLSmini_PCC/MMXU1.TotVA.mag.f,0e3fe522-7b9e-4d37-bc8b-a87822a632bb
228,49,617ce7b6-9768-44b3-a9c7-681437800298,TotVA,virtualCLSmini_PCC/MMXU1.TotVA,,q,virtualCLSmini_PCC/MMXU1.TotVA.q,2e15a57d-1120-4a67-aacb-36ad15dea984
229,49,617ce7b6-9768-44b3-a9c7-681437800298,TotVA,virtualCLSmini_PCC/MMXU1.TotVA,,t,virtualCLSmini_PCC/MMXU1.TotVA.t,858aa23d-5126-48bc-b3b9-5a7c6273227a
230,49,617ce7b6-9768-44b3-a9c7-681437800298,TotVA,virtualCLSmini_PCC/MMXU1.TotVA,,units.SIUnit,virtualCLSmini_PCC/MMXU1.TotVA.units.SIUnit,41a3ae14-8b03-4c9a-9901-c7ec4b0b7625
231,49,617ce7b6-9768-44b3-a9c7-681437800298,TotVA,virtualCLSmini_PCC/MMXU1.TotVA,,d,virtualCLSmini_PCC/MMXU1.TotVA.d,cf4a4150-1509-4dec-bb04-2ff05bd376ee
232,50,5c7b4d86-3d45-4493-8de5-496bda3a9f19,TotPF,virtualCLSmini_PCC/MMXU1.TotPF,,mag.f,virtualCLSmini_PCC/MMXU1.TotPF.mag.f,e3fff637-9059-48d7-85fe-554e6eaba88f
233,50,5c7b4d86-3d45-4493-8de5-496bda3a9f19,TotPF,virtualCLSmini_PCC/MMXU1.TotPF,,q,virtualCLSmini_PCC/MMXU1.TotPF.q,07a71612-b03a-406f-ba2a-894cc00f4792
234,50,5c7b4d86-3d45-4493-8de5-496bda3a9f19,TotPF,virtualCLSmini_PCC/MMXU1.TotPF,,t,virtualCLSmini_PCC/MMXU1.TotPF.t,8bffb660-6814-48cb-933f-b1742a85f4c1
235,50,5c7b4d86-3d45-4493-8de5-496bda3a9f19,TotPF,virtualCLSmini_PCC/MMXU1.TotPF,,units.SIUnit,virtualCLSmini_PCC/MMXU1.TotPF.units.SIUnit,5d7f2573-e10e-4647-a414-435a5844f77e
236,50,5c7b4d86-3d45-4493-8de5-496bda3a9f19,TotPF,virtualCLSmini_PCC/MMXU1.TotPF,,d,virtualCLSmini_PCC/MMXU1.TotPF.d,67b943fc-71aa-4ae0-9311-7fa5dfceb1c3
237,51,5640e1b9-cc16-4a8a-886f-78eeed14d030,Hz,virtualCLSmini_PCC/MMXU1.Hz,,mag.f,virtualCLSmini_PCC/MMXU1.Hz.mag.f,aaeb4df8-3b98-4e0e-8fba-fc0f75b350e0
238,51,5640e1b9-cc16-4a8a-886f-78eeed14d030,Hz,virtualCLSmini_PCC/MMXU1.Hz,,q,virtualCLSmini_PCC/MMXU1.Hz.q,773cf832-6ba7-41a6-93e6-4761a09b34e5
239,51,5640e1b9-cc16-4a8a-886f-78eeed14d030,Hz,virtualCLSmini_PCC/MMXU1.Hz,,t,virtualCLSmini_PCC/MMXU1.Hz.t,9b746524-917f-4352-8510-61c76bf0257f
240,51,5640e1b9-cc16-4a8a-886f-78eeed14d030,Hz,virtualCLSmini_PCC/MMXU1.Hz,,units.SIUnit,virtualCLSmini_PCC/MMXU1.Hz.units.SIUnit,00cad254-9004-4649-b092-afe1b324c641
241,51,5640e1b9-cc16-4a8a-886f-78eeed14d030,Hz,virtualCLSmini_PCC/MMXU1.Hz,,d,virtualCLSmini_PCC/MMXU1.Hz.d,54cce8da-eaba-4297-9dff-651a37b85399
242,52,4fa22eb3-5b9e-4886-95d2-62e967d0aaa1,PPV.phsAB,virtualCLSmini_PCC/MMXU1.PPV.phsAB,,cVal.mag.f,virtualCLSmini_PCC/MMXU1.PPV.phsAB.cVal.mag.f,13f9145f-f401-44eb-9242-e9f8f456ae18
243,52,4fa22eb3-5b9e-4886-95d2-62e967d0aaa1,PPV.phsAB,virtualCLSmini_PCC/MMXU1.PPV.phsAB,,q,virtualCLSmini_PCC/MMXU1.PPV.phsAB.q,e318f39b-cfd4-449e-807a-5fcb64b0e800
244,52,4fa22eb3-5b9e-4886-95d2-62e967d0aaa1,PPV.phsAB,virtualCLSmini_PCC/MMXU1.PPV.phsAB,,t,virtualCLSmini_PCC/MMXU1.PPV.phsAB.t,09190f37-88c4-449a-a3e3-5210af9686d1
245,52,4fa22eb3-5b9e-4886-95d2-62e967d0aaa1,PPV.phsAB,virtualCLSmini_PCC/MMXU1.PPV.phsAB,,units.SIUnit,virtualCLSmini_PCC/MMXU1.PPV.phsAB.units.SIUnit,b8a3b981-900f-46d9-bce2-48563c13ddc7
246,52,4fa22eb3-5b9e-4886-95d2-62e967d0aaa1,PPV.phsAB,virtualCLSmini_PCC/MMXU1.PPV.phsAB,,d,virtualCLSmini_PCC/MMXU1.PPV.phsAB.d,042f673a-d51b-401a-b1de-33bc7d1d3bd5
247,53,1c7a12c6-1371-4637-a5e1-f0f68558bcdf,PPV.phsBC,virtualCLSmini_PCC/MMXU1.PPV.phsBC,,cVal.mag.f,virtualCLSmini_PCC/MMXU1.PPV.phsBC.cVal.mag.f,b35123c6-9cc2-4358-97b6-a90efadcb8b7
248,53,1c7a12c6-1371-4637-a5e1-f0f68558bcdf,PPV.phsBC,virtualCLSmini_PCC/MMXU1.PPV.phsBC,,q,virtualCLSmini_PCC/MMXU1.PPV.phsBC.q,599a2aee-c015-45b9-adbf-a02ca86c5a98
249,53,1c7a12c6-1371-4637-a5e1-f0f68558bcdf,PPV.phsBC,virtualCLSmini_PCC/MMXU1.PPV.phsBC,,t,virtualCLSmini_PCC/MMXU1.PPV.phsBC.t,2d47e766-c1cc-4409-be0b-276b5563c813
250,53,1c7a12c6-1371-4637-a5e1-f0f68558bcdf,PPV.phsBC,virtualCLSmini_PCC/MMXU1.PPV.phsBC,,units.SIUnit,virtualCLSmini_PCC/MMXU1.PPV.phsBC.units.SIUnit,be4c35d3-d184-485d-afd5-6fd933654034
251,53,1c7a12c6-1371-4637-a5e1-f0f68558bcdf,PPV.phsBC,virtualCLSmini_PCC/MMXU1.PPV.phsBC,,d,virtualCLSmini_PCC/MMXU1.PPV.phsBC.d,b7cf03a7-405d-4598-a1a4-17566b31fb1e
252,54,8c4564e5-6c6d-4d78-bf5d-0adcc18b4ba0,PPV.phsCA,virtualCLSmini_PCC/MMXU1.PPV.phsCA,,cVal.mag.f,virtualCLSmini_PCC/MMXU1.PPV.phsCA.cVal.mag.f,ef255666-190f-43a6-82ce-2ef673e5ec53
253,54,8c4564e5-6c6d-4d78-bf5d-0adcc18b4ba0,PPV.phsCA,virtualCLSmini_PCC/MMXU1.PPV.phsCA,,q,virtualCLSmini_PCC/MMXU1.PPV.phsCA.q,f349da37-9659-4258-99f3-56a59a6d27d7
254,54,8c4564e5-6c6d-4d78-bf5d-0adcc18b4ba0,PPV.phsCA,virtualCLSmini_PCC/MMXU1.PPV.phsCA,,t,virtualCLSmini_PCC/MMXU1.PPV.phsCA.t,31a16455-ed67-4b78-8d79-b2b7c42fdc3c
255,54,8c4564e5-6c6d-4d78-bf5d-0adcc18b4ba0,PPV.phsCA,virtualCLSmini_PCC/MMXU1.PPV.phsCA,,units.SIUnit,virtualCLSmini_PCC/MMXU1.PPV.phsCA.units.SIUnit,d50053f3-4df4-47a3-9bac-b256a11423d2
256,54,8c4564e5-6c6d-4d78-bf5d-0adcc18b4ba0,PPV.phsCA,virtualCLSmini_PCC/MMXU1.PPV.phsCA,,d,virtualCLSmini_PCC/MMXU1.PPV.phsCA.d,45e976d9-bc5b-4743-b4b6-d1751ebd9f3e
257,55,df0145d4-326e-4af4-b0ce-306475c0d6b3,PNV.phsA,virtualCLSmini_PCC/MMXU1.PNV.phsA,,cVal.mag.f,virtualCLSmini_PCC/MMXU1.PNV.phsA.cVal.mag.f,d5956cae-026a-454f-b093-9a1c38966f55
258,55,df0145d4-326e-4af4-b0ce-306475c0d6b3,PNV.phsA,virtualCLSmini_PCC/MMXU1.PNV.phsA,,q,virtualCLSmini_PCC/MMXU1.PNV.phsA.q,d9c10816-9406-4dc2-b19b-e2fda0359ba9
259,55,df0145d4-326e-4af4-b0ce-306475c0d6b3,PNV.phsA,virtualCLSmini_PCC/MMXU1.PNV.phsA,,t,virtualCLSmini_PCC/MMXU1.PNV.phsA.t,2e04505b-b807-4098-a96a-b54e227bee3d
260,55,df0145d4-326e-4af4-b0ce-306475c0d6b3,PNV.phsA,virtualCLSmini_PCC/MMXU1.PNV.phsA,,units.SIUnit,virtualCLSmini_PCC/MMXU1.PNV.phsA.units.SIUnit,117e7bfc-aeb3-4429-9886-f591f85545ff
261,55,df0145d4-326e-4af4-b0ce-306475c0d6b3,PNV.phsA,virtualCLSmini_PCC/MMXU1.PNV.phsA,,d,virtualCLSmini_PCC/MMXU1.PNV.phsA.d,566661e7-1f27-4199-bf7b-defaef6a5df0
262,56,b5bb92d7-ba25-4104-8fea-2b08e2439785,PNV.phsB,virtualCLSmini_PCC/MMXU1.PNV.phsB,,cVal.mag.f,virtualCLSmini_PCC/MMXU1.PNV.phsB.cVal.mag.f,64a85a26-ea7a-48fb-8ac1-46b38a5ca977
263,56,b5bb92d7-ba25-4104-8fea-2b08e2439785,PNV.phsB,virtualCLSmini_PCC/MMXU1.PNV.phsB,,q,virtualCLSmini_PCC/MMXU1.PNV.phsB.q,6ce55d9d-d7cf-4efd-8e2f-43e54ffcd487
264,56,b5bb92d7-ba25-4104-8fea-2b08e2439785,PNV.phsB,virtualCLSmini_PCC/MMXU1.PNV.phsB,,t,virtualCLSmini_PCC/MMXU1.PNV.phsB.t,6bd3728c-87bb-47f7-b14b-ede8548319b0
265,56,b5bb92d7-ba25-4104-8fea-2b08e2439785,PNV.phsB,virtualCLSmini_PCC/MMXU1.PNV.phsB,,units.SIUnit,virtualCLSmini_PCC/MMXU1.PNV.phsB.units.SIUnit,470c25a5-e9c3-40e6-8f70-acd4420f1a6a
266,56,b5bb92d7-ba25-4104-8fea-2b08e2439785,PNV.phsB,virtualCLSmini_PCC/MMXU1.PNV.phsB,,d,virtualCLSmini_PCC/MMXU1.PNV.phsB.d,3a08d82f-bd36-4f90-a384-8c704c8ab1f6
267,57,73fc2d54-3341-4a3f-bd9e-e2e52a237820,PNV.phsC,virtualCLSmini_PCC/MMXU1.PNV.phsC,,cVal.mag.f,virtualCLSmini_PCC/MMXU1.PNV.phsC.cVal.mag.f,8a07baa9-84ac-45b1-a8ce-eb1f161286f8
268,57,73fc2d54-3341-4a3f-bd9e-e2e52a237820,PNV.phsC,virtualCLSmini_PCC/MMXU1.PNV.phsC,,q,virtualCLSmini_PCC/MMXU1.PNV.phsC.q,8e79f123-161f-4e03-8acf-68be9e24dc3f
269,57,73fc2d54-3341-4a3f-bd9e-e2e52a237820,PNV.phsC,virtualCLSmini_PCC/MMXU1.PNV.phsC,,t,virtualCLSmini_PCC/MMXU1.PNV.phsC.t,7229c65a-0d52-4268-9827-15c9c7258038
270,57,73fc2d54-3341-4a3f-bd9e-e2e52a237820,PNV.phsC,virtualCLSmini_PCC/MMXU1.PNV.phsC,,units.SIUnit,virtualCLSmini_PCC/MMXU1.PNV.phsC.units.SIUnit,cf5cff6f-7593-442e-8706-3eb5d00071ac
271,57,73fc2d54-3341-4a3f-bd9e-e2e52a237820,PNV.phsC,virtualCLSmini_PCC/MMXU1.PNV.phsC,,d,virtualCLSmini_PCC/MMXU1.PNV.phsC.d,cacb2b57-e591-4d2e-a23d-375c54605807
272,58,bac074e0-cc92-4870-a635-0a0e02fe9c15,PNV.neut,virtualCLSmini_PCC/MMXU1.PNV.neut,,cVal.mag.f,virtualCLSmini_PCC/MMXU1.PNV.neut.cVal.mag.f,ff47f7c8-70d0-4b0d-b232-fcc24c2b7a0f
273,58,bac074e0-cc92-4870-a635-0a0e02fe9c15,PNV.neut,virtualCLSmini_PCC/MMXU1.PNV.neut,,q,virtualCLSmini_PCC/MMXU1.PNV.neut.q,c23188ba-37d2-47b9-a00e-17ea7a3c1165
274,58,bac074e0-cc92-4870-a635-0a0e02fe9c15,PNV.neut,virtualCLSmini_PCC/MMXU1.PNV.neut,,t,virtualCLSmini_PCC/MMXU1.PNV.neut.t,c4722edb-e1b8-4130-b5c1-c4630fc9862f
275,58,bac074e0-cc92-4870-a635-0a0e02fe9c15,PNV.neut,virtualCLSmini_PCC/MMXU1.PNV.neut,,units.SIUnit,virtualCLSmini_PCC/MMXU1.PNV.neut.units.SIUnit,d73ebd82-e594-419f-8a04-80d5ff0a24ff
276,58,bac074e0-cc92-4870-a635-0a0e02fe9c15,PNV.neut,virtualCLSmini_PCC/MMXU1.PNV.neut,,d,virtualCLSmini_PCC/MMXU1.PNV.neut.d,9f983a42-eeb9-459c-aa65-736c38c9e243
277,59,867efaa2-50ab-4e63-a6fc-8600c280791d,PNV.net,virtualCLSmini_PCC/MMXU1.PNV.net,,cVal.mag.f,virtualCLSmini_PCC/MMXU1.PNV.net.cVal.mag.f,4747be8d-522f-4a95-9819-2e83217523a8
278,59,867efaa2-50ab-4e63-a6fc-8600c280791d,PNV.net,virtualCLSmini_PCC/MMXU1.PNV.net,,q,virtualCLSmini_PCC/MMXU1.PNV.net.q,a9cd3b37-1f56-4ef0-a63a-b4abcd49bdf0
279,59,867efaa2-50ab-4e63-a6fc-8600c280791d,PNV.net,virtualCLSmini_PCC/MMXU1.PNV.net,,t,virtualCLSmini_PCC/MMXU1.PNV.net.t,2d8e028e-a544-46bf-9673-b8d20032d6fa
280,59,867efaa2-50ab-4e63-a6fc-8600c280791d,PNV.net,virtualCLSmini_PCC/MMXU1.PNV.net,,units.SIUnit,virtualCLSmini_PCC/MMXU1.PNV.net.units.SIUnit,b8be6252-f3b6-45c6-9d6d-4a50d352015d
281,59,867efaa2-50ab-4e63-a6fc-8600c280791d,PNV.net,virtualCLSmini_PCC/MMXU1.PNV.net,,d,virtualCLSmini_PCC/MMXU1.PNV.net.d,24dd340a-5f83-4fbc-b9c0-37ceb1e3d138
282,60,6af1163e-77ff-4b58-ab0e-744c295ea6e1,PNV.res,virtualCLSmini_PCC/MMXU1.PNV.res,,cVal.mag.f,virtualCLSmini_PCC/MMXU1.PNV.res.cVal.mag.f,25c7ad63-5ace-4229-8f82-8453417e49e9
283,60,6af1163e-77ff-4b58-ab0e-744c295ea6e1,PNV.res,virtualCLSmini_PCC/MMXU1.PNV.res,,q,virtualCLSmini_PCC/MMXU1.PNV.res.q,c0ecaf8a-ff5d-417a-9881-10c21bcb6316
284,60,6af1163e-77ff-4b58-ab0e-744c295ea6e1,PNV.res,virtualCLSmini_PCC/MMXU1.PNV.res,,t,virtualCLSmini_PCC/MMXU1.PNV.res.t,6c3ff2fc-f315-406e-b4c7-06308cbcfeee
285,60,6af1163e-77ff-4b58-ab0e-744c295ea6e1,PNV.res,virtualCLSmini_PCC/MMXU1.PNV.res,,units.SIUnit,virtualCLSmini_PCC/MMXU1.PNV.res.units.SIUnit,104a2afc-658c-4624-88a3-2d1b510c4ac5
286,60,6af1163e-77ff-4b58-ab0e-744c295ea6e1,PNV.res,virtualCLSmini_PCC/MMXU1.PNV.res,,d,virtualCLSmini_PCC/MMXU1.PNV.res.d,70d48134-1f8f-49e0-bf17-753757048d29
287,61,b71a04d0-efef-48a1-aa9a-8eaa622a1e32,PhV.phsA,virtualCLSmini_PCC/MMXU1.PhV.phsA,,cVal.mag.f,virtualCLSmini_PCC/MMXU1.PhV.phsA.cVal.mag.f,f5a5d331-626f-44b7-91df-e5104a0c87b5
288,61,b71a04d0-efef-48a1-aa9a-8eaa622a1e32,PhV.phsA,virtualCLSmini_PCC/MMXU1.PhV.phsA,,q,virtualCLSmini_PCC/MMXU1.PhV.phsA.q,1f556b91-b166-4f37-a2df-2c6f0069f72a
289,61,b71a04d0-efef-48a1-aa9a-8eaa622a1e32,PhV.phsA,virtualCLSmini_PCC/MMXU1.PhV.phsA,,t,virtualCLSmini_PCC/MMXU1.PhV.phsA.t,0187c08b-5def-469f-8222-a90cbaff3bf9
290,61,b71a04d0-efef-48a1-aa9a-8eaa622a1e32,PhV.phsA,virtualCLSmini_PCC/MMXU1.PhV.phsA,,units.SIUnit,virtualCLSmini_PCC/MMXU1.PhV.phsA.units.SIUnit,cf9f5dbc-e3a0-4f06-9d09-9b0b82f99fce
291,61,b71a04d0-efef-48a1-aa9a-8eaa622a1e32,PhV.phsA,virtualCLSmini_PCC/MMXU1.PhV.phsA,,d,virtualCLSmini_PCC/MMXU1.PhV.phsA.d,ec87a992-b4b5-45c9-b12e-8a3c3d15d487
292,62,8a9fd8f7-b885-4beb-b3f3-56673ef5956c,PhV.phsB,virtualCLSmini_PCC/MMXU1.PhV.phsB,,cVal.mag.f,virtualCLSmini_PCC/MMXU1.PhV.phsB.cVal.mag.f,8f5b3e6a-ac51-4a21-a5f6-2f36784aa7e9
293,62,8a9fd8f7-b885-4beb-b3f3-56673ef5956c,PhV.phsB,virtualCLSmini_PCC/MMXU1.PhV.phsB,,q,virtualCLSmini_PCC/MMXU1.PhV.phsB.q,fdf9ffd4-0f25-40d5-8221-8710071a23a9
294,62,8a9fd8f7-b885-4beb-b3f3-56673ef5956c,PhV.phsB,virtualCLSmini_PCC/MMXU1.PhV.phsB,,t,virtualCLSmini_PCC/MMXU1.PhV.phsB.t,9420dc10-297e-412a-8313-05dcc58921bf
295,62,8a9fd8f7-b885-4beb-b3f3-56673ef5956c,PhV.phsB,virtualCLSmini_PCC/MMXU1.PhV.phsB,,units.SIUnit,virtualCLSmini_PCC/MMXU1.PhV.phsB.units.SIUnit,a6ffb446-f59b-4d6a-aef7-fa76efc59a9e
296,62,8a9fd8f7-b885-4beb-b3f3-56673ef5956c,PhV.phsB,virtualCLSmini_PCC/MMXU1.PhV.phsB,,d,virtualCLSmini_PCC/MMXU1.PhV.phsB.d,4feca585-84a0-4816-b597-68e6b05340f5
297,63,559965ae-4d0b-4632-a159-ea2f2874294b,PhV.phsC,virtualCLSmini_PCC/MMXU1.PhV.phsC,,cVal.mag.f,virtualCLSmini_PCC/MMXU1.PhV.phsC.cVal.mag.f,d3e2d86d-8184-43e0-9226-22a344f606f2
298,63,559965ae-4d0b-4632-a159-ea2f2874294b,PhV.phsC,virtualCLSmini_PCC/MMXU1.PhV.phsC,,q,virtualCLSmini_PCC/MMXU1.PhV.phsC.q,0e921f9c-3e08-4453-b4f9-180d1c553202
299,63,559965ae-4d0b-4632-a159-ea2f2874294b,PhV.phsC,virtualCLSmini_PCC/MMXU1.PhV.phsC,,t,virtualCLSmini_PCC/MMXU1.PhV.phsC.t,67d48b4c-a4d0-4721-9f0a-cbc694aa2685
300,63,559965ae-4d0b-4632-a159-ea2f2874294b,PhV.phsC,virtualCLSmini_PCC/MMXU1.PhV.phsC,,units.SIUnit,virtualCLSmini_PCC/MMXU1.PhV.phsC.units.SIUnit,537592ab-ab1f-4383-b292-ec0d88180aa7
301,63,559965ae-4d0b-4632-a159-ea2f2874294b,PhV.phsC,virtualCLSmini_PCC/MMXU1.PhV.phsC,,d,virtualCLSmini_PCC/MMXU1.PhV.phsC.d,67119874-989f-4b06-9543-e987342e0ee5
302,64,93ee728e-b5a4-42fd-834c-628db7b9d7af,PhV.neut,virtualCLSmini_PCC/MMXU1.PhV.neut,,cVal.mag.f,virtualCLSmini_PCC/MMXU1.PhV.neut.cVal.mag.f,46bf9267-b825-4d74-92bd-4245de90aed0
303,64,93ee728e-b5a4-42fd-834c-628db7b9d7af,PhV.neut,virtualCLSmini_PCC/MMXU1.PhV.neut,,q,virtualCLSmini_PCC/MMXU1.PhV.neut.q,168856f9-f3b6-44e6-9b14-0d9ef4ff673b
304,64,93ee728e-b5a4-42fd-834c-628db7b9d7af,PhV.neut,virtualCLSmini_PCC/MMXU1.PhV.neut,,t,virtualCLSmini_PCC/MMXU1.PhV.neut.t,f7f15b76-06a0-422e-8c39-28c6191f7fbb
305,64,93ee728e-b5a4-42fd-834c-628db7b9d7af,PhV.neut,virtualCLSmini_PCC/MMXU1.PhV.neut,,units.SIUnit,virtualCLSmini_PCC/MMXU1.PhV.neut.units.SIUnit,ebbf02ea-a52f-484c-b2d0-46b7d48c69e8
306,64,93ee728e-b5a4-42fd-834c-628db7b9d7af,PhV.neut,virtualCLSmini_PCC/MMXU1.PhV.neut,,d,virtualCLSmini_PCC/MMXU1.PhV.neut.d,320a870c-7379-4fc0-9dc9-092655eb8ad3
307,65,5bac7c91-e491-4ac3-bef4-524e07fdddec,PhV.net,virtualCLSmini_PCC/MMXU1.PhV.net,,cVal.mag.f,virtualCLSmini_PCC/MMXU1.PhV.net.cVal.mag.f,aa6be97c-e684-4eb2-9644-343bc013b552
308,65,5bac7c91-e491-4ac3-bef4-524e07fdddec,PhV.net,virtualCLSmini_PCC/MMXU1.PhV.net,,q,virtualCLSmini_PCC/MMXU1.PhV.net.q,b9490ecd-4758-412d-a195-4300b16dc114
309,65,5bac7c91-e491-4ac3-bef4-524e07fdddec,PhV.net,virtualCLSmini_PCC/MMXU1.PhV.net,,t,virtualCLSmini_PCC/MMXU1.PhV.net.t,1048ec5d-4966-4c92-9cdb-08072d963484
310,65,5bac7c91-e491-4ac3-bef4-524e07fdddec,PhV.net,virtualCLSmini_PCC/MMXU1.PhV.net,,units.SIUnit,virtualCLSmini_PCC/MMXU1.PhV.net.units.SIUnit,e0d43662-38a2-4ab4-9000-52ffe39f546d
311,65,5bac7c91-e491-4ac3-bef4-524e07fdddec,PhV.net,virtualCLSmini_PCC/MMXU1.PhV.net,,d,virtualCLSmini_PCC/MMXU1.PhV.net.d,7a3bba4f-103b-434a-9324-b04b4aa5a023
312,66,27adec0a-8b74-4ea8-9494-fe784a51d3eb,PhV.res,virtualCLSmini_PCC/MMXU1.PhV.res,,cVal.mag.f,virtualCLSmini_PCC/MMXU1.PhV.res.cVal.mag.f,9da1cdb8-60b7-4d5e-abe6-6c8a03c769ab
313,66,27adec0a-8b74-4ea8-9494-fe784a51d3eb,PhV.res,virtualCLSmini_PCC/MMXU1.PhV.res,,q,virtualCLSmini_PCC/MMXU1.PhV.res.q,429efbb1-4b4d-4e70-83d6-d2efce7165f0
314,66,27adec0a-8b74-4ea8-9494-fe784a51d3eb,PhV.res,virtualCLSmini_PCC/MMXU1.PhV.res,,t,virtualCLSmini_PCC/MMXU1.PhV.res.t,c3d6e444-045d-4632-b8a8-1ff12c1ebef5
315,66,27adec0a-8b74-4ea8-9494-fe784a51d3eb,PhV.res,virtualCLSmini_PCC/MMXU1.PhV.res,,units.SIUnit,virtualCLSmini_PCC/MMXU1.PhV.res.units.SIUnit,b36db94b-5be2-4e07-91c1-1d2f209a190b
316,66,27adec0a-8b74-4ea8-9494-fe784a51d3eb,PhV.res,virtualCLSmini_PCC/MMXU1.PhV.res,,d,virtualCLSmini_PCC/MMXU1.PhV.res.d,783fdeda-b50f-43b5-a3c8-a59d82c3483f
317,67,956a5aa1-75c4-46b6-bba8-aa666fe56397,A.phsA,virtualCLSmini_PCC/MMXU1.A.phsA,,cVal.mag.f,virtualCLSmini_PCC/MMXU1.A.phsA.cVal.mag.f,846bad1d-8f45-40f3-b54a-6efc3bde7a8f
318,67,956a5aa1-75c4-46b6-bba8-aa666fe56397,A.phsA,virtualCLSmini_PCC/MMXU1.A.phsA,,q,virtualCLSmini_PCC/MMXU1.A.phsA.q,2416095c-f09d-4373-b750-5a5a2683e37d
319,67,956a5aa1-75c4-46b6-bba8-aa666fe56397,A.phsA,virtualCLSmini_PCC/MMXU1.A.phsA,,t,virtualCLSmini_PCC/MMXU1.A.phsA.t,59f08f1e-78ce-4d16-b6db-3d4361530337
320,67,956a5aa1-75c4-46b6-bba8-aa666fe56397,A.phsA,virtualCLSmini_PCC/MMXU1.A.phsA,,units.SIUnit,virtualCLSmini_PCC/MMXU1.A.phsA.units.SIUnit,3487e832-736f-4e3a-8cf9-62c16befdf5d
321,67,956a5aa1-75c4-46b6-bba8-aa666fe56397,A.phsA,virtualCLSmini_PCC/MMXU1.A.phsA,,d,virtualCLSmini_PCC/MMXU1.A.phsA.d,b726610b-dc9e-4c08-bd63-08beac64ef72
322,68,d354074f-7ad6-442b-a2b3-427c3c4f465a,A.phsB,virtualCLSmini_PCC/MMXU1.A.phsB,,cVal.mag.f,virtualCLSmini_PCC/MMXU1.A.phsB.cVal.mag.f,4df3c06c-e9b1-4cc0-9fa6-01d0f5b03063
323,68,d354074f-7ad6-442b-a2b3-427c3c4f465a,A.phsB,virtualCLSmini_PCC/MMXU1.A.phsB,,q,virtualCLSmini_PCC/MMXU1.A.phsB.q,37572e79-d6cd-4a5e-b181-4fe93b45db30
324,68,d354074f-7ad6-442b-a2b3-427c3c4f465a,A.phsB,virtualCLSmini_PCC/MMXU1.A.phsB,,t,virtualCLSmini_PCC/MMXU1.A.phsB.t,09f1a8c4-2c96-4645-a037-1eb99f185620
325,68,d354074f-7ad6-442b-a2b3-427c3c4f465a,A.phsB,virtualCLSmini_PCC/MMXU1.A.phsB,,units.SIUnit,virtualCLSmini_PCC/MMXU1.A.phsB.units.SIUnit,47ce8d5a-4ce1-42c0-9534-b50ea4df9c35
326,68,d354074f-7ad6-442b-a2b3-427c3c4f465a,A.phsB,virtualCLSmini_PCC/MMXU1.A.phsB,,d,virtualCLSmini_PCC/MMXU1.A.phsB.d,667b40f5-00e2-4a68-b700-415f3104345b
327,69,de5e66a9-6135-43e6-a999-905a777b0b7f,A.phsC,virtualCLSmini_PCC/MMXU1.A.phsC,,cVal.mag.f,virtualCLSmini_PCC/MMXU1.A.phsC.cVal.mag.f,4721cc61-7b59-4e0e-b2b0-2272301c2840
328,69,de5e66a9-6135-43e6-a999-905a777b0b7f,A.phsC,virtualCLSmini_PCC/MMXU1.A.phsC,,q,virtualCLSmini_PCC/MMXU1.A.phsC.q,431e75e9-19df-4d36-b008-82cf0355b1b5
329,69,de5e66a9-6135-43e6-a999-905a777b0b7f,A.phsC,virtualCLSmini_PCC/MMXU1.A.phsC,,t,virtualCLSmini_PCC/MMXU1.A.phsC.t,454cd404-9c59-4349-b804-b868734b088a
330,69,de5e66a9-6135-43e6-a999-905a777b0b7f,A.phsC,virtualCLSmini_PCC/MMXU1.A.phsC,,units.SIUnit,virtualCLSmini_PCC/MMXU1.A.phsC.units.SIUnit,4efe5402-fbd8-485f-9ce2-061c7c0f861d
331,69,de5e66a9-6135-43e6-a999-905a777b0b7f,A.phsC,virtualCLSmini_PCC/MMXU1.A.phsC,,d,virtualCLSmini_PCC/MMXU1.A.phsC.d,22b43aad-fc1b-411b-bee5-33e4fbfaf7b3
332,70,c6472566-b954-4517-8966-a6320f7feff8,A.neut,virtualCLSmini_PCC/MMXU1.A.neut,,cVal.mag.f,virtualCLSmini_PCC/MMXU1.A.neut.cVal.mag.f,26725419-a2b5-43a9-9e30-28550a911fc2
333,70,c6472566-b954-4517-8966-a6320f7feff8,A.neut,virtualCLSmini_PCC/MMXU1.A.neut,,q,virtualCLSmini_PCC/MMXU1.A.neut.q,54369c2c-60a9-4dda-85f3-2ecc3f731e9f
334,70,c6472566-b954-4517-8966-a6320f7feff8,A.neut,virtualCLSmini_PCC/MMXU1.A.neut,,t,virtualCLSmini_PCC/MMXU1.A.neut.t,96293081-ba50-454d-bbb8-1ac2b15d881e
335,70,c6472566-b954-4517-8966-a6320f7feff8,A.neut,virtualCLSmini_PCC/MMXU1.A.neut,,units.SIUnit,virtualCLSmini_PCC/MMXU1.A.neut.units.SIUnit,a8275240-abcc-4ae6-a7c5-52e23410f874
336,70,c6472566-b954-4517-8966-a6320f7feff8,A.neut,virtualCLSmini_PCC/MMXU1.A.neut,,d,virtualCLSmini_PCC/MMXU1.A.neut.d,6a8106de-857d-40e7-b8d1-da9ebf6261be
337,71,5873e1eb-0891-4cdd-b4c9-2b03c2461633,A.net,virtualCLSmini_PCC/MMXU1.A.net,,cVal.mag.f,virtualCLSmini_PCC/MMXU1.A.net.cVal.mag.f,19227ca4-c911-4f5e-a63d-e225b4d30296
338,71,5873e1eb-0891-4cdd-b4c9-2b03c2461633,A.net,virtualCLSmini_PCC/MMXU1.A.net,,q,virtualCLSmini_PCC/MMXU1.A.net.q,5f90e155-d14c-4e1b-96ba-edf7e8c3b7f7
339,71,5873e1eb-0891-4cdd-b4c9-2b03c2461633,A.net,virtualCLSmini_PCC/MMXU1.A.net,,t,virtualCLSmini_PCC/MMXU1.A.net.t,7357595c-0b6f-48bb-b3ee-1710486b5d8a
340,71,5873e1eb-0891-4cdd-b4c9-2b03c2461633,A.net,virtualCLSmini_PCC/MMXU1.A.net,,units.SIUnit,virtualCLSmini_PCC/MMXU1.A.net.units.SIUnit,cd13ba79-ee14-4186-9b25-c0df43214796
341,71,5873e1eb-0891-4cdd-b4c9-2b03c2461633,A.net,virtualCLSmini_PCC/MMXU1.A.net,,d,virtualCLSmini_PCC/MMXU1.A.net.d,8acfe609-e303-4b7c-af0d-0479c7daf361
342,72,ad5d16cc-b953-4545-9294-3318b05ef006,A.res,virtualCLSmini_PCC/MMXU1.A.res,,cVal.mag.f,virtualCLSmini_PCC/MMXU1.A.res.cVal.mag.f,ec4ad89a-6fa5-40d0-bbd8-0f742f30e800
343,72,ad5d16cc-b953-4545-9294-3318b05ef006,A.res,virtualCLSmini_PCC/MMXU1.A.res,,q,virtualCLSmini_PCC/MMXU1.A.res.q,848e4878-21ce-458e-81e1-1693e924aa27
344,72,ad5d16cc-b953-4545-9294-3318b05ef006,A.res,virtualCLSmini_PCC/MMXU1.A.res,,t,virtualCLSmini_PCC/MMXU1.A.res.t,60d58115-11d4-497a-90dc-283b3fee3f1f
345,72,ad5d16cc-b953-4545-9294-3318b05ef006,A.res,virtualCLSmini_PCC/MMXU1.A.res,,units.SIUnit,virtualCLSmini_PCC/MMXU1.A.res.units.SIUnit,025420ce-6561-4fd1-9b7f-19ee4afe4e45
346,72,ad5d16cc-b953-4545-9294-3318b05ef006,A.res,virtualCLSmini_PCC/MMXU1.A.res,,d,virtualCLSmini_PCC/MMXU1.A.res.d,0400cdf4-cd7c-4124-a4b8-9a82316a0628
347,73,dcb44300-acdb-4d20-a5de-91414103badf,W.phsA,virtualCLSmini_PCC/MMXU1.W.phsA,,cVal.mag.f,virtualCLSmini_PCC/MMXU1.W.phsA.cVal.mag.f,26d2c7a3-9ba1-45ac-82c4-17ab446e18ce
348,73,dcb44300-acdb-4d20-a5de-91414103badf,W.phsA,virtualCLSmini_PCC/MMXU1.W.phsA,,q,virtualCLSmini_PCC/MMXU1.W.phsA.q,63be900a-60cc-4fe4-913c-38f61cb53eb9
349,73,dcb44300-acdb-4d20-a5de-91414103badf,W.phsA,virtualCLSmini_PCC/MMXU1.W.phsA,,t,virtualCLSmini_PCC/MMXU1.W.phsA.t,da7e4507-c3dd-47fd-be52-d80087460802
350,73,dcb44300-acdb-4d20-a5de-91414103badf,W.phsA,virtualCLSmini_PCC/MMXU1.W.phsA,,units.SIUnit,virtualCLSmini_PCC/MMXU1.W.phsA.units.SIUnit,04d7a254-2bab-4360-8d41-f15713ef1d47
351,73,dcb44300-acdb-4d20-a5de-91414103badf,W.phsA,virtualCLSmini_PCC/MMXU1.W.phsA,,d,virtualCLSmini_PCC/MMXU1.W.phsA.d,0ea9ef22-566b-4007-9f96-6683a7043e3b
352,74,2a84e7a5-d8f7-4539-9e88-f1de9746f3fd,W.phsB,virtualCLSmini_PCC/MMXU1.W.phsB,,cVal.mag.f,virtualCLSmini_PCC/MMXU1.W.phsB.cVal.mag.f,09082431-80bd-4311-a4f5-af0fbe0a4b17
353,74,2a84e7a5-d8f7-4539-9e88-f1de9746f3fd,W.phsB,virtualCLSmini_PCC/MMXU1.W.phsB,,q,virtualCLSmini_PCC/MMXU1.W.phsB.q,3b8273b5-c7cf-47a3-849e-5ad8af621d7c
354,74,2a84e7a5-d8f7-4539-9e88-f1de9746f3fd,W.phsB,virtualCLSmini_PCC/MMXU1.W.phsB,,t,virtualCLSmini_PCC/MMXU1.W.phsB.t,3698875f-d4e2-44bf-a2c8-57019ba1c6bd
355,74,2a84e7a5-d8f7-4539-9e88-f1de9746f3fd,W.phsB,virtualCLSmini_PCC/MMXU1.W.phsB,,units.SIUnit,virtualCLSmini_PCC/MMXU1.W.phsB.units.SIUnit,4d981613-931e-40de-ba70-3a6ad34668b9
356,74,2a84e7a5-d8f7-4539-9e88-f1de9746f3fd,W.phsB,virtualCLSmini_PCC/MMXU1.W.phsB,,d,virtualCLSmini_PCC/MMXU1.W.phsB.d,c5558c10-51b6-4057-a266-c501f2a90071
357,75,cca6537a-a411-4ffc-8367-15ee52277457,W.phsC,virtualCLSmini_PCC/MMXU1.W.phsC,,cVal.mag.f,virtualCLSmini_PCC/MMXU1.W.phsC.cVal.mag.f,d28cbfee-51f6-4fa3-8613-aa1ea84135bf
358,75,cca6537a-a411-4ffc-8367-15ee52277457,W.phsC,virtualCLSmini_PCC/MMXU1.W.phsC,,q,virtualCLSmini_PCC/MMXU1.W.phsC.q,3da5d392-4d84-4e4f-986a-e8cf210132a7
359,75,cca6537a-a411-4ffc-8367-15ee52277457,W.phsC,virtualCLSmini_PCC/MMXU1.W.phsC,,t,virtualCLSmini_PCC/MMXU1.W.phsC.t,3a14bedd-da16-426b-a04d-94d96c45c399
360,75,cca6537a-a411-4ffc-8367-15ee52277457,W.phsC,virtualCLSmini_PCC/MMXU1.W.phsC,,units.SIUnit,virtualCLSmini_PCC/MMXU1.W.phsC.units.SIUnit,e333b8aa-eb19-4cca-99c9-29ecf69994eb
361,75,cca6537a-a411-4ffc-8367-15ee52277457,W.phsC,virtualCLSmini_PCC/MMXU1.W.phsC,,d,virtualCLSmini_PCC/MMXU1.W.phsC.d,b3335365-fc6e-47b9-824c-282d442dd2ee
362,76,942c9ffd-cb74-4ce3-85e1-7e2ad83c7381,W.neut,virtualCLSmini_PCC/MMXU1.W.neut,,cVal.mag.f,virtualCLSmini_PCC/MMXU1.W.neut.cVal.mag.f,3a5af9c5-d5a7-41a1-8712-82a35a6443c1
363,76,942c9ffd-cb74-4ce3-85e1-7e2ad83c7381,W.neut,virtualCLSmini_PCC/MMXU1.W.neut,,q,virtualCLSmini_PCC/MMXU1.W.neut.q,9385d27d-5d2d-4d8e-b25b-3437cbb0bd28
364,76,942c9ffd-cb74-4ce3-85e1-7e2ad83c7381,W.neut,virtualCLSmini_PCC/MMXU1.W.neut,,t,virtualCLSmini_PCC/MMXU1.W.neut.t,1295fa4f-118d-4d4c-b2f8-8cbe8f7dce8f
365,76,942c9ffd-cb74-4ce3-85e1-7e2ad83c7381,W.neut,virtualCLSmini_PCC/MMXU1.W.neut,,units.SIUnit,virtualCLSmini_PCC/MMXU1.W.neut.units.SIUnit,e6afd18b-debf-40e3-9b1e-d251100452a4
366,76,942c9ffd-cb74-4ce3-85e1-7e2ad83c7381,W.neut,virtualCLSmini_PCC/MMXU1.W.neut,,d,virtualCLSmini_PCC/MMXU1.W.neut.d,28c84b24-cacc-47df-a933-ad3a5d35e559
367,77,9934b422-f9d8-4978-b1ca-97928bf0e67d,W.net,virtualCLSmini_PCC/MMXU1.W.net,,cVal.mag.f,virtualCLSmini_PCC/MMXU1.W.net.cVal.mag.f,8dc0db38-bf99-4ee3-afcc-e9aec510ad2f
368,77,9934b422-f9d8-4978-b1ca-97928bf0e67d,W.net,virtualCLSmini_PCC/MMXU1.W.net,,q,virtualCLSmini_PCC/MMXU1.W.net.q,e1f73e9f-adeb-47e4-97ec-7392afd31d5c
369,77,9934b422-f9d8-4978-b1ca-97928bf0e67d,W.net,virtualCLSmini_PCC/MMXU1.W.net,,t,virtualCLSmini_PCC/MMXU1.W.net.t,69816119-01cd-4671-8878-ef26706518df
370,77,9934b422-f9d8-4978-b1ca-97928bf0e67d,W.net,virtualCLSmini_PCC/MMXU1.W.net,,units.SIUnit,virtualCLSmini_PCC/MMXU1.W.net.units.SIUnit,c648ccc7-9074-470c-af2d-84b8dd779d9f
371,77,9934b422-f9d8-4978-b1ca-97928bf0e67d,W.net,virtualCLSmini_PCC/MMXU1.W.net,,d,virtualCLSmini_PCC/MMXU1.W.net.d,528acb67-f0f5-40f4-a0f4-5d98aabfba38
372,78,39811a60-7aec-42f7-99b6-f29a9101b143,W.res,virtualCLSmini_PCC/MMXU1.W.res,,cVal.mag.f,virtualCLSmini_PCC/MMXU1.W.res.cVal.mag.f,8a2a35b0-74f7-43f4-b41f-3ef319007e5d
373,78,39811a60-7aec-42f7-99b6-f29a9101b143,W.res,virtualCLSmini_PCC/MMXU1.W.res,,q,virtualCLSmini_PCC/MMXU1.W.res.q,7e991295-5b7f-48e0-9e0c-73c11474c46e
374,78,39811a60-7aec-42f7-99b6-f29a9101b143,W.res,virtualCLSmini_PCC/MMXU1.W.res,,t,virtualCLSmini_PCC/MMXU1.W.res.t,e55cb281-08f5-45f9-99ca-a3f0716caa29
375,78,39811a60-7aec-42f7-99b6-f29a9101b143,W.res,virtualCLSmini_PCC/MMXU1.W.res,,units.SIUnit,virtualCLSmini_PCC/MMXU1.W.res.units.SIUnit,beb8bc5e-d50b-49aa-b142-0bf475026111
376,78,39811a60-7aec-42f7-99b6-f29a9101b143,W.res,virtualCLSmini_PCC/MMXU1.W.res,,d,virtualCLSmini_PCC/MMXU1.W.res.d,b0d3ed6c-72d6-4006-9c54-0af7902f21b9
377,79,ccc9efed-ce2f-41c6-9f5d-c8f58c459817,VAr.phsA,virtualCLSmini_PCC/MMXU1.VAr.phsA,,cVal.mag.f,virtualCLSmini_PCC/MMXU1.VAr.phsA.cVal.mag.f,d1bd4c21-7b90-4e74-88f4-97ac102c0dce
378,79,ccc9efed-ce2f-41c6-9f5d-c8f58c459817,VAr.phsA,virtualCLSmini_PCC/MMXU1.VAr.phsA,,q,virtualCLSmini_PCC/MMXU1.VAr.phsA.q,645f3b50-27e1-4b56-815c-f78ca6117f3d
379,79,ccc9efed-ce2f-41c6-9f5d-c8f58c459817,VAr.phsA,virtualCLSmini_PCC/MMXU1.VAr.phsA,,t,virtualCLSmini_PCC/MMXU1.VAr.phsA.t,19664f2a-95b4-4033-8224-4f8f36eb23e2
380,79,ccc9efed-ce2f-41c6-9f5d-c8f58c459817,VAr.phsA,virtualCLSmini_PCC/MMXU1.VAr.phsA,,units.SIUnit,virtualCLSmini_PCC/MMXU1.VAr.phsA.units.SIUnit,d556b589-6f16-4326-83c6-b8f8891d20e9
381,79,ccc9efed-ce2f-41c6-9f5d-c8f58c459817,VAr.phsA,virtualCLSmini_PCC/MMXU1.VAr.phsA,,d,virtualCLSmini_PCC/MMXU1.VAr.phsA.d,a85d387b-1fb0-4400-891f-4fd28605dbc7
382,80,d66fae31-d35a-4e50-8ee2-af8f46172d5c,VAr.phsB,virtualCLSmini_PCC/MMXU1.VAr.phsB,,cVal.mag.f,virtualCLSmini_PCC/MMXU1.VAr.phsB.cVal.mag.f,11228884-3d4a-489d-a1ba-45d934e559c4
383,80,d66fae31-d35a-4e50-8ee2-af8f46172d5c,VAr.phsB,virtualCLSmini_PCC/MMXU1.VAr.phsB,,q,virtualCLSmini_PCC/MMXU1.VAr.phsB.q,5fb02251-8764-42e5-8228-6e09e694d266
384,80,d66fae31-d35a-4e50-8ee2-af8f46172d5c,VAr.phsB,virtualCLSmini_PCC/MMXU1.VAr.phsB,,t,virtualCLSmini_PCC/MMXU1.VAr.phsB.t,352d5200-84cd-4fc1-9fef-8725b2fc01e8
385,80,d66fae31-d35a-4e50-8ee2-af8f46172d5c,VAr.phsB,virtualCLSmini_PCC/MMXU1.VAr.phsB,,units.SIUnit,virtualCLSmini_PCC/MMXU1.VAr.phsB.units.SIUnit,0b5ca35e-2e72-442b-bb91-22f7f52f2d23
386,80,d66fae31-d35a-4e50-8ee2-af8f46172d5c,VAr.phsB,virtualCLSmini_PCC/MMXU1.VAr.phsB,,d,virtualCLSmini_PCC/MMXU1.VAr.phsB.d,08120091-eabb-4040-9302-fdd1e4a9da06
387,81,b62dc139-794f-421f-8caf-06614a0e70ec,VAr.phsC,virtualCLSmini_PCC/MMXU1.VAr.phsC,,cVal.mag.f,virtualCLSmini_PCC/MMXU1.VAr.phsC.cVal.mag.f,de03d598-e4d9-488e-bec3-7230d0132328
388,81,b62dc139-794f-421f-8caf-06614a0e70ec,VAr.phsC,virtualCLSmini_PCC/MMXU1.VAr.phsC,,q,virtualCLSmini_PCC/MMXU1.VAr.phsC.q,335860ea-263c-400e-8c32-187df3e98a93
389,81,b62dc139-794f-421f-8caf-06614a0e70ec,VAr.phsC,virtualCLSmini_PCC/MMXU1.VAr.phsC,,t,virtualCLSmini_PCC/MMXU1.VAr.phsC.t,460246b9-2feb-435c-bcc5-7efc8cc4b28c
390,81,b62dc139-794f-421f-8caf-06614a0e70ec,VAr.phsC,virtualCLSmini_PCC/MMXU1.VAr.phsC,,units.SIUnit,virtualCLSmini_PCC/MMXU1.VAr.phsC.units.SIUnit,bf0813b0-fb8a-4bd8-ad93-9c96ea6bfead
391,81,b62dc139-794f-421f-8caf-06614a0e70ec,VAr.phsC,virtualCLSmini_PCC/MMXU1.VAr.phsC,,d,virtualCLSmini_PCC/MMXU1.VAr.phsC.d,de3904b2-6db3-42a5-8e76-96cae9bc5e1d
392,82,0caa2f84-e763-4e3c-a842-10a0c39dbb35,VAr.neut,virtualCLSmini_PCC/MMXU1.VAr.neut,,cVal.mag.f,virtualCLSmini_PCC/MMXU1.VAr.neut.cVal.mag.f,96ffdd73-dbef-4e63-ad2f-d66b02f10720
393,82,0caa2f84-e763-4e3c-a842-10a0c39dbb35,VAr.neut,virtualCLSmini_PCC/MMXU1.VAr.neut,,q,virtualCLSmini_PCC/MMXU1.VAr.neut.q,57981272-d1dd-46f7-a9c3-dad5ed3e0a2b
394,82,0caa2f84-e763-4e3c-a842-10a0c39dbb35,VAr.neut,virtualCLSmini_PCC/MMXU1.VAr.neut,,t,virtualCLSmini_PCC/MMXU1.VAr.neut.t,bf8c3c11-1842-49ab-aaaf-4b8235cabc5e
395,82,0caa2f84-e763-4e3c-a842-10a0c39dbb35,VAr.neut,virtualCLSmini_PCC/MMXU1.VAr.neut,,units.SIUnit,virtualCLSmini_PCC/MMXU1.VAr.neut.units.SIUnit,ee81c296-150a-4962-b902-5da9c17cdc5f
396,82,0caa2f84-e763-4e3c-a842-10a0c39dbb35,VAr.neut,virtualCLSmini_PCC/MMXU1.VAr.neut,,d,virtualCLSmini_PCC/MMXU1.VAr.neut.d,b60de7b2-10e3-4df1-bab9-8a299ade7a06
397,83,ac6ca3d2-c751-46d3-bee1-376aff1a84b9,VAr.net,virtualCLSmini_PCC/MMXU1.VAr.net,,cVal.mag.f,virtualCLSmini_PCC/MMXU1.VAr.net.cVal.mag.f,1d671210-acd4-4d4a-b612-f8a4096f4678
398,83,ac6ca3d2-c751-46d3-bee1-376aff1a84b9,VAr.net,virtualCLSmini_PCC/MMXU1.VAr.net,,q,virtualCLSmini_PCC/MMXU1.VAr.net.q,008cf7c7-c741-477d-93d6-5875753e5b9d
399,83,ac6ca3d2-c751-46d3-bee1-376aff1a84b9,VAr.net,virtualCLSmini_PCC/MMXU1.VAr.net,,t,virtualCLSmini_PCC/MMXU1.VAr.net.t,8a7c0b54-a1df-4d2f-8823-c1a90a02c2e0
400,83,ac6ca3d2-c751-46d3-bee1-376aff1a84b9,VAr.net,virtualCLSmini_PCC/MMXU1.VAr.net,,units.SIUnit,virtualCLSmini_PCC/MMXU1.VAr.net.units.SIUnit,6054d628-50b2-4547-94ed-196fdb505a1b
401,83,ac6ca3d2-c751-46d3-bee1-376aff1a84b9,VAr.net,virtualCLSmini_PCC/MMXU1.VAr.net,,d,virtualCLSmini_PCC/MMXU1.VAr.net.d,6a3a3b47-e8e0-4d8c-af1e-606cdd0042ae
402,84,150da5e3-8e55-46f7-9f14-6449a5f22afc,VAr.res,virtualCLSmini_PCC/MMXU1.VAr.res,,cVal.mag.f,virtualCLSmini_PCC/MMXU1.VAr.res.cVal.mag.f,08dabcf2-d581-4b16-a80b-6b236751f01b
403,84,150da5e3-8e55-46f7-9f14-6449a5f22afc,VAr.res,virtualCLSmini_PCC/MMXU1.VAr.res,,q,virtualCLSmini_PCC/MMXU1.VAr.res.q,cebb4ebe-b73c-4955-9b39-f633d673ea21
404,84,150da5e3-8e55-46f7-9f14-6449a5f22afc,VAr.res,virtualCLSmini_PCC/MMXU1.VAr.res,,t,virtualCLSmini_PCC/MMXU1.VAr.res.t,54e97a16-2171-43ed-a293-8752999f20fe
405,84,150da5e3-8e55-46f7-9f14-6449a5f22afc,VAr.res,virtualCLSmini_PCC/MMXU1.VAr.res,,units.SIUnit,virtualCLSmini_PCC/MMXU1.VAr.res.units.SIUnit,63ae31e4-8c62-4d64-a1fb-2cc78f60d206
406,84,150da5e3-8e55-46f7-9f14-6449a5f22afc,VAr.res,virtualCLSmini_PCC/MMXU1.VAr.res,,d,virtualCLSmini_PCC/MMXU1.VAr.res.d,8bc81190-b02c-48b8-b204-ec337f82eab3
407,85,b4bea580-10e9-45ed-a175-fe513a4b5a9d,VA.phsA,virtualCLSmini_PCC/MMXU1.VA.phsA,,cVal.mag.f,virtualCLSmini_PCC/MMXU1.VA.phsA.cVal.mag.f,b82449c8-2eb2-4f5f-8cc3-06c0f0f46085
408,85,b4bea580-10e9-45ed-a175-fe513a4b5a9d,VA.phsA,virtualCLSmini_PCC/MMXU1.VA.phsA,,q,virtualCLSmini_PCC/MMXU1.VA.phsA.q,d47dd54e-0f1b-42ff-a61a-6194e6377d88
409,85,b4bea580-10e9-45ed-a175-fe513a4b5a9d,VA.phsA,virtualCLSmini_PCC/MMXU1.VA.phsA,,t,virtualCLSmini_PCC/MMXU1.VA.phsA.t,a9973f15-8665-418a-b8da-b39a46adc1e7
410,85,b4bea580-10e9-45ed-a175-fe513a4b5a9d,VA.phsA,virtualCLSmini_PCC/MMXU1.VA.phsA,,units.SIUnit,virtualCLSmini_PCC/MMXU1.VA.phsA.units.SIUnit,c9d3e733-a378-4e54-a790-8e0bc5f436a1
411,85,b4bea580-10e9-45ed-a175-fe513a4b5a9d,VA.phsA,virtualCLSmini_PCC/MMXU1.VA.phsA,,d,virtualCLSmini_PCC/MMXU1.VA.phsA.d,5e6bdf0a-f5c2-4835-b436-aa273f7f6a21
412,86,06cf3bfe-ba3e-4bf5-84d1-0d724cf88622,VA.phsB,virtualCLSmini_PCC/MMXU1.VA.phsB,,cVal.mag.f,virtualCLSmini_PCC/MMXU1.VA.phsB.cVal.mag.f,cfad3272-7173-40cc-a255-e5e9570a6677
413,86,06cf3bfe-ba3e-4bf5-84d1-0d724cf88622,VA.phsB,virtualCLSmini_PCC/MMXU1.VA.phsB,,q,virtualCLSmini_PCC/MMXU1.VA.phsB.q,cb7b1f32-ada2-4dcb-b35b-32dbe02078d5
414,86,06cf3bfe-ba3e-4bf5-84d1-0d724cf88622,VA.phsB,virtualCLSmini_PCC/MMXU1.VA.phsB,,t,virtualCLSmini_PCC/MMXU1.VA.phsB.t,2c2e3395-673c-4458-8e0d-1738a7ef8235
415,86,06cf3bfe-ba3e-4bf5-84d1-0d724cf88622,VA.phsB,virtualCLSmini_PCC/MMXU1.VA.phsB,,units.SIUnit,virtualCLSmini_PCC/MMXU1.VA.phsB.units.SIUnit,552237d3-e4c3-4c0f-82c2-08d367a45239
416,86,06cf3bfe-ba3e-4bf5-84d1-0d724cf88622,VA.phsB,virtualCLSmini_PCC/MMXU1.VA.phsB,,d,virtualCLSmini_PCC/MMXU1.VA.phsB.d,e3a95ba6-f9b4-4049-9531-e72e612212bd
417,87,abaf5c2d-1160-46ce-983a-25cad7eeeb50,VA.phsC,virtualCLSmini_PCC/MMXU1.VA.phsC,,cVal.mag.f,virtualCLSmini_PCC/MMXU1.VA.phsC.cVal.mag.f,91f87ac7-fa25-4e8d-87c4-a2b98d19e3ca
418,87,abaf5c2d-1160-46ce-983a-25cad7eeeb50,VA.phsC,virtualCLSmini_PCC/MMXU1.VA.phsC,,q,virtualCLSmini_PCC/MMXU1.VA.phsC.q,9f82e92d-425f-4751-bd4c-0eb69a026f11
419,87,abaf5c2d-1160-46ce-983a-25cad7eeeb50,VA.phsC,virtualCLSmini_PCC/MMXU1.VA.phsC,,t,virtualCLSmini_PCC/MMXU1.VA.phsC.t,5fb7ef11-0611-4ae4-a353-750203aba283
420,87,abaf5c2d-1160-46ce-983a-25cad7eeeb50,VA.phsC,virtualCLSmini_PCC/MMXU1.VA.phsC,,units.SIUnit,virtualCLSmini_PCC/MMXU1.VA.phsC.units.SIUnit,e5202ad4-3c5b-41ba-a6ef-d4f8dc54a114
421,87,abaf5c2d-1160-46ce-983a-25cad7eeeb50,VA.phsC,virtualCLSmini_PCC/MMXU1.VA.phsC,,d,virtualCLSmini_PCC/MMXU1.VA.phsC.d,7e008038-d90b-4215-bebe-db3a23a7650e
422,88,4af4b098-178a-4e05-8823-57e883290d64,VA.neut,virtualCLSmini_PCC/MMXU1.VA.neut,,cVal.mag.f,virtualCLSmini_PCC/MMXU1.VA.neut.cVal.mag.f,3c11bd12-faf3-41c7-b9bb-18820c900ca6
423,88,4af4b098-178a-4e05-8823-57e883290d64,VA.neut,virtualCLSmini_PCC/MMXU1.VA.neut,,q,virtualCLSmini_PCC/MMXU1.VA.neut.q,91e4c47e-4c00-419c-92a8-7a708de41855
424,88,4af4b098-178a-4e05-8823-57e883290d64,VA.neut,virtualCLSmini_PCC/MMXU1.VA.neut,,t,virtualCLSmini_PCC/MMXU1.VA.neut.t,6a1a3336-7dfc-4d76-9aaa-2fa33064c066
425,88,4af4b098-178a-4e05-8823-57e883290d64,VA.neut,virtualCLSmini_PCC/MMXU1.VA.neut,,units.SIUnit,virtualCLSmini_PCC/MMXU1.VA.neut.units.SIUnit,6c9799dc-c109-4f2d-8a0f-1ecfd924ca08
426,88,4af4b098-178a-4e05-8823-57e883290d64,VA.neut,virtualCLSmini_PCC/MMXU1.VA.neut,,d,virtualCLSmini_PCC/MMXU1.VA.neut.d,1fa558f1-b6b3-4873-aa36-979711af3fe8
427,89,aaa163ea-91a9-45c1-a21c-66cc92a199ec,VA.net,virtualCLSmini_PCC/MMXU1.VA.net,,cVal.mag.f,virtualCLSmini_PCC/MMXU1.VA.net.cVal.mag.f,10612af9-0b93-4870-8c59-8638ff05b820
428,89,aaa163ea-91a9-45c1-a21c-66cc92a199ec,VA.net,virtualCLSmini_PCC/MMXU1.VA.net,,q,virtualCLSmini_PCC/MMXU1.VA.net.q,f3405fe4-0beb-404b-8315-b3f1053c708d
429,89,aaa163ea-91a9-45c1-a21c-66cc92a199ec,VA.net,virtualCLSmini_PCC/MMXU1.VA.net,,t,virtualCLSmini_PCC/MMXU1.VA.net.t,f5280077-9b3c-4c99-a29e-59309c6fb0e9
430,89,aaa163ea-91a9-45c1-a21c-66cc92a199ec,VA.net,virtualCLSmini_PCC/MMXU1.VA.net,,units.SIUnit,virtualCLSmini_PCC/MMXU1.VA.net.units.SIUnit,4930f0d5-94fd-41b3-b9f7-551d8f1aa751
431,89,aaa163ea-91a9-45c1-a21c-66cc92a199ec,VA.net,virtualCLSmini_PCC/MMXU1.VA.net,,d,virtualCLSmini_PCC/MMXU1.VA.net.d,a127b327-8121-4b3e-9195-2a5a6cec6639
432,90,44f9a894-ab5c-45f2-8223-2fd5f107dd0d,VA.res,virtualCLSmini_PCC/MMXU1.VA.res,,cVal.mag.f,virtualCLSmini_PCC/MMXU1.VA.res.cVal.mag.f,4ce2ae04-95c4-4b46-9010-ae59635c31b8
433,90,44f9a894-ab5c-45f2-8223-2fd5f107dd0d,VA.res,virtualCLSmini_PCC/MMXU1.VA.res,,q,virtualCLSmini_PCC/MMXU1.VA.res.q,b6fc0a9a-d474-42dd-8306-f4ddf25063ed
434,90,44f9a894-ab5c-45f2-8223-2fd5f107dd0d,VA.res,virtualCLSmini_PCC/MMXU1.VA.res,,t,virtualCLSmini_PCC/MMXU1.VA.res.t,42aecadf-5486-458d-874f-868d2c0bf037
435,90,44f9a894-ab5c-45f2-8223-2fd5f107dd0d,VA.res,virtualCLSmini_PCC/MMXU1.VA.res,,units.SIUnit,virtualCLSmini_PCC/MMXU1.VA.res.units.SIUnit,50c8306d-ef18-4238-ae62-d6756c32036b
436,90,44f9a894-ab5c-45f2-8223-2fd5f107dd0d,VA.res,virtualCLSmini_PCC/MMXU1.VA.res,,d,virtualCLSmini_PCC/MMXU1.VA.res.d,beb09dae-4f12-4266-bc03-198c0d348c0e
437,91,b4ac15f5-cd80-472a-9e89-17ebade0a0ec,PF.phsA,virtualCLSmini_PCC/MMXU1.PF.phsA,,cVal.mag.f,virtualCLSmini_PCC/MMXU1.PF.phsA.cVal.mag.f,c45c82c7-c58d-47c1-9e67-3bc68353c233
438,91,b4ac15f5-cd80-472a-9e89-17ebade0a0ec,PF.phsA,virtualCLSmini_PCC/MMXU1.PF.phsA,,q,virtualCLSmini_PCC/MMXU1.PF.phsA.q,7afac7da-4afe-4159-8275-979608c0859e
439,91,b4ac15f5-cd80-472a-9e89-17ebade0a0ec,PF.phsA,virtualCLSmini_PCC/MMXU1.PF.phsA,,t,virtualCLSmini_PCC/MMXU1.PF.phsA.t,f8b939a9-ca33-4d5a-be01-3182d89b09e4
440,91,b4ac15f5-cd80-472a-9e89-17ebade0a0ec,PF.phsA,virtualCLSmini_PCC/MMXU1.PF.phsA,,units.SIUnit,virtualCLSmini_PCC/MMXU1.PF.phsA.units.SIUnit,a819683a-d8bc-4785-8f99-ee1a828b4a76
441,91,b4ac15f5-cd80-472a-9e89-17ebade0a0ec,PF.phsA,virtualCLSmini_PCC/MMXU1.PF.phsA,,d,virtualCLSmini_PCC/MMXU1.PF.phsA.d,c22278ce-3d63-44c5-840c-e774db6e9bc1
442,92,f04b0400-64a2-4e4b-bb7a-313c3702d38c,PF.phsB,virtualCLSmini_PCC/MMXU1.PF.phsB,,cVal.mag.f,virtualCLSmini_PCC/MMXU1.PF.phsB.cVal.mag.f,2d2e1e11-69f3-4313-bdfd-8118cab85b03
443,92,f04b0400-64a2-4e4b-bb7a-313c3702d38c,PF.phsB,virtualCLSmini_PCC/MMXU1.PF.phsB,,q,virtualCLSmini_PCC/MMXU1.PF.phsB.q,111cef7b-0f8e-4c49-9e14-93198bfd7ce0
444,92,f04b0400-64a2-4e4b-bb7a-313c3702d38c,PF.phsB,virtualCLSmini_PCC/MMXU1.PF.phsB,,t,virtualCLSmini_PCC/MMXU1.PF.phsB.t,ec1079b3-90b3-4ecb-beee-7025609cc812
445,92,f04b0400-64a2-4e4b-bb7a-313c3702d38c,PF.phsB,virtualCLSmini_PCC/MMXU1.PF.phsB,,units.SIUnit,virtualCLSmini_PCC/MMXU1.PF.phsB.units.SIUnit,e78b428b-fc3a-442c-96b8-3c8c03633cac
446,92,f04b0400-64a2-4e4b-bb7a-313c3702d38c,PF.phsB,virtualCLSmini_PCC/MMXU1.PF.phsB,,d,virtualCLSmini_PCC/MMXU1.PF.phsB.d,2c36142b-fa34-4526-896c-9f428a23e0b7
447,93,41084a3b-0341-4642-ab92-7acdfd5acfcb,PF.phsC,virtualCLSmini_PCC/MMXU1.PF.phsC,,cVal.mag.f,virtualCLSmini_PCC/MMXU1.PF.phsC.cVal.mag.f,e228d3cb-f77e-42d8-bf88-f3d15dabcf21
448,93,41084a3b-0341-4642-ab92-7acdfd5acfcb,PF.phsC,virtualCLSmini_PCC/MMXU1.PF.phsC,,q,virtualCLSmini_PCC/MMXU1.PF.phsC.q,eae5b062-85f5-47cf-bc94-9381b72ede3a
449,93,41084a3b-0341-4642-ab92-7acdfd5acfcb,PF.phsC,virtualCLSmini_PCC/MMXU1.PF.phsC,,t,virtualCLSmini_PCC/MMXU1.PF.phsC.t,2629ef93-ace0-4d1d-8e8c-1b7890d703a2
450,93,41084a3b-0341-4642-ab92-7acdfd5acfcb,PF.phsC,virtualCLSmini_PCC/MMXU1.PF.phsC,,units.SIUnit,virtualCLSmini_PCC/MMXU1.PF.phsC.units.SIUnit,7248b914-2af5-4cba-826c-7fcacaae5dba
451,93,41084a3b-0341-4642-ab92-7acdfd5acfcb,PF.phsC,virtualCLSmini_PCC/MMXU1.PF.phsC,,d,virtualCLSmini_PCC/MMXU1.PF.phsC.d,b79c2746-d89e-493c-8166-7f8b3b919dee
452,94,cd90b1cd-9d23-4979-a140-289e9cdb292c,PF.neut,virtualCLSmini_PCC/MMXU1.PF.neut,,cVal.mag.f,virtualCLSmini_PCC/MMXU1.PF.neut.cVal.mag.f,f52ea765-2fd0-48d2-b520-8a2b8ea1e8b4
453,94,cd90b1cd-9d23-4979-a140-289e9cdb292c,PF.neut,virtualCLSmini_PCC/MMXU1.PF.neut,,q,virtualCLSmini_PCC/MMXU1.PF.neut.q,ca28efad-0e18-4b0a-8f32-3f43a09be2e8
454,94,cd90b1cd-9d23-4979-a140-289e9cdb292c,PF.neut,virtualCLSmini_PCC/MMXU1.PF.neut,,t,virtualCLSmini_PCC/MMXU1.PF.neut.t,daad2ece-6aca-4670-9860-60d637b2ca2b
455,94,cd90b1cd-9d23-4979-a140-289e9cdb292c,PF.neut,virtualCLSmini_PCC/MMXU1.PF.neut,,units.SIUnit,virtualCLSmini_PCC/MMXU1.PF.neut.units.SIUnit,ad5651ed-3eea-46b8-9a8b-10ecb1eed78f
456,94,cd90b1cd-9d23-4979-a140-289e9cdb292c,PF.neut,virtualCLSmini_PCC/MMXU1.PF.neut,,d,virtualCLSmini_PCC/MMXU1.PF.neut.d,1d9864c0-c7d6-44a0-9ec5-ebe325e61fd9
457,95,6222668f-5978-4721-8c64-ce8dc5892c5a,PF.net,virtualCLSmini_PCC/MMXU1.PF.net,,cVal.mag.f,virtualCLSmini_PCC/MMXU1.PF.net.cVal.mag.f,31cfaaee-153a-4fd0-b3c7-a7d8ec0efb5f
458,95,6222668f-5978-4721-8c64-ce8dc5892c5a,PF.net,virtualCLSmini_PCC/MMXU1.PF.net,,q,virtualCLSmini_PCC/MMXU1.PF.net.q,6824ba4b-b35d-4acf-af8d-e0bb9197d81b
459,95,6222668f-5978-4721-8c64-ce8dc5892c5a,PF.net,virtualCLSmini_PCC/MMXU1.PF.net,,t,virtualCLSmini_PCC/MMXU1.PF.net.t,a27050ea-b59d-4f98-97a7-5b4e321e70e2
460,95,6222668f-5978-4721-8c64-ce8dc5892c5a,PF.net,virtualCLSmini_PCC/MMXU1.PF.net,,units.SIUnit,virtualCLSmini_PCC/MMXU1.PF.net.units.SIUnit,3e2482f4-5123-4444-acd5-4b1faff43d2b
461,95,6222668f-5978-4721-8c64-ce8dc5892c5a,PF.net,virtualCLSmini_PCC/MMXU1.PF.net,,d,virtualCLSmini_PCC/MMXU1.PF.net.d,915f38a7-65e5-48a2-b2b5-98bd17789b4e
462,96,0c8e6c9a-e193-40bb-a52b-45be4b40c161,PF.res,virtualCLSmini_PCC/MMXU1.PF.res,,cVal.mag.f,virtualCLSmini_PCC/MMXU1.PF.res.cVal.mag.f,bf2cf5ba-1c0c-4d51-bb5e-c972bcb8cb9f
463,96,0c8e6c9a-e193-40bb-a52b-45be4b40c161,PF.res,virtualCLSmini_PCC/MMXU1.PF.res,,q,virtualCLSmini_PCC/MMXU1.PF.res.q,fe92ff74-a1d9-4fb3-8cfb-2f80d216758b
464,96,0c8e6c9a-e193-40bb-a52b-45be4b40c161,PF.res,virtualCLSmini_PCC/MMXU1.PF.res,,t,virtualCLSmini_PCC/MMXU1.PF.res.t,41aedc48-2999-412b-9638-d9294560ea56
465,96,0c8e6c9a-e193-40bb-a52b-45be4b40c161,PF.res,virtualCLSmini_PCC/MMXU1.PF.res,,units.SIUnit,virtualCLSmini_PCC/MMXU1.PF.res.units.SIUnit,f106c371-c8fc-401b-83ae-505307ed528d
466,96,0c8e6c9a-e193-40bb-a52b-45be4b40c161,PF.res,virtualCLSmini_PCC/MMXU1.PF.res,,d,virtualCLSmini_PCC/MMXU1.PF.res.d,6d0364e9-58fe-4189-b0ac-76ba6aea7325
467,97,7ce75f4e-de8f-4ce1-a15d-61be2236f4de,Z.phsA,virtualCLSmini_PCC/MMXU1.Z.phsA,,cVal.mag.f,virtualCLSmini_PCC/MMXU1.Z.phsA.cVal.mag.f,bb5e89a0-7015-4162-90fb-d0d5c3cea7e4
468,97,7ce75f4e-de8f-4ce1-a15d-61be2236f4de,Z.phsA,virtualCLSmini_PCC/MMXU1.Z.phsA,,q,virtualCLSmini_PCC/MMXU1.Z.phsA.q,cd0fa54a-6b33-442f-b73d-22b6fb0b9af0
469,97,7ce75f4e-de8f-4ce1-a15d-61be2236f4de,Z.phsA,virtualCLSmini_PCC/MMXU1.Z.phsA,,t,virtualCLSmini_PCC/MMXU1.Z.phsA.t,95abcddd-8a98-4e6b-8a52-94d6a696b174
470,97,7ce75f4e-de8f-4ce1-a15d-61be2236f4de,Z.phsA,virtualCLSmini_PCC/MMXU1.Z.phsA,,units.SIUnit,virtualCLSmini_PCC/MMXU1.Z.phsA.units.SIUnit,358fcac5-b61b-49c5-bf13-5347999727b4
471,97,7ce75f4e-de8f-4ce1-a15d-61be2236f4de,Z.phsA,virtualCLSmini_PCC/MMXU1.Z.phsA,,d,virtualCLSmini_PCC/MMXU1.Z.phsA.d,6938f4d7-55fc-4e91-ab12-8e33ff7b3d7e
472,98,ce959e78-d3c7-4843-99b5-e29278bd7ca1,Z.phsB,virtualCLSmini_PCC/MMXU1.Z.phsB,,cVal.mag.f,virtualCLSmini_PCC/MMXU1.Z.phsB.cVal.mag.f,c1ff5d66-d86c-4277-8ef1-13305a5109fd
473,98,ce959e78-d3c7-4843-99b5-e29278bd7ca1,Z.phsB,virtualCLSmini_PCC/MMXU1.Z.phsB,,q,virtualCLSmini_PCC/MMXU1.Z.phsB.q,0484786f-7c30-4fdc-8eb9-ae4056c59743
474,98,ce959e78-d3c7-4843-99b5-e29278bd7ca1,Z.phsB,virtualCLSmini_PCC/MMXU1.Z.phsB,,t,virtualCLSmini_PCC/MMXU1.Z.phsB.t,e7860660-e0e1-418e-a2c0-286a9ab26bcc
475,98,ce959e78-d3c7-4843-99b5-e29278bd7ca1,Z.phsB,virtualCLSmini_PCC/MMXU1.Z.phsB,,units.SIUnit,virtualCLSmini_PCC/MMXU1.Z.phsB.units.SIUnit,ff9d4519-0c84-4028-a4a9-ec37970f3331
476,98,ce959e78-d3c7-4843-99b5-e29278bd7ca1,Z.phsB,virtualCLSmini_PCC/MMXU1.Z.phsB,,d,virtualCLSmini_PCC/MMXU1.Z.phsB.d,9628715f-b0ad-4b9a-8b7c-219b0d7c5969
477,99,10262c96-607a-4351-aa2c-0f2373865867,Z.phsC,virtualCLSmini_PCC/MMXU1.Z.phsC,,cVal.mag.f,virtualCLSmini_PCC/MMXU1.Z.phsC.cVal.mag.f,d2306743-d23b-465e-98f6-610f267674e6
478,99,10262c96-607a-4351-aa2c-0f2373865867,Z.phsC,virtualCLSmini_PCC/MMXU1.Z.phsC,,q,virtualCLSmini_PCC/MMXU1.Z.phsC.q,9794cb75-aea1-47f9-b99c-b5147bfe7579
479,99,10262c96-607a-4351-aa2c-0f2373865867,Z.phsC,virtualCLSmini_PCC/MMXU1.Z.phsC,,t,virtualCLSmini_PCC/MMXU1.Z.phsC.t,37f75775-cff0-4eea-961a-e28eb72be8a1
480,99,10262c96-607a-4351-aa2c-0f2373865867,Z.phsC,virtualCLSmini_PCC/MMXU1.Z.phsC,,units.SIUnit,virtualCLSmini_PCC/MMXU1.Z.phsC.units.SIUnit,43184c5e-28c0-4b27-8528-1038c36b9008
481,99,10262c96-607a-4351-aa2c-0f2373865867,Z.phsC,virtualCLSmini_PCC/MMXU1.Z.phsC,,d,virtualCLSmini_PCC/MMXU1.Z.phsC.d,9bc1373d-89b3-4344-abd6-ecd5394e62cd
482,100,1ba1daf5-4663-4a79-8f65-db7e2c943cfd,Z.neut,virtualCLSmini_PCC/MMXU1.Z.neut,,cVal.mag.f,virtualCLSmini_PCC/MMXU1.Z.neut.cVal.mag.f,36a731da-9b0b-417d-8024-4a0ed97f4586
483,100,1ba1daf5-4663-4a79-8f65-db7e2c943cfd,Z.neut,virtualCLSmini_PCC/MMXU1.Z.neut,,q,virtualCLSmini_PCC/MMXU1.Z.neut.q,5e353cb4-90e2-4d36-b051-cdf5fd490760
484,100,1ba1daf5-4663-4a79-8f65-db7e2c943cfd,Z.neut,virtualCLSmini_PCC/MMXU1.Z.neut,,t,virtualCLSmini_PCC/MMXU1.Z.neut.t,05ff8ee2-c182-43ea-b7f3-9242bf139013
485,100,1ba1daf5-4663-4a79-8f65-db7e2c943cfd,Z.neut,virtualCLSmini_PCC/MMXU1.Z.neut,,units.SIUnit,virtualCLSmini_PCC/MMXU1.Z.neut.units.SIUnit,676ada8a-8927-4d50-879b-4cd2047fbc5c
486,100,1ba1daf5-4663-4a79-8f65-db7e2c943cfd,Z.neut,virtualCLSmini_PCC/MMXU1.Z.neut,,d,virtualCLSmini_PCC/MMXU1.Z.neut.d,cf8f2273-5272-430f-a7ca-3aa21a57c9db
487,101,03e0e760-fcb1-46d1-a8af-32c3bc3037c7,Z.net,virtualCLSmini_PCC/MMXU1.Z.net,,cVal.mag.f,virtualCLSmini_PCC/MMXU1.Z.net.cVal.mag.f,c9795f10-5cc8-437e-86ef-ca17e9b85c75
488,101,03e0e760-fcb1-46d1-a8af-32c3bc3037c7,Z.net,virtualCLSmini_PCC/MMXU1.Z.net,,q,virtualCLSmini_PCC/MMXU1.Z.net.q,1d8fcd0f-4a6d-4e35-a887-3e997d704f13
489,101,03e0e760-fcb1-46d1-a8af-32c3bc3037c7,Z.net,virtualCLSmini_PCC/MMXU1.Z.net,,t,virtualCLSmini_PCC/MMXU1.Z.net.t,95be9d73-c1c6-402a-8296-c339da75ef6f
490,101,03e0e760-fcb1-46d1-a8af-32c3bc3037c7,Z.net,virtualCLSmini_PCC/MMXU1.Z.net,,units.SIUnit,virtualCLSmini_PCC/MMXU1.Z.net.units.SIUnit,9a59c77f-a702-4a2d-a40b-78acd75735c9
491,101,03e0e760-fcb1-46d1-a8af-32c3bc3037c7,Z.net,virtualCLSmini_PCC/MMXU1.Z.net,,d,virtualCLSmini_PCC/MMXU1.Z.net.d,edd89e31-41f5-43c7-b868-35254d96bfd8
492,102,ed9e9878-056d-470d-8e84-28ab6a5d7385,Z.res,virtualCLSmini_PCC/MMXU1.Z.res,,cVal.mag.f,virtualCLSmini_PCC/MMXU1.Z.res.cVal.mag.f,9ea54955-6001-42d2-ae7c-1f14d7303637
493,102,ed9e9878-056d-470d-8e84-28ab6a5d7385,Z.res,virtualCLSmini_PCC/MMXU1.Z.res,,q,virtualCLSmini_PCC/MMXU1.Z.res.q,704d5448-a241-4819-9fff-d319d9d56d0b
494,102,ed9e9878-056d-470d-8e84-28ab6a5d7385,Z.res,virtualCLSmini_PCC/MMXU1.Z.res,,t,virtualCLSmini_PCC/MMXU1.Z.res.t,76c5a0c0-78fa-4881-abdb-631fc5967977
495,102,ed9e9878-056d-470d-8e84-28ab6a5d7385,Z.res,virtualCLSmini_PCC/MMXU1.Z.res,,units.SIUnit,virtualCLSmini_PCC/MMXU1.Z.res.units.SIUnit,60317920-1559-4899-8ada-1bfaff76f2c6
496,102,ed9e9878-056d-470d-8e84-28ab6a5d7385,Z.res,virtualCLSmini_PCC/MMXU1.Z.res,,d,virtualCLSmini_PCC/MMXU1.Z.res.d,ef0f2928-bdd9-43d6-a873-e91f8eb5186b
497,103,c065eb19-7c95-46a4-9c60-871e438dc1cf,AvAPhs,virtualCLSmini_PCC/MMXU1.AvAPhs,,mag.f,virtualCLSmini_PCC/MMXU1.AvAPhs.mag.f,1ed8ba84-e979-4347-a616-e2f167cae62f
498,103,c065eb19-7c95-46a4-9c60-871e438dc1cf,AvAPhs,virtualCLSmini_PCC/MMXU1.AvAPhs,,q,virtualCLSmini_PCC/MMXU1.AvAPhs.q,ea2fac5d-412e-488e-8888-99bcc43aa15b
499,103,c065eb19-7c95-46a4-9c60-871e438dc1cf,AvAPhs,virtualCLSmini_PCC/MMXU1.AvAPhs,,t,virtualCLSmini_PCC/MMXU1.AvAPhs.t,bbf1e740-fe6e-4ded-8933-df4853633b54
500,103,c065eb19-7c95-46a4-9c60-871e438dc1cf,AvAPhs,virtualCLSmini_PCC/MMXU1.AvAPhs,,units.SIUnit,virtualCLSmini_PCC/MMXU1.AvAPhs.units.SIUnit,45052abe-1d05-487c-b370-1c31e1087192
501,103,c065eb19-7c95-46a4-9c60-871e438dc1cf,AvAPhs,virtualCLSmini_PCC/MMXU1.AvAPhs,,d,virtualCLSmini_PCC/MMXU1.AvAPhs.d,0cd0ac4a-6477-4c16-9072-40bdbc3cdca2
502,104,d72e168e-27f7-4c76-b4c8-953c640677bd,AvPPVPhs,virtualCLSmini_PCC/MMXU1.AvPPVPhs,,mag.f,virtualCLSmini_PCC/MMXU1.AvPPVPhs.mag.f,04725983-6cf5-47c5-a0f4-73afc64b6f94
503,104,d72e168e-27f7-4c76-b4c8-953c640677bd,AvPPVPhs,virtualCLSmini_PCC/MMXU1.AvPPVPhs,,q,virtualCLSmini_PCC/MMXU1.AvPPVPhs.q,3a28be09-798f-4cec-a0b9-02b815f00111
504,104,d72e168e-27f7-4c76-b4c8-953c640677bd,AvPPVPhs,virtualCLSmini_PCC/MMXU1.AvPPVPhs,,t,virtualCLSmini_PCC/MMXU1.AvPPVPhs.t,3b6d32d2-8c44-4c4b-81e1-955681890a65
505,104,d72e168e-27f7-4c76-b4c8-953c640677bd,AvPPVPhs,virtualCLSmini_PCC/MMXU1.AvPPVPhs,,units.SIUnit,virtualCLSmini_PCC/MMXU1.AvPPVPhs.units.SIUnit,5553264e-170d-4e2a-9d72-95a2c637a370
506,104,d72e168e-27f7-4c76-b4c8-953c640677bd,AvPPVPhs,virtualCLSmini_PCC/MMXU1.AvPPVPhs,,d,virtualCLSmini_PCC/MMXU1.AvPPVPhs.d,e6f6fa69-028b-4405-b196-a76408d4506f
507,105,b30b4959-42c0-457a-82f3-30b4d8bf6cb0,AvPhVPhs,virtualCLSmini_PCC/MMXU1.AvPhVPhs,,mag.f,virtualCLSmini_PCC/MMXU1.AvPhVPhs.mag.f,5d146000-fa6f-4eac-ba21-e92034ac1d83
508,105,b30b4959-42c0-457a-82f3-30b4d8bf6cb0,AvPhVPhs,virtualCLSmini_PCC/MMXU1.AvPhVPhs,,q,virtualCLSmini_PCC/MMXU1.AvPhVPhs.q,b4971bc9-f9db-4493-8a6b-432fb658c17f
509,105,b30b4959-42c0-457a-82f3-30b4d8bf6cb0,AvPhVPhs,virtualCLSmini_PCC/MMXU1.AvPhVPhs,,t,virtualCLSmini_PCC/MMXU1.AvPhVPhs.t,42798987-5956-4575-8da3-0e90387e5a2d
510,105,b30b4959-42c0-457a-82f3-30b4d8bf6cb0,AvPhVPhs,virtualCLSmini_PCC/MMXU1.AvPhVPhs,,units.SIUnit,virtualCLSmini_PCC/MMXU1.AvPhVPhs.units.SIUnit,d98a409e-b37f-4a82-92d5-97cde6939013
511,105,b30b4959-42c0-457a-82f3-30b4d8bf6cb0,AvPhVPhs,virtualCLSmini_PCC/MMXU1.AvPhVPhs,,d,virtualCLSmini_PCC/MMXU1.AvPhVPhs.d,0d4e4dea-26c3-4c05-a88e-ca2b5c1b7c42
512,106,8bc56704-85ca-4ff7-82e8-501e9c5a38b5,AvWPhs,virtualCLSmini_PCC/MMXU1.AvWPhs,,mag.f,virtualCLSmini_PCC/MMXU1.AvWPhs.mag.f,64b691f8-37b8-4298-b576-b2975407d1e7
513,106,8bc56704-85ca-4ff7-82e8-501e9c5a38b5,AvWPhs,virtualCLSmini_PCC/MMXU1.AvWPhs,,q,virtualCLSmini_PCC/MMXU1.AvWPhs.q,33e19d88-ab18-4721-b980-fcda71710159
514,106,8bc56704-85ca-4ff7-82e8-501e9c5a38b5,AvWPhs,virtualCLSmini_PCC/MMXU1.AvWPhs,,t,virtualCLSmini_PCC/MMXU1.AvWPhs.t,455e52f8-f53f-4de3-8261-48243f4d810a
515,106,8bc56704-85ca-4ff7-82e8-501e9c5a38b5,AvWPhs,virtualCLSmini_PCC/MMXU1.AvWPhs,,units.SIUnit,virtualCLSmini_PCC/MMXU1.AvWPhs.units.SIUnit,e1f49f6b-0671-44de-9153-8a27e0a9fa36
516,106,8bc56704-85ca-4ff7-82e8-501e9c5a38b5,AvWPhs,virtualCLSmini_PCC/MMXU1.AvWPhs,,d,virtualCLSmini_PCC/MMXU1.AvWPhs.d,1f51fa2b-1282-4b4e-a03f-952b253cc8cf
517,107,d5d2feac-d585-43ad-a525-c37870dac2c9,AvVAPhs,virtualCLSmini_PCC/MMXU1.AvVAPhs,,mag.f,virtualCLSmini_PCC/MMXU1.AvVAPhs.mag.f,e591c950-8f97-4711-b57e-840b61d2804c
518,107,d5d2feac-d585-43ad-a525-c37870dac2c9,AvVAPhs,virtualCLSmini_PCC/MMXU1.AvVAPhs,,q,virtualCLSmini_PCC/MMXU1.AvVAPhs.q,80f8cd9c-467f-4ba7-8741-791ed51ba912
519,107,d5d2feac-d585-43ad-a525-c37870dac2c9,AvVAPhs,virtualCLSmini_PCC/MMXU1.AvVAPhs,,t,virtualCLSmini_PCC/MMXU1.AvVAPhs.t,ffe0757f-2ffe-47fc-abb8-505f6628a99c
520,107,d5d2feac-d585-43ad-a525-c37870dac2c9,AvVAPhs,virtualCLSmini_PCC/MMXU1.AvVAPhs,,units.SIUnit,virtualCLSmini_PCC/MMXU1.AvVAPhs.units.SIUnit,8adf53ae-35dc-4cd0-bab9-1cdf1f829c71
521,107,d5d2feac-d585-43ad-a525-c37870dac2c9,AvVAPhs,virtualCLSmini_PCC/MMXU1.AvVAPhs,,d,virtualCLSmini_PCC/MMXU1.AvVAPhs.d,ef9ded3b-6fc7-47f4-a524-306f5aef7906
522,108,e33e9f76-9941-444c-a1b0-f96a83010096,AvVArPhs,virtualCLSmini_PCC/MMXU1.AvVArPhs,,mag.f,virtualCLSmini_PCC/MMXU1.AvVArPhs.mag.f,8d7ab858-68c2-4abd-9761-ef23e3d7cda9
523,108,e33e9f76-9941-444c-a1b0-f96a83010096,AvVArPhs,virtualCLSmini_PCC/MMXU1.AvVArPhs,,q,virtualCLSmini_PCC/MMXU1.AvVArPhs.q,6cbd4823-0692-49b2-9277-2d2455201eb6
524,108,e33e9f76-9941-444c-a1b0-f96a83010096,AvVArPhs,virtualCLSmini_PCC/MMXU1.AvVArPhs,,t,virtualCLSmini_PCC/MMXU1.AvVArPhs.t,106e1b16-63cd-42f1-bbfc-84ea3032d8bc
525,108,e33e9f76-9941-444c-a1b0-f96a83010096,AvVArPhs,virtualCLSmini_PCC/MMXU1.AvVArPhs,,units.SIUnit,virtualCLSmini_PCC/MMXU1.AvVArPhs.units.SIUnit,82fc646b-9e65-48c0-b33b-32ce41706a6f
526,108,e33e9f76-9941-444c-a1b0-f96a83010096,AvVArPhs,virtualCLSmini_PCC/MMXU1.AvVArPhs,,d,virtualCLSmini_PCC/MMXU1.AvVArPhs.d,f3b758d5-965c-485a-9f49-4a35adda18d6
527,109,dc2c8d71-784a-4a31-8672-2a24c5217912,AvPFPhs,virtualCLSmini_PCC/MMXU1.AvPFPhs,,mag.f,virtualCLSmini_PCC/MMXU1.AvPFPhs.mag.f,7542ca34-b252-4024-bcd8-f7164c3de6a6
528,109,dc2c8d71-784a-4a31-8672-2a24c5217912,AvPFPhs,virtualCLSmini_PCC/MMXU1.AvPFPhs,,q,virtualCLSmini_PCC/MMXU1.AvPFPhs.q,e85a8552-ad6c-47e5-a791-0fb1a8dd4042
529,109,dc2c8d71-784a-4a31-8672-2a24c5217912,AvPFPhs,virtualCLSmini_PCC/MMXU1.AvPFPhs,,t,virtualCLSmini_PCC/MMXU1.AvPFPhs.t,add16f6c-efc9-49b3-80e0-52e88f3e9505
530,109,dc2c8d71-784a-4a31-8672-2a24c5217912,AvPFPhs,virtualCLSmini_PCC/MMXU1.AvPFPhs,,units.SIUnit,virtualCLSmini_PCC/MMXU1.AvPFPhs.units.SIUnit,ef94e674-19f2-4c49-9a00-c27a72219f07
531,109,dc2c8d71-784a-4a31-8672-2a24c5217912,AvPFPhs,virtualCLSmini_PCC/MMXU1.AvPFPhs,,d,virtualCLSmini_PCC/MMXU1.AvPFPhs.d,b4c3a91e-10f8-4ded-a739-7db18f05541d
532,110,16dbe649-a5ad-4880-b788-a0a7e7b15862,AvZPhs,virtualCLSmini_PCC/MMXU1.AvZPhs,,mag.f,virtualCLSmini_PCC/MMXU1.AvZPhs.mag.f,8f7459f7-6876-4cee-9667-bb6c477a098e
533,110,16dbe649-a5ad-4880-b788-a0a7e7b15862,AvZPhs,virtualCLSmini_PCC/MMXU1.AvZPhs,,q,virtualCLSmini_PCC/MMXU1.AvZPhs.q,de669d17-175d-4451-b1a5-0540707626b6
534,110,16dbe649-a5ad-4880-b788-a0a7e7b15862,AvZPhs,virtualCLSmini_PCC/MMXU1.AvZPhs,,t,virtualCLSmini_PCC/MMXU1.AvZPhs.t,05101721-332f-4489-832b-4881c473ecab
535,110,16dbe649-a5ad-4880-b788-a0a7e7b15862,AvZPhs,virtualCLSmini_PCC/MMXU1.AvZPhs,,units.SIUnit,virtualCLSmini_PCC/MMXU1.AvZPhs.units.SIUnit,cf90ec2a-623e-40a3-b06c-11cd4e64328f
536,110,16dbe649-a5ad-4880-b788-a0a7e7b15862,AvZPhs,virtualCLSmini_PCC/MMXU1.AvZPhs,,d,virtualCLSmini_PCC/MMXU1.AvZPhs.d,d7350547-3556-4b70-b0f8-202b836aedb4
537,111,54119c7a-36e2-480e-ade1-133171db34a1,MaxAPhs,virtualCLSmini_PCC/MMXU1.MaxAPhs,,mag.f,virtualCLSmini_PCC/MMXU1.MaxAPhs.mag.f,49609bc7-c026-4109-90a9-9c6bcf940423
538,111,54119c7a-36e2-480e-ade1-133171db34a1,MaxAPhs,virtualCLSmini_PCC/MMXU1.MaxAPhs,,q,virtualCLSmini_PCC/MMXU1.MaxAPhs.q,7c823288-575f-4872-8011-94545f4b0000
539,111,54119c7a-36e2-480e-ade1-133171db34a1,MaxAPhs,virtualCLSmini_PCC/MMXU1.MaxAPhs,,t,virtualCLSmini_PCC/MMXU1.MaxAPhs.t,360f47ba-b1de-40f5-95c1-1d8f24199391
540,111,54119c7a-36e2-480e-ade1-133171db34a1,MaxAPhs,virtualCLSmini_PCC/MMXU1.MaxAPhs,,units.SIUnit,virtualCLSmini_PCC/MMXU1.MaxAPhs.units.SIUnit,1dd147ea-a9a9-42e6-9612-c5ea23011b1b
541,111,54119c7a-36e2-480e-ade1-133171db34a1,MaxAPhs,virtualCLSmini_PCC/MMXU1.MaxAPhs,,d,virtualCLSmini_PCC/MMXU1.MaxAPhs.d,d63a5241-a86f-4188-950f-4c93a0bd428f
542,112,1a7ad7d1-4652-45be-82ef-8bd6c3ce5119,MaxPPVPhs,virtualCLSmini_PCC/MMXU1.MaxPPVPhs,,mag.f,virtualCLSmini_PCC/MMXU1.MaxPPVPhs.mag.f,50076aa3-80c8-4623-ae98-3ff128648fda
543,112,1a7ad7d1-4652-45be-82ef-8bd6c3ce5119,MaxPPVPhs,virtualCLSmini_PCC/MMXU1.MaxPPVPhs,,q,virtualCLSmini_PCC/MMXU1.MaxPPVPhs.q,fc83f7a7-f256-4dd0-93a8-4c37f1199ce1
544,112,1a7ad7d1-4652-45be-82ef-8bd6c3ce5119,MaxPPVPhs,virtualCLSmini_PCC/MMXU1.MaxPPVPhs,,t,virtualCLSmini_PCC/MMXU1.MaxPPVPhs.t,3ae45fae-db80-4b9b-af91-9b73e6eb162f
545,112,1a7ad7d1-4652-45be-82ef-8bd6c3ce5119,MaxPPVPhs,virtualCLSmini_PCC/MMXU1.MaxPPVPhs,,units.SIUnit,virtualCLSmini_PCC/MMXU1.MaxPPVPhs.units.SIUnit,f8c76daa-1630-4dfb-901d-baab37fd117d
546,112,1a7ad7d1-4652-45be-82ef-8bd6c3ce5119,MaxPPVPhs,virtualCLSmini_PCC/MMXU1.MaxPPVPhs,,d,virtualCLSmini_PCC/MMXU1.MaxPPVPhs.d,e7e8eac7-6d8c-43d4-a3b7-7b65e45ec6f1
547,113,e2035e82-6f35-42e4-81cf-608ce9ae9aac,MaxPhVPhs,virtualCLSmini_PCC/MMXU1.MaxPhVPhs,,mag.f,virtualCLSmini_PCC/MMXU1.MaxPhVPhs.mag.f,3443c019-d6bd-482e-8338-0e2ba2481a9a
548,113,e2035e82-6f35-42e4-81cf-608ce9ae9aac,MaxPhVPhs,virtualCLSmini_PCC/MMXU1.MaxPhVPhs,,q,virtualCLSmini_PCC/MMXU1.MaxPhVPhs.q,16b17e21-0e67-4591-84ab-30e706bb1c1e
549,113,e2035e82-6f35-42e4-81cf-608ce9ae9aac,MaxPhVPhs,virtualCLSmini_PCC/MMXU1.MaxPhVPhs,,t,virtualCLSmini_PCC/MMXU1.MaxPhVPhs.t,a8824784-ffaa-4ba6-baa0-ab119ccde206
550,113,e2035e82-6f35-42e4-81cf-608ce9ae9aac,MaxPhVPhs,virtualCLSmini_PCC/MMXU1.MaxPhVPhs,,units.SIUnit,virtualCLSmini_PCC/MMXU1.MaxPhVPhs.units.SIUnit,78cbadc4-1c34-49c6-bdba-648fe50358b0
551,113,e2035e82-6f35-42e4-81cf-608ce9ae9aac,MaxPhVPhs,virtualCLSmini_PCC/MMXU1.MaxPhVPhs,,d,virtualCLSmini_PCC/MMXU1.MaxPhVPhs.d,2277702e-da2e-4998-8911-9dda3cb6ad8e
552,114,6e828221-49a5-41dd-beb3-1dcf0f4e98ef,MaxWPhs,virtualCLSmini_PCC/MMXU1.MaxWPhs,,mag.f,virtualCLSmini_PCC/MMXU1.MaxWPhs.mag.f,e006b55e-0b2a-4792-aaa0-677b89810118
553,114,6e828221-49a5-41dd-beb3-1dcf0f4e98ef,MaxWPhs,virtualCLSmini_PCC/MMXU1.MaxWPhs,,q,virtualCLSmini_PCC/MMXU1.MaxWPhs.q,1391763b-1408-4bf6-a3d0-d9d6b7e1673f
554,114,6e828221-49a5-41dd-beb3-1dcf0f4e98ef,MaxWPhs,virtualCLSmini_PCC/MMXU1.MaxWPhs,,t,virtualCLSmini_PCC/MMXU1.MaxWPhs.t,869ce66f-e7b0-49af-a710-75bed0ac81c3
555,114,6e828221-49a5-41dd-beb3-1dcf0f4e98ef,MaxWPhs,virtualCLSmini_PCC/MMXU1.MaxWPhs,,units.SIUnit,virtualCLSmini_PCC/MMXU1.MaxWPhs.units.SIUnit,1767c6d6-7548-42c9-9bb2-fb01ff4fb141
556,114,6e828221-49a5-41dd-beb3-1dcf0f4e98ef,MaxWPhs,virtualCLSmini_PCC/MMXU1.MaxWPhs,,d,virtualCLSmini_PCC/MMXU1.MaxWPhs.d,361a9b7f-e098-433c-8150-43cc105e9ff9
557,115,d43377d2-ace3-4449-b32b-dc8971690bff,MaxVAPhs,virtualCLSmini_PCC/MMXU1.MaxVAPhs,,mag.f,virtualCLSmini_PCC/MMXU1.MaxVAPhs.mag.f,c8ffaf7e-9183-454d-80d0-35dea11791e3
558,115,d43377d2-ace3-4449-b32b-dc8971690bff,MaxVAPhs,virtualCLSmini_PCC/MMXU1.MaxVAPhs,,q,virtualCLSmini_PCC/MMXU1.MaxVAPhs.q,4a4169d2-672a-46c3-94e2-a5e89d78626c
559,115,d43377d2-ace3-4449-b32b-dc8971690bff,MaxVAPhs,virtualCLSmini_PCC/MMXU1.MaxVAPhs,,t,virtualCLSmini_PCC/MMXU1.MaxVAPhs.t,dfb9b629-9c15-440e-a2db-16f58683d548
560,115,d43377d2-ace3-4449-b32b-dc8971690bff,MaxVAPhs,virtualCLSmini_PCC/MMXU1.MaxVAPhs,,units.SIUnit,virtualCLSmini_PCC/MMXU1.MaxVAPhs.units.SIUnit,1ec99e04-b347-490b-8826-6b75817d632c
561,115,d43377d2-ace3-4449-b32b-dc8971690bff,MaxVAPhs,virtualCLSmini_PCC/MMXU1.MaxVAPhs,,d,virtualCLSmini_PCC/MMXU1.MaxVAPhs.d,c2a7d166-c506-478d-964a-41ad60bda21d
562,116,6f0ac172-5484-45b9-9964-26d88ed7e224,MaxVArPhs,virtualCLSmini_PCC/MMXU1.MaxVArPhs,,mag.f,virtualCLSmini_PCC/MMXU1.MaxVArPhs.mag.f,6f5d338d-b805-4dab-978b-5a7e86699dfe
563,116,6f0ac172-5484-45b9-9964-26d88ed7e224,MaxVArPhs,virtualCLSmini_PCC/MMXU1.MaxVArPhs,,q,virtualCLSmini_PCC/MMXU1.MaxVArPhs.q,ab0f9572-d535-4430-becb-b97ffe4f3c03
564,116,6f0ac172-5484-45b9-9964-26d88ed7e224,MaxVArPhs,virtualCLSmini_PCC/MMXU1.MaxVArPhs,,t,virtualCLSmini_PCC/MMXU1.MaxVArPhs.t,0a92da64-80fa-43be-9b84-d3441f78420c
565,116,6f0ac172-5484-45b9-9964-26d88ed7e224,MaxVArPhs,virtualCLSmini_PCC/MMXU1.MaxVArPhs,,units.SIUnit,virtualCLSmini_PCC/MMXU1.MaxVArPhs.units.SIUnit,d66deae4-df93-440d-86f5-2bd5282267eb
566,116,6f0ac172-5484-45b9-9964-26d88ed7e224,MaxVArPhs,virtualCLSmini_PCC/MMXU1.MaxVArPhs,,d,virtualCLSmini_PCC/MMXU1.MaxVArPhs.d,80fc27bb-8549-408f-8a58-5515d91e2cb9
567,117,364cb993-562a-4ab3-9391-9c94338a69a2,MaxPFPhs,virtualCLSmini_PCC/MMXU1.MaxPFPhs,,mag.f,virtualCLSmini_PCC/MMXU1.MaxPFPhs.mag.f,21887bf7-ee2d-47d1-ba4a-4726826006d6
568,117,364cb993-562a-4ab3-9391-9c94338a69a2,MaxPFPhs,virtualCLSmini_PCC/MMXU1.MaxPFPhs,,q,virtualCLSmini_PCC/MMXU1.MaxPFPhs.q,88a0bbc3-e630-497c-8ab6-b71debde2cea
569,117,364cb993-562a-4ab3-9391-9c94338a69a2,MaxPFPhs,virtualCLSmini_PCC/MMXU1.MaxPFPhs,,t,virtualCLSmini_PCC/MMXU1.MaxPFPhs.t,908b49fd-8e04-45f2-9335-a48ba2e6bf74
570,117,364cb993-562a-4ab3-9391-9c94338a69a2,MaxPFPhs,virtualCLSmini_PCC/MMXU1.MaxPFPhs,,units.SIUnit,virtualCLSmini_PCC/MMXU1.MaxPFPhs.units.SIUnit,e600ad5c-e15a-4ff6-b444-06ad21c56865
571,117,364cb993-562a-4ab3-9391-9c94338a69a2,MaxPFPhs,virtualCLSmini_PCC/MMXU1.MaxPFPhs,,d,virtualCLSmini_PCC/MMXU1.MaxPFPhs.d,1d99461d-7e66-4643-81e4-463a0480e185
572,118,39342dce-dc8b-40fc-921d-10b99467fec6,MaxZPhs,virtualCLSmini_PCC/MMXU1.MaxZPhs,,mag.f,virtualCLSmini_PCC/MMXU1.MaxZPhs.mag.f,acff9d5a-861f-46be-9601-6283a093c2dd
573,118,39342dce-dc8b-40fc-921d-10b99467fec6,MaxZPhs,virtualCLSmini_PCC/MMXU1.MaxZPhs,,q,virtualCLSmini_PCC/MMXU1.MaxZPhs.q,d9e6e75c-56b6-4804-abe4-3bca314b8d1b
574,118,39342dce-dc8b-40fc-921d-10b99467fec6,MaxZPhs,virtualCLSmini_PCC/MMXU1.MaxZPhs,,t,virtualCLSmini_PCC/MMXU1.MaxZPhs.t,6a192ddf-8386-4adb-9b4a-f02ca651b388
575,118,39342dce-dc8b-40fc-921d-10b99467fec6,MaxZPhs,virtualCLSmini_PCC/MMXU1.MaxZPhs,,units.SIUnit,virtualCLSmini_PCC/MMXU1.MaxZPhs.units.SIUnit,44f6377a-d7e3-45a0-9cf5-f357a6ac3813
576,118,39342dce-dc8b-40fc-921d-10b99467fec6,MaxZPhs,virtualCLSmini_PCC/MMXU1.MaxZPhs,,d,virtualCLSmini_PCC/MMXU1.MaxZPhs.d,ed3f1e45-983f-4826-92f8-5279b0991ba7
577,119,62e666ee-0200-44a5-82e6-37647ab8819c,MinAPhs,virtualCLSmini_PCC/MMXU1.MinAPhs,,mag.f,virtualCLSmini_PCC/MMXU1.MinAPhs.mag.f,3933587c-f02e-4522-baa8-da2b3434f3d1
578,119,62e666ee-0200-44a5-82e6-37647ab8819c,MinAPhs,virtualCLSmini_PCC/MMXU1.MinAPhs,,q,virtualCLSmini_PCC/MMXU1.MinAPhs.q,ea66cfb7-3300-4dd4-bbb0-d39a64bda3a9
579,119,62e666ee-0200-44a5-82e6-37647ab8819c,MinAPhs,virtualCLSmini_PCC/MMXU1.MinAPhs,,t,virtualCLSmini_PCC/MMXU1.MinAPhs.t,a5b2a1fd-cf0d-4da9-9c0d-6349469e1ac7
580,119,62e666ee-0200-44a5-82e6-37647ab8819c,MinAPhs,virtualCLSmini_PCC/MMXU1.MinAPhs,,units.SIUnit,virtualCLSmini_PCC/MMXU1.MinAPhs.units.SIUnit,0b6bb575-9b3b-4b18-ac96-031168940c1d
581,119,62e666ee-0200-44a5-82e6-37647ab8819c,MinAPhs,virtualCLSmini_PCC/MMXU1.MinAPhs,,d,virtualCLSmini_PCC/MMXU1.MinAPhs.d,f07b9371-8c23-4753-87f7-f0b18a879378
582,120,26601223-fa60-4065-9135-0872386e1b73,MinPPVPhs,virtualCLSmini_PCC/MMXU1.MinPPVPhs,,mag.f,virtualCLSmini_PCC/MMXU1.MinPPVPhs.mag.f,c1c60ea0-5eee-4883-a369-500aa4593885
583,120,26601223-fa60-4065-9135-0872386e1b73,MinPPVPhs,virtualCLSmini_PCC/MMXU1.MinPPVPhs,,q,virtualCLSmini_PCC/MMXU1.MinPPVPhs.q,58a442d0-95af-42a6-8a60-5a1d9eeb72ca
584,120,26601223-fa60-4065-9135-0872386e1b73,MinPPVPhs,virtualCLSmini_PCC/MMXU1.MinPPVPhs,,t,virtualCLSmini_PCC/MMXU1.MinPPVPhs.t,2953bb76-0138-4e1a-9235-f722d1571abc
585,120,26601223-fa60-4065-9135-0872386e1b73,MinPPVPhs,virtualCLSmini_PCC/MMXU1.MinPPVPhs,,units.SIUnit,virtualCLSmini_PCC/MMXU1.MinPPVPhs.units.SIUnit,94e3e21b-7038-49d5-8a67-69c082bf6e71
586,120,26601223-fa60-4065-9135-0872386e1b73,MinPPVPhs,virtualCLSmini_PCC/MMXU1.MinPPVPhs,,d,virtualCLSmini_PCC/MMXU1.MinPPVPhs.d,bf5ba2d2-fd1f-4ecf-bc17-cfba15829a42
587,121,b871a592-9aed-4677-8441-bf872a25ca6e,MinPhVPhs,virtualCLSmini_PCC/MMXU1.MinPhVPhs,,mag.f,virtualCLSmini_PCC/MMXU1.MinPhVPhs.mag.f,b8db2194-e6c0-483a-8d0f-f4a8641d4c9f
588,121,b871a592-9aed-4677-8441-bf872a25ca6e,MinPhVPhs,virtualCLSmini_PCC/MMXU1.MinPhVPhs,,q,virtualCLSmini_PCC/MMXU1.MinPhVPhs.q,3b6d3f85-1aa4-41c2-b6fa-30e38dd27eb6
589,121,b871a592-9aed-4677-8441-bf872a25ca6e,MinPhVPhs,virtualCLSmini_PCC/MMXU1.MinPhVPhs,,t,virtualCLSmini_PCC/MMXU1.MinPhVPhs.t,bc4fe87b-357c-42d1-8b84-7220f21ce380
590,121,b871a592-9aed-4677-8441-bf872a25ca6e,MinPhVPhs,virtualCLSmini_PCC/MMXU1.MinPhVPhs,,units.SIUnit,virtualCLSmini_PCC/MMXU1.MinPhVPhs.units.SIUnit,1dba3c05-3c05-48ee-87ae-8194f5345e73
591,121,b871a592-9aed-4677-8441-bf872a25ca6e,MinPhVPhs,virtualCLSmini_PCC/MMXU1.MinPhVPhs,,d,virtualCLSmini_PCC/MMXU1.MinPhVPhs.d,a021c4bc-098d-4efa-9bf8-6e013f3ea1e5
592,122,a2447309-c235-4429-b339-7ca38f37333f,MinWPhs,virtualCLSmini_PCC/MMXU1.MinWPhs,,mag.f,virtualCLSmini_PCC/MMXU1.MinWPhs.mag.f,e62c74d0-59fd-4ffc-9f9e-1fd74adf6ce5
593,122,a2447309-c235-4429-b339-7ca38f37333f,MinWPhs,virtualCLSmini_PCC/MMXU1.MinWPhs,,q,virtualCLSmini_PCC/MMXU1.MinWPhs.q,d8a8ea5f-e637-46ce-a992-a64e4f4d1acf
594,122,a2447309-c235-4429-b339-7ca38f37333f,MinWPhs,virtualCLSmini_PCC/MMXU1.MinWPhs,,t,virtualCLSmini_PCC/MMXU1.MinWPhs.t,ef021c0f-e607-41ac-b667-f24e8dcc1fd6
595,122,a2447309-c235-4429-b339-7ca38f37333f,MinWPhs,virtualCLSmini_PCC/MMXU1.MinWPhs,,units.SIUnit,virtualCLSmini_PCC/MMXU1.MinWPhs.units.SIUnit,6c3b3f05-7856-42e2-a384-e784d1fbd3b8
596,122,a2447309-c235-4429-b339-7ca38f37333f,MinWPhs,virtualCLSmini_PCC/MMXU1.MinWPhs,,d,virtualCLSmini_PCC/MMXU1.MinWPhs.d,db5480a6-8ac2-4c71-9f70-3304ab967475
597,123,6bdbb3b8-1fc0-4647-a462-e369f08240f2,MinVAPhs,virtualCLSmini_PCC/MMXU1.MinVAPhs,,mag.f,virtualCLSmini_PCC/MMXU1.MinVAPhs.mag.f,eb1e2666-30b2-4462-ab0d-a6fa26d061f0
598,123,6bdbb3b8-1fc0-4647-a462-e369f08240f2,MinVAPhs,virtualCLSmini_PCC/MMXU1.MinVAPhs,,q,virtualCLSmini_PCC/MMXU1.MinVAPhs.q,154dad28-67d0-41fa-a24d-bc290fa27aac
599,123,6bdbb3b8-1fc0-4647-a462-e369f08240f2,MinVAPhs,virtualCLSmini_PCC/MMXU1.MinVAPhs,,t,virtualCLSmini_PCC/MMXU1.MinVAPhs.t,ffea45a9-14ec-4cda-a880-1ef2d0f5bf3f
600,123,6bdbb3b8-1fc0-4647-a462-e369f08240f2,MinVAPhs,virtualCLSmini_PCC/MMXU1.MinVAPhs,,units.SIUnit,virtualCLSmini_PCC/MMXU1.MinVAPhs.units.SIUnit,11640a5a-4394-4e21-9df9-8ae4a300d0dc
601,123,6bdbb3b8-1fc0-4647-a462-e369f08240f2,MinVAPhs,virtualCLSmini_PCC/MMXU1.MinVAPhs,,d,virtualCLSmini_PCC/MMXU1.MinVAPhs.d,c929a590-63a7-47f8-a7d0-9e0ee62d57e0
602,124,bcfa0572-234e-449e-b0ca-7df1403692c8,MinVArPhs,virtualCLSmini_PCC/MMXU1.MinVArPhs,,mag.f,virtualCLSmini_PCC/MMXU1.MinVArPhs.mag.f,39b91f01-d583-479a-8797-cdbf30154931
603,124,bcfa0572-234e-449e-b0ca-7df1403692c8,MinVArPhs,virtualCLSmini_PCC/MMXU1.MinVArPhs,,q,virtualCLSmini_PCC/MMXU1.MinVArPhs.q,76fdd503-6a82-4f19-bdef-c527efb70daa
604,124,bcfa0572-234e-449e-b0ca-7df1403692c8,MinVArPhs,virtualCLSmini_PCC/MMXU1.MinVArPhs,,t,virtualCLSmini_PCC/MMXU1.MinVArPhs.t,473f9d96-d096-4696-bd87-68ed301eeebe
605,124,bcfa0572-234e-449e-b0ca-7df1403692c8,MinVArPhs,virtualCLSmini_PCC/MMXU1.MinVArPhs,,units.SIUnit,virtualCLSmini_PCC/MMXU1.MinVArPhs.units.SIUnit,c342a271-5b2d-4a6c-8d66-1163e2068e0b
606,124,bcfa0572-234e-449e-b0ca-7df1403692c8,MinVArPhs,virtualCLSmini_PCC/MMXU1.MinVArPhs,,d,virtualCLSmini_PCC/MMXU1.MinVArPhs.d,5b2f1e8e-bf65-4d7d-bb1a-e9f4a07439ec
607,125,3d9622a3-763c-4f16-af37-ca2ab0b56a9f,MinPFPhs,virtualCLSmini_PCC/MMXU1.MinPFPhs,,mag.f,virtualCLSmini_PCC/MMXU1.MinPFPhs.mag.f,8d6c44f8-956c-43d4-8bb0-81ac4a24c95b
608,125,3d9622a3-763c-4f16-af37-ca2ab0b56a9f,MinPFPhs,virtualCLSmini_PCC/MMXU1.MinPFPhs,,q,virtualCLSmini_PCC/MMXU1.MinPFPhs.q,8f039965-fda5-4bee-8e7b-181232aed566
609,125,3d9622a3-763c-4f16-af37-ca2ab0b56a9f,MinPFPhs,virtualCLSmini_PCC/MMXU1.MinPFPhs,,t,virtualCLSmini_PCC/MMXU1.MinPFPhs.t,91d15c66-22b8-4245-9964-10f719fe6260
610,125,3d9622a3-763c-4f16-af37-ca2ab0b56a9f,MinPFPhs,virtualCLSmini_PCC/MMXU1.MinPFPhs,,units.SIUnit,virtualCLSmini_PCC/MMXU1.MinPFPhs.units.SIUnit,2766002a-3915-4120-96d6-f3c5b8aaf553
611,125,3d9622a3-763c-4f16-af37-ca2ab0b56a9f,MinPFPhs,virtualCLSmini_PCC/MMXU1.MinPFPhs,,d,virtualCLSmini_PCC/MMXU1.MinPFPhs.d,7c141b4a-cb1b-413c-95f6-a51ebefe615a
612,126,fb3b3ebe-dace-4232-b44c-6b2d7c79dcf7,MinZPhs,virtualCLSmini_PCC/MMXU1.MinZPhs,,mag.f,virtualCLSmini_PCC/MMXU1.MinZPhs.mag.f,9c91c2d3-faf2-4eb7-a516-17a79c6c9598
613,126,fb3b3ebe-dace-4232-b44c-6b2d7c79dcf7,MinZPhs,virtualCLSmini_PCC/MMXU1.MinZPhs,,q,virtualCLSmini_PCC/MMXU1.MinZPhs.q,65c39c99-fa85-4112-bc84-095ca0d1d358
614,126,fb3b3ebe-dace-4232-b44c-6b2d7c79dcf7,MinZPhs,virtualCLSmini_PCC/MMXU1.MinZPhs,,t,virtualCLSmini_PCC/MMXU1.MinZPhs.t,40cb8f34-6eec-49d6-9150-03d8c8b4f708
615,126,fb3b3ebe-dace-4232-b44c-6b2d7c79dcf7,MinZPhs,virtualCLSmini_PCC/MMXU1.MinZPhs,,units.SIUnit,virtualCLSmini_PCC/MMXU1.MinZPhs.units.SIUnit,d5132a4d-f3e5-4f32-b604-0c7eda3dcefc
616,126,fb3b3ebe-dace-4232-b44c-6b2d7c79dcf7,MinZPhs,virtualCLSmini_PCC/MMXU1.MinZPhs,,d,virtualCLSmini_PCC/MMXU1.MinZPhs.d,bdeebe56-046b-417a-80b4-8be39c743c1b
617,127,b0e54883-c54f-48e9-8068-9a849ec52ee3,HzRte,virtualCLSmini_PCC/MMXU1.HzRte,,mag.f,virtualCLSmini_PCC/MMXU1.HzRte.mag.f,15004241-c707-48f7-b9d8-fd7ab88e02b3
618,127,b0e54883-c54f-48e9-8068-9a849ec52ee3,HzRte,virtualCLSmini_PCC/MMXU1.HzRte,,q,virtualCLSmini_PCC/MMXU1.HzRte.q,feb27046-818d-4ba0-ba8f-5822726ee455
619,127,b0e54883-c54f-48e9-8068-9a849ec52ee3,HzRte,virtualCLSmini_PCC/MMXU1.HzRte,,t,virtualCLSmini_PCC/MMXU1.HzRte.t,492e8cec-b53e-41bf-baff-3f4e41a99d08
620,127,b0e54883-c54f-48e9-8068-9a849ec52ee3,HzRte,virtualCLSmini_PCC/MMXU1.HzRte,,units.SIUnit,virtualCLSmini_PCC/MMXU1.HzRte.units.SIUnit,2556a7a5-d440-4da1-8c72-dfe56dbf39f7
621,127,b0e54883-c54f-48e9-8068-9a849ec52ee3,HzRte,virtualCLSmini_PCC/MMXU1.HzRte,,d,virtualCLSmini_PCC/MMXU1.HzRte.d,4d2b6710-8165-405d-9fc8-a6b57ff7564d
622,128,8f877783-66b7-42b3-91db-96030351184a,Mod,virtualCLSmini_PCC/MMXU1.Mod,,origin.orCat,virtualCLSmini_PCC/MMXU1.Mod.origin.orCat,ccc5f1ca-9a92-4446-ad90-8ef6d238935e
623,128,8f877783-66b7-42b3-91db-96030351184a,Mod,virtualCLSmini_PCC/MMXU1.Mod,,origin.orIdent,virtualCLSmini_PCC/MMXU1.Mod.origin.orIdent,be6b0df2-bedd-4f85-bb62-37843837da9d
624,128,8f877783-66b7-42b3-91db-96030351184a,Mod,virtualCLSmini_PCC/MMXU1.Mod,,ctlNum,virtualCLSmini_PCC/MMXU1.Mod.ctlNum,e5040db3-c1a5-4cce-a258-c5c122adbb30
625,128,8f877783-66b7-42b3-91db-96030351184a,Mod,virtualCLSmini_PCC/MMXU1.Mod,,stVal,virtualCLSmini_PCC/MMXU1.Mod.stVal,461b6ccc-dc15-45cf-9cbd-2e32333c29e4
626,128,8f877783-66b7-42b3-91db-96030351184a,Mod,virtualCLSmini_PCC/MMXU1.Mod,,q,virtualCLSmini_PCC/MMXU1.Mod.q,fcfaa53f-1b56-495c-8ad4-3155aa98495b
627,128,8f877783-66b7-42b3-91db-96030351184a,Mod,virtualCLSmini_PCC/MMXU1.Mod,,t,virtualCLSmini_PCC/MMXU1.Mod.t,70d1326b-9c19-4a36-95a6-3ff5b9550642
628,128,8f877783-66b7-42b3-91db-96030351184a,Mod,virtualCLSmini_PCC/MMXU1.Mod,,ctlModel,virtualCLSmini_PCC/MMXU1.Mod.ctlModel,838559a9-82c5-403c-b5df-f391a19f7fc2
629,128,8f877783-66b7-42b3-91db-96030351184a,Mod,virtualCLSmini_PCC/MMXU1.Mod,,ctlVal,virtualCLSmini_PCC/MMXU1.Mod.ctlVal,c71b7710-5de5-415f-8032-84e337969532
630,128,8f877783-66b7-42b3-91db-96030351184a,Mod,virtualCLSmini_PCC/MMXU1.Mod,,d,virtualCLSmini_PCC/MMXU1.Mod.d,5510041a-dffd-4746-912b-c2253e3ecec9
631,129,ece2f4cc-5f38-490e-882e-4d77cc1bdc65,NamPlt,virtualCLSmini_PCC/MMTR1.NamPlt,,vendor,virtualCLSmini_PCC/MMTR1.NamPlt.vendor,5ebb59de-52cf-466a-a572-b0af19a85d7f
632,129,ece2f4cc-5f38-490e-882e-4d77cc1bdc65,NamPlt,virtualCLSmini_PCC/MMTR1.NamPlt,,swRev,virtualCLSmini_PCC/MMTR1.NamPlt.swRev,c78567fe-dd76-4d5f-a12b-317c37ebf6f0
633,129,ece2f4cc-5f38-490e-882e-4d77cc1bdc65,NamPlt,virtualCLSmini_PCC/MMTR1.NamPlt,,configRev,virtualCLSmini_PCC/MMTR1.NamPlt.configRev,18206e83-9902-4adf-a1fd-34e47ac38c68
634,129,ece2f4cc-5f38-490e-882e-4d77cc1bdc65,NamPlt,virtualCLSmini_PCC/MMTR1.NamPlt,,d,virtualCLSmini_PCC/MMTR1.NamPlt.d,bf74f565-34d5-4a51-a347-739a8d8dec76
635,130,64751760-6c1e-4a72-9415-effb389503a6,Beh,virtualCLSmini_PCC/MMTR1.Beh,,stVal,virtualCLSmini_PCC/MMTR1.Beh.stVal,a0ee78da-328e-484b-ba2a-e4bf4f0011c3
636,130,64751760-6c1e-4a72-9415-effb389503a6,Beh,virtualCLSmini_PCC/MMTR1.Beh,,q,virtualCLSmini_PCC/MMTR1.Beh.q,7de6514c-2d2d-467c-98c5-b7a9745a531d
637,130,64751760-6c1e-4a72-9415-effb389503a6,Beh,virtualCLSmini_PCC/MMTR1.Beh,,t,virtualCLSmini_PCC/MMTR1.Beh.t,c4a37caa-ff70-4fff-9a26-f2bee9e0baf1
638,130,64751760-6c1e-4a72-9415-effb389503a6,Beh,virtualCLSmini_PCC/MMTR1.Beh,,d,virtualCLSmini_PCC/MMTR1.Beh.d,99a4f78f-249b-4e67-92aa-f1438325dabe
639,131,20c6c875-4912-4748-b32e-3308df67a144,Health,virtualCLSmini_PCC/MMTR1.Health,,stVal,virtualCLSmini_PCC/MMTR1.Health.stVal,1d0980e5-e4f3-4dc4-a1fc-8c63158c46e4
640,131,20c6c875-4912-4748-b32e-3308df67a144,Health,virtualCLSmini_PCC/MMTR1.Health,,q,virtualCLSmini_PCC/MMTR1.Health.q,685b9b08-5898-4193-9426-42432f9067b8
641,131,20c6c875-4912-4748-b32e-3308df67a144,Health,virtualCLSmini_PCC/MMTR1.Health,,t,virtualCLSmini_PCC/MMTR1.Health.t,e6fd8061-28e9-48cc-9173-04d72d787efb
642,131,20c6c875-4912-4748-b32e-3308df67a144,Health,virtualCLSmini_PCC/MMTR1.Health,,d,virtualCLSmini_PCC/MMTR1.Health.d,2bad25ba-1913-4bee-85f4-9f6d99650a24
643,132,16ff15cc-9f91-480a-97ce-e0b4f31d393e,TotVAh,virtualCLSmini_PCC/MMTR1.TotVAh,,actVal,virtualCLSmini_PCC/MMTR1.TotVAh.actVal,9e73cb57-0498-4343-a74b-03c495264471
644,132,16ff15cc-9f91-480a-97ce-e0b4f31d393e,TotVAh,virtualCLSmini_PCC/MMTR1.TotVAh,,q,virtualCLSmini_PCC/MMTR1.TotVAh.q,2978cdbb-766a-484c-bf0a-737afb35079a
645,132,16ff15cc-9f91-480a-97ce-e0b4f31d393e,TotVAh,virtualCLSmini_PCC/MMTR1.TotVAh,,t,virtualCLSmini_PCC/MMTR1.TotVAh.t,cb1a4839-1b33-416a-9d98-e6a1f01c7424
646,132,16ff15cc-9f91-480a-97ce-e0b4f31d393e,TotVAh,virtualCLSmini_PCC/MMTR1.TotVAh,,units.SIUnit,virtualCLSmini_PCC/MMTR1.TotVAh.units.SIUnit,af704816-765f-4c66-aec4-ce86e957da35
647,132,16ff15cc-9f91-480a-97ce-e0b4f31d393e,TotVAh,virtualCLSmini_PCC/MMTR1.TotVAh,,pulsQty,virtualCLSmini_PCC/MMTR1.TotVAh.pulsQty,18d535a9-c733-45b2-9a4f-9135ba8d3d73
648,132,16ff15cc-9f91-480a-97ce-e0b4f31d393e,TotVAh,virtualCLSmini_PCC/MMTR1.TotVAh,,d,virtualCLSmini_PCC/MMTR1.TotVAh.d,56beb238-9e0f-45a6-869e-cbe228d50064
649,133,b2c09f0f-b1af-442f-8640-db1ab1fc2f40,TotWh,virtualCLSmini_PCC/MMTR1.TotWh,,actVal,virtualCLSmini_PCC/MMTR1.TotWh.actVal,d44a5b72-1c3f-4aba-9d1c-4837cbd1af13
650,133,b2c09f0f-b1af-442f-8640-db1ab1fc2f40,TotWh,virtualCLSmini_PCC/MMTR1.TotWh,,q,virtualCLSmini_PCC/MMTR1.TotWh.q,f031425a-4129-4d7b-a22e-c824d2945779
651,133,b2c09f0f-b1af-442f-8640-db1ab1fc2f40,TotWh,virtualCLSmini_PCC/MMTR1.TotWh,,t,virtualCLSmini_PCC/MMTR1.TotWh.t,93b9f5ed-fca7-4f88-b31d-17b7cb106f2d
652,133,b2c09f0f-b1af-442f-8640-db1ab1fc2f40,TotWh,virtualCLSmini_PCC/MMTR1.TotWh,,units.SIUnit,virtualCLSmini_PCC/MMTR1.TotWh.units.SIUnit,ef1df552-7859-44fd-acf4-eb6557d19b71
653,133,b2c09f0f-b1af-442f-8640-db1ab1fc2f40,TotWh,virtualCLSmini_PCC/MMTR1.TotWh,,pulsQty,virtualCLSmini_PCC/MMTR1.TotWh.pulsQty,0a1d02f0-2044-4ef2-8ff6-85d273b668a3
654,133,b2c09f0f-b1af-442f-8640-db1ab1fc2f40,TotWh,virtualCLSmini_PCC/MMTR1.TotWh,,d,virtualCLSmini_PCC/MMTR1.TotWh.d,6edc4a80-5572-4379-95bb-a3428fd2e4e9
655,134,c56b681e-dd95-475a-8a91-65280ac72681,TotVArh,virtualCLSmini_PCC/MMTR1.TotVArh,,actVal,virtualCLSmini_PCC/MMTR1.TotVArh.actVal,6093329f-cf81-466f-87f1-ea50aec21dd9
656,134,c56b681e-dd95-475a-8a91-65280ac72681,TotVArh,virtualCLSmini_PCC/MMTR1.TotVArh,,q,virtualCLSmini_PCC/MMTR1.TotVArh.q,5859a7ae-bdbc-4b0a-8f8e-8b4df485b383
657,134,c56b681e-dd95-475a-8a91-65280ac72681,TotVArh,virtualCLSmini_PCC/MMTR1.TotVArh,,t,virtualCLSmini_PCC/MMTR1.TotVArh.t,36f6c3d9-4434-49bc-9fe4-dd3a0332f8a0
658,134,c56b681e-dd95-475a-8a91-65280ac72681,TotVArh,virtualCLSmini_PCC/MMTR1.TotVArh,,units.SIUnit,virtualCLSmini_PCC/MMTR1.TotVArh.units.SIUnit,e677c46d-9a68-43a1-b912-104783d20496
659,134,c56b681e-dd95-475a-8a91-65280ac72681,TotVArh,virtualCLSmini_PCC/MMTR1.TotVArh,,pulsQty,virtualCLSmini_PCC/MMTR1.TotVArh.pulsQty,2909a26f-8792-49a2-9ad4-7670eec382fa
660,134,c56b681e-dd95-475a-8a91-65280ac72681,TotVArh,virtualCLSmini_PCC/MMTR1.TotVArh,,d,virtualCLSmini_PCC/MMTR1.TotVArh.d,53012095-d4cf-463e-9e69-c9c4c9c0af06
661,135,7568ccae-2146-407e-841a-ad17aacfb391,SupWh,virtualCLSmini_PCC/MMTR1.SupWh,,actVal,virtualCLSmini_PCC/MMTR1.SupWh.actVal,0c1a55d7-2aed-48d4-9f11-ed6b066ecf7c
662,135,7568ccae-2146-407e-841a-ad17aacfb391,SupWh,virtualCLSmini_PCC/MMTR1.SupWh,,q,virtualCLSmini_PCC/MMTR1.SupWh.q,bb276b54-3dbc-428b-a82f-af886e7a3694
663,135,7568ccae-2146-407e-841a-ad17aacfb391,SupWh,virtualCLSmini_PCC/MMTR1.SupWh,,t,virtualCLSmini_PCC/MMTR1.SupWh.t,a5ac18d9-4d94-4fbd-bc12-6f94855f1785
664,135,7568ccae-2146-407e-841a-ad17aacfb391,SupWh,virtualCLSmini_PCC/MMTR1.SupWh,,units.SIUnit,virtualCLSmini_PCC/MMTR1.SupWh.units.SIUnit,9d5c7144-e6e1-4dd0-a574-0351904b6220
665,135,7568ccae-2146-407e-841a-ad17aacfb391,SupWh,virtualCLSmini_PCC/MMTR1.SupWh,,pulsQty,virtualCLSmini_PCC/MMTR1.SupWh.pulsQty,72fc584c-2b86-4d1b-ad41-92247fe7c721
666,135,7568ccae-2146-407e-841a-ad17aacfb391,SupWh,virtualCLSmini_PCC/MMTR1.SupWh,,d,virtualCLSmini_PCC/MMTR1.SupWh.d,f08221eb-a2d9-450f-b8fa-bfd5923148e3
667,136,37992856-6568-4c7d-8ebe-9fddceae6422,SupVArh,virtualCLSmini_PCC/MMTR1.SupVArh,,actVal,virtualCLSmini_PCC/MMTR1.SupVArh.actVal,b426ec3d-8b2b-43be-bcc8-ca562b26a084
668,136,37992856-6568-4c7d-8ebe-9fddceae6422,SupVArh,virtualCLSmini_PCC/MMTR1.SupVArh,,q,virtualCLSmini_PCC/MMTR1.SupVArh.q,2c6b2f38-a970-46ab-aa3f-4252203fbdb4
669,136,37992856-6568-4c7d-8ebe-9fddceae6422,SupVArh,virtualCLSmini_PCC/MMTR1.SupVArh,,t,virtualCLSmini_PCC/MMTR1.SupVArh.t,0f8abac4-768c-4ac8-9336-1ad53856a79d
670,136,37992856-6568-4c7d-8ebe-9fddceae6422,SupVArh,virtualCLSmini_PCC/MMTR1.SupVArh,,units.SIUnit,virtualCLSmini_PCC/MMTR1.SupVArh.units.SIUnit,69779a84-c2ed-4c6e-ac29-1b70313d3cfb
671,136,37992856-6568-4c7d-8ebe-9fddceae6422,SupVArh,virtualCLSmini_PCC/MMTR1.SupVArh,,pulsQty,virtualCLSmini_PCC/MMTR1.SupVArh.pulsQty,8a7391b0-fdb6-4571-96fe-fdba2b6f3c46
672,136,37992856-6568-4c7d-8ebe-9fddceae6422,SupVArh,virtualCLSmini_PCC/MMTR1.SupVArh,,d,virtualCLSmini_PCC/MMTR1.SupVArh.d,57c88d10-94a6-48ab-a840-4df97c5caec8
673,137,cf5620b6-f1e4-4c12-997d-3df86b969fe3,DmdWh,virtualCLSmini_PCC/MMTR1.DmdWh,,actVal,virtualCLSmini_PCC/MMTR1.DmdWh.actVal,9e84dbe3-453d-4337-a409-4d838e379eef
674,137,cf5620b6-f1e4-4c12-997d-3df86b969fe3,DmdWh,virtualCLSmini_PCC/MMTR1.DmdWh,,q,virtualCLSmini_PCC/MMTR1.DmdWh.q,2d4fc9d1-48ab-46d5-93bb-5713724535af
675,137,cf5620b6-f1e4-4c12-997d-3df86b969fe3,DmdWh,virtualCLSmini_PCC/MMTR1.DmdWh,,t,virtualCLSmini_PCC/MMTR1.DmdWh.t,3825cb03-adf1-4843-b0bf-c7059ca75efa
676,137,cf5620b6-f1e4-4c12-997d-3df86b969fe3,DmdWh,virtualCLSmini_PCC/MMTR1.DmdWh,,units.SIUnit,virtualCLSmini_PCC/MMTR1.DmdWh.units.SIUnit,c384aef7-7478-4f91-99e7-f95b9e1a3c3e
677,137,cf5620b6-f1e4-4c12-997d-3df86b969fe3,DmdWh,virtualCLSmini_PCC/MMTR1.DmdWh,,pulsQty,virtualCLSmini_PCC/MMTR1.DmdWh.pulsQty,3f399aa8-eacd-4ab0-958b-430835b40077
678,137,cf5620b6-f1e4-4c12-997d-3df86b969fe3,DmdWh,virtualCLSmini_PCC/MMTR1.DmdWh,,d,virtualCLSmini_PCC/MMTR1.DmdWh.d,f73dd84f-1007-4a6d-b1ae-f5794324ecd7
679,138,0b8064d0-eba3-4d59-9f68-d1286b6e0915,DmdVArh,virtualCLSmini_PCC/MMTR1.DmdVArh,,actVal,virtualCLSmini_PCC/MMTR1.DmdVArh.actVal,47f34102-2771-4096-94e7-17c82eaa2847
680,138,0b8064d0-eba3-4d59-9f68-d1286b6e0915,DmdVArh,virtualCLSmini_PCC/MMTR1.DmdVArh,,q,virtualCLSmini_PCC/MMTR1.DmdVArh.q,9667608e-684c-432e-baef-183d95be48a4
681,138,0b8064d0-eba3-4d59-9f68-d1286b6e0915,DmdVArh,virtualCLSmini_PCC/MMTR1.DmdVArh,,t,virtualCLSmini_PCC/MMTR1.DmdVArh.t,4eceb7b9-a6c9-4108-aed7-ae452a570fb5
682,138,0b8064d0-eba3-4d59-9f68-d1286b6e0915,DmdVArh,virtualCLSmini_PCC/MMTR1.DmdVArh,,units.SIUnit,virtualCLSmini_PCC/MMTR1.DmdVArh.units.SIUnit,32cd24c4-177d-4536-a0ef-90f5142250ff
683,138,0b8064d0-eba3-4d59-9f68-d1286b6e0915,DmdVArh,virtualCLSmini_PCC/MMTR1.DmdVArh,,pulsQty,virtualCLSmini_PCC/MMTR1.DmdVArh.pulsQty,319cb05b-9f62-42f8-9fd8-3aa46c76d9af
684,138,0b8064d0-eba3-4d59-9f68-d1286b6e0915,DmdVArh,virtualCLSmini_PCC/MMTR1.DmdVArh,,d,virtualCLSmini_PCC/MMTR1.DmdVArh.d,07d0b42e-f718-4e62-9e3e-cc93b4a87277
685,139,54b7c501-1bc8-4cbb-9a10-1d5933740aac,Mod,virtualCLSmini_PCC/MMTR1.Mod,,origin.orCat,virtualCLSmini_PCC/MMTR1.Mod.origin.orCat,b66d4ae3-ccbb-46a1-9f66-d803b32c3df8
686,139,54b7c501-1bc8-4cbb-9a10-1d5933740aac,Mod,virtualCLSmini_PCC/MMTR1.Mod,,origin.orIdent,virtualCLSmini_PCC/MMTR1.Mod.origin.orIdent,ecfcef1c-b2ea-4312-9f71-bac540026d40
687,139,54b7c501-1bc8-4cbb-9a10-1d5933740aac,Mod,virtualCLSmini_PCC/MMTR1.Mod,,ctlNum,virtualCLSmini_PCC/MMTR1.Mod.ctlNum,bd5280ed-4ab2-4e77-a1fe-46c1e20895ad
688,139,54b7c501-1bc8-4cbb-9a10-1d5933740aac,Mod,virtualCLSmini_PCC/MMTR1.Mod,,stVal,virtualCLSmini_PCC/MMTR1.Mod.stVal,cbef40b3-4b82-495f-9657-93b3b17b9213
689,139,54b7c501-1bc8-4cbb-9a10-1d5933740aac,Mod,virtualCLSmini_PCC/MMTR1.Mod,,q,virtualCLSmini_PCC/MMTR1.Mod.q,4883bd79-8444-4ed4-b10e-05e745a61044
690,139,54b7c501-1bc8-4cbb-9a10-1d5933740aac,Mod,virtualCLSmini_PCC/MMTR1.Mod,,t,virtualCLSmini_PCC/MMTR1.Mod.t,efd39ba2-a68a-4e19-a024-f7ce7bc7855c
691,139,54b7c501-1bc8-4cbb-9a10-1d5933740aac,Mod,virtualCLSmini_PCC/MMTR1.Mod,,ctlModel,virtualCLSmini_PCC/MMTR1.Mod.ctlModel,6e298e35-ca85-49e0-98fd-c2f4771c2c7b
692,139,54b7c501-1bc8-4cbb-9a10-1d5933740aac,Mod,virtualCLSmini_PCC/MMTR1.Mod,,ctlVal,virtualCLSmini_PCC/MMTR1.Mod.ctlVal,bb90fddb-c58b-4a00-b65d-cb1401afced8
693,139,54b7c501-1bc8-4cbb-9a10-1d5933740aac,Mod,virtualCLSmini_PCC/MMTR1.Mod,,d,virtualCLSmini_PCC/MMTR1.Mod.d,8c314713-afaf-449b-a0c0-dc6e5ab812f4
694,140,e90e4922-6966-4887-9335-3e4b7cbaba96,NamPlt,virtualCLSmini_METEO/LLN0.NamPlt,,vendor,virtualCLSmini_METEO/LLN0.NamPlt.vendor,68b8b857-7b71-46fb-b9d8-f04c6462cd4b
695,140,e90e4922-6966-4887-9335-3e4b7cbaba96,NamPlt,virtualCLSmini_METEO/LLN0.NamPlt,,swRev,virtualCLSmini_METEO/LLN0.NamPlt.swRev,c29accfa-e691-492c-b4a7-823dfb932bc8
696,140,e90e4922-6966-4887-9335-3e4b7cbaba96,NamPlt,virtualCLSmini_METEO/LLN0.NamPlt,,configRev,virtualCLSmini_METEO/LLN0.NamPlt.configRev,ebf7f465-ed9c-485e-8c11-5ebb734d8904
697,140,e90e4922-6966-4887-9335-3e4b7cbaba96,NamPlt,virtualCLSmini_METEO/LLN0.NamPlt,,d,virtualCLSmini_METEO/LLN0.NamPlt.d,f9d4be02-2c1c-41a1-874b-d996d97a73b7
698,141,33427dbb-0f19-4890-97b8-6550c525436d,Beh,virtualCLSmini_METEO/LLN0.Beh,,stVal,virtualCLSmini_METEO/LLN0.Beh.stVal,c4a66316-9a62-40d0-bf60-2309b9590c02
699,141,33427dbb-0f19-4890-97b8-6550c525436d,Beh,virtualCLSmini_METEO/LLN0.Beh,,q,virtualCLSmini_METEO/LLN0.Beh.q,03354827-ca7b-4461-886b-e9c000629e0c
700,141,33427dbb-0f19-4890-97b8-6550c525436d,Beh,virtualCLSmini_METEO/LLN0.Beh,,t,virtualCLSmini_METEO/LLN0.Beh.t,f5159052-93b5-4b89-a84d-7887bd07b377
701,141,33427dbb-0f19-4890-97b8-6550c525436d,Beh,virtualCLSmini_METEO/LLN0.Beh,,d,virtualCLSmini_METEO/LLN0.Beh.d,c1bf3822-9e6e-4660-b51a-70a6d45b4c79
702,142,b3130037-7765-42c2-945f-ea05806baf7e,Health,virtualCLSmini_METEO/LLN0.Health,,stVal,virtualCLSmini_METEO/LLN0.Health.stVal,1220925d-a032-44d9-b497-e0c2c4f785f9
703,142,b3130037-7765-42c2-945f-ea05806baf7e,Health,virtualCLSmini_METEO/LLN0.Health,,q,virtualCLSmini_METEO/LLN0.Health.q,2ce49a7f-09ea-4db8-87f7-4edb28f854a1
704,142,b3130037-7765-42c2-945f-ea05806baf7e,Health,virtualCLSmini_METEO/LLN0.Health,,t,virtualCLSmini_METEO/LLN0.Health.t,f67dd8d2-e8af-41ed-9a43-429f304aa0e3
705,142,b3130037-7765-42c2-945f-ea05806baf7e,Health,virtualCLSmini_METEO/LLN0.Health,,d,virtualCLSmini_METEO/LLN0.Health.d,319fdbc8-3a3c-41ef-9af3-c9abff0078e2
706,143,2e30233c-9851-4318-a57d-8fc495afef81,LocKey,virtualCLSmini_METEO/LLN0.LocKey,,stVal,virtualCLSmini_METEO/LLN0.LocKey.stVal,6acf9903-feb7-4b47-abc3-1f26ddf6d97b
707,143,2e30233c-9851-4318-a57d-8fc495afef81,LocKey,virtualCLSmini_METEO/LLN0.LocKey,,q,virtualCLSmini_METEO/LLN0.LocKey.q,ae849b02-0138-4ea5-996d-0eac9f4d81dd
708,143,2e30233c-9851-4318-a57d-8fc495afef81,LocKey,virtualCLSmini_METEO/LLN0.LocKey,,t,virtualCLSmini_METEO/LLN0.LocKey.t,ba0524b8-12e1-43f2-975a-cc3eabbfeccc
709,143,2e30233c-9851-4318-a57d-8fc495afef81,LocKey,virtualCLSmini_METEO/LLN0.LocKey,,d,virtualCLSmini_METEO/LLN0.LocKey.d,99b25c2a-670d-491a-8320-e31c5904f903
710,144,d8f10f3a-8673-48d0-a0b6-23e11e07c95b,Loc,virtualCLSmini_METEO/LLN0.Loc,,stVal,virtualCLSmini_METEO/LLN0.Loc.stVal,f2500ff3-d2b1-4a80-91bd-421fdbee6b53
711,144,d8f10f3a-8673-48d0-a0b6-23e11e07c95b,Loc,virtualCLSmini_METEO/LLN0.Loc,,q,virtualCLSmini_METEO/LLN0.Loc.q,183da5c7-b258-41fb-8a35-79aff68b4a07
712,144,d8f10f3a-8673-48d0-a0b6-23e11e07c95b,Loc,virtualCLSmini_METEO/LLN0.Loc,,t,virtualCLSmini_METEO/LLN0.Loc.t,c761193d-a20f-4fa7-8fe8-66381c0e124b
713,144,d8f10f3a-8673-48d0-a0b6-23e11e07c95b,Loc,virtualCLSmini_METEO/LLN0.Loc,,d,virtualCLSmini_METEO/LLN0.Loc.d,ee8a464b-b131-43b9-892b-7101b365e683
714,145,9035fa91-9a8e-4711-ae6d-8013871180d3,Mod,virtualCLSmini_METEO/LLN0.Mod,,origin.orCat,virtualCLSmini_METEO/LLN0.Mod.origin.orCat,21441251-546d-400f-b867-5e337e369ad3
715,145,9035fa91-9a8e-4711-ae6d-8013871180d3,Mod,virtualCLSmini_METEO/LLN0.Mod,,origin.orIdent,virtualCLSmini_METEO/LLN0.Mod.origin.orIdent,65839256-5f90-4f7e-9895-2e4d2537a48b
716,145,9035fa91-9a8e-4711-ae6d-8013871180d3,Mod,virtualCLSmini_METEO/LLN0.Mod,,ctlNum,virtualCLSmini_METEO/LLN0.Mod.ctlNum,d4acb3e9-5ac7-48d0-a0b1-dab632cbf12b
717,145,9035fa91-9a8e-4711-ae6d-8013871180d3,Mod,virtualCLSmini_METEO/LLN0.Mod,,stVal,virtualCLSmini_METEO/LLN0.Mod.stVal,1178034e-31b9-40cf-bbb5-bae804d6d59d
718,145,9035fa91-9a8e-4711-ae6d-8013871180d3,Mod,virtualCLSmini_METEO/LLN0.Mod,,q,virtualCLSmini_METEO/LLN0.Mod.q,589e5dea-fd63-4a94-a5f8-03ac75cd3bd0
719,145,9035fa91-9a8e-4711-ae6d-8013871180d3,Mod,virtualCLSmini_METEO/LLN0.Mod,,t,virtualCLSmini_METEO/LLN0.Mod.t,43f360d0-c2ec-4a12-a58d-7d8e3eb188a0
720,145,9035fa91-9a8e-4711-ae6d-8013871180d3,Mod,virtualCLSmini_METEO/LLN0.Mod,,ctlModel,virtualCLSmini_METEO/LLN0.Mod.ctlModel,d4dd67f8-988c-46fa-a6f4-a11302b54494
721,145,9035fa91-9a8e-4711-ae6d-8013871180d3,Mod,virtualCLSmini_METEO/LLN0.Mod,,ctlVal,virtualCLSmini_METEO/LLN0.Mod.ctlVal,58025355-1574-453e-b22b-a86149b1fa41
722,145,9035fa91-9a8e-4711-ae6d-8013871180d3,Mod,virtualCLSmini_METEO/LLN0.Mod,,d,virtualCLSmini_METEO/LLN0.Mod.d,02b5487e-2239-4f25-9382-a809943b0b0f
723,146,9f40607b-f42a-4b5d-a694-9886e2d3a784,LocSta,virtualCLSmini_METEO/LLN0.LocSta,,origin.orCat,virtualCLSmini_METEO/LLN0.LocSta.origin.orCat,11a49706-1ea4-42ac-932a-d12a4b6c1003
724,146,9f40607b-f42a-4b5d-a694-9886e2d3a784,LocSta,virtualCLSmini_METEO/LLN0.LocSta,,origin.orIdent,virtualCLSmini_METEO/LLN0.LocSta.origin.orIdent,f9702f29-9f14-44f9-b0df-377976e85d41
725,146,9f40607b-f42a-4b5d-a694-9886e2d3a784,LocSta,virtualCLSmini_METEO/LLN0.LocSta,,ctlNum,virtualCLSmini_METEO/LLN0.LocSta.ctlNum,c8f6cbf5-cd8b-4662-a646-4d502f9d233d
726,146,9f40607b-f42a-4b5d-a694-9886e2d3a784,LocSta,virtualCLSmini_METEO/LLN0.LocSta,,stVal,virtualCLSmini_METEO/LLN0.LocSta.stVal,bc76f8c5-9f4a-4065-93a1-c22b4f28a7b7
727,146,9f40607b-f42a-4b5d-a694-9886e2d3a784,LocSta,virtualCLSmini_METEO/LLN0.LocSta,,q,virtualCLSmini_METEO/LLN0.LocSta.q,e7f128aa-9094-42b7-8e2e-380d66f5c773
728,146,9f40607b-f42a-4b5d-a694-9886e2d3a784,LocSta,virtualCLSmini_METEO/LLN0.LocSta,,t,virtualCLSmini_METEO/LLN0.LocSta.t,c286843d-840b-417d-8562-05be6babd3ab
729,146,9f40607b-f42a-4b5d-a694-9886e2d3a784,LocSta,virtualCLSmini_METEO/LLN0.LocSta,,ctlModel,virtualCLSmini_METEO/LLN0.LocSta.ctlModel,9a2e5d26-fc41-4111-9cb9-c89a622d077f
730,146,9f40607b-f42a-4b5d-a694-9886e2d3a784,LocSta,virtualCLSmini_METEO/LLN0.LocSta,,ctlVal,virtualCLSmini_METEO/LLN0.LocSta.ctlVal,bc79c96f-1539-4959-9113-9e69d3d2c601
731,146,9f40607b-f42a-4b5d-a694-9886e2d3a784,LocSta,virtualCLSmini_METEO/LLN0.LocSta,,d,virtualCLSmini_METEO/LLN0.LocSta.d,10c9d49f-f0d1-4ff1-b38e-71192aee144a
732,147,c2b71d2e-4585-4141-b608-69c4194b9ac0,MltLev,virtualCLSmini_METEO/LLN0.MltLev,,setVal,virtualCLSmini_METEO/LLN0.MltLev.setVal,2299ad53-f201-438b-9822-91fbc29f4237
733,147,c2b71d2e-4585-4141-b608-69c4194b9ac0,MltLev,virtualCLSmini_METEO/LLN0.MltLev,,d,virtualCLSmini_METEO/LLN0.MltLev.d,747db2dc-a62e-4d74-b95d-92b69fc432f9
734,148,3be5062d-7051-451b-9c5c-7cd8aa7f2a22,NamPlt,virtualCLSmini_METEO/MMET1.NamPlt,,vendor,virtualCLSmini_METEO/MMET1.NamPlt.vendor,a5dc14f1-3db5-4b72-b6cb-713a6d40dfc8
735,148,3be5062d-7051-451b-9c5c-7cd8aa7f2a22,NamPlt,virtualCLSmini_METEO/MMET1.NamPlt,,swRev,virtualCLSmini_METEO/MMET1.NamPlt.swRev,04601a53-9a5a-4077-9964-5151fddcfc13
736,148,3be5062d-7051-451b-9c5c-7cd8aa7f2a22,NamPlt,virtualCLSmini_METEO/MMET1.NamPlt,,configRev,virtualCLSmini_METEO/MMET1.NamPlt.configRev,4ff03125-d9aa-4d3d-ac67-5860bd46caac
737,148,3be5062d-7051-451b-9c5c-7cd8aa7f2a22,NamPlt,virtualCLSmini_METEO/MMET1.NamPlt,,d,virtualCLSmini_METEO/MMET1.NamPlt.d,2bc53ffd-845c-4765-93b3-3877b4978100
738,149,ec83b5c1-4235-4b57-a419-b3b8bd9c3489,Beh,virtualCLSmini_METEO/MMET1.Beh,,stVal,virtualCLSmini_METEO/MMET1.Beh.stVal,313708d8-884b-4ae8-9cf6-99a4fdb15f86
739,149,ec83b5c1-4235-4b57-a419-b3b8bd9c3489,Beh,virtualCLSmini_METEO/MMET1.Beh,,q,virtualCLSmini_METEO/MMET1.Beh.q,cc1ce321-7730-4474-8572-a423d0603416
740,149,ec83b5c1-4235-4b57-a419-b3b8bd9c3489,Beh,virtualCLSmini_METEO/MMET1.Beh,,t,virtualCLSmini_METEO/MMET1.Beh.t,474cde04-2491-4b66-b8d3-9c7024dc92e9
741,149,ec83b5c1-4235-4b57-a419-b3b8bd9c3489,Beh,virtualCLSmini_METEO/MMET1.Beh,,d,virtualCLSmini_METEO/MMET1.Beh.d,ac1f2238-5462-4ab2-b7d0-ea121570a4c6
742,150,efe548db-7d7d-4f70-9e72-5923da4daba3,Health,virtualCLSmini_METEO/MMET1.Health,,stVal,virtualCLSmini_METEO/MMET1.Health.stVal,8de4ff78-7c0e-4e88-9d2d-036814212ff8
743,150,efe548db-7d7d-4f70-9e72-5923da4daba3,Health,virtualCLSmini_METEO/MMET1.Health,,q,virtualCLSmini_METEO/MMET1.Health.q,f9360870-fb9f-43f2-91fd-f182c269da66
744,150,efe548db-7d7d-4f70-9e72-5923da4daba3,Health,virtualCLSmini_METEO/MMET1.Health,,t,virtualCLSmini_METEO/MMET1.Health.t,063c8c7c-4c77-402e-8ee3-091d15c34b89
745,150,efe548db-7d7d-4f70-9e72-5923da4daba3,Health,virtualCLSmini_METEO/MMET1.Health,,d,virtualCLSmini_METEO/MMET1.Health.d,b8832d87-0163-4872-91aa-6714c73e1647
746,151,2f837220-79de-476f-abcc-2046e2ade417,PoaInsol,virtualCLSmini_METEO/MMET1.PoaInsol,,mag.f,virtualCLSmini_METEO/MMET1.PoaInsol.mag.f,2bcdcac2-d554-42be-b339-7e75ee871bb7
747,151,2f837220-79de-476f-abcc-2046e2ade417,PoaInsol,virtualCLSmini_METEO/MMET1.PoaInsol,,q,virtualCLSmini_METEO/MMET1.PoaInsol.q,77c3502f-8295-492a-8d6c-86c240ca9414
748,151,2f837220-79de-476f-abcc-2046e2ade417,PoaInsol,virtualCLSmini_METEO/MMET1.PoaInsol,,t,virtualCLSmini_METEO/MMET1.PoaInsol.t,44c959d0-a047-4a38-b314-ea17c7aecca6
749,151,2f837220-79de-476f-abcc-2046e2ade417,PoaInsol,virtualCLSmini_METEO/MMET1.PoaInsol,,units.SIUnit,virtualCLSmini_METEO/MMET1.PoaInsol.units.SIUnit,b87981b9-1535-49de-a668-8da4a1daa5cc
750,151,2f837220-79de-476f-abcc-2046e2ade417,PoaInsol,virtualCLSmini_METEO/MMET1.PoaInsol,,d,virtualCLSmini_METEO/MMET1.PoaInsol.d,aa0680c3-7bdb-4fbb-8690-db3f1847b30f
751,152,795b3b28-31d8-4b3a-80f0-39a62fe27c8c,EnvTmp,virtualCLSmini_METEO/MMET1.EnvTmp,,mag.f,virtualCLSmini_METEO/MMET1.EnvTmp.mag.f,5c9e4128-a3f3-49a7-830f-65d0a597b6d4
752,152,795b3b28-31d8-4b3a-80f0-39a62fe27c8c,EnvTmp,virtualCLSmini_METEO/MMET1.EnvTmp,,q,virtualCLSmini_METEO/MMET1.EnvTmp.q,86216a5a-64a3-4126-b686-d67c85f7583e
753,152,795b3b28-31d8-4b3a-80f0-39a62fe27c8c,EnvTmp,virtualCLSmini_METEO/MMET1.EnvTmp,,t,virtualCLSmini_METEO/MMET1.EnvTmp.t,5a65d44f-e5ce-4dea-8392-f3a33ec92f08
754,152,795b3b28-31d8-4b3a-80f0-39a62fe27c8c,EnvTmp,virtualCLSmini_METEO/MMET1.EnvTmp,,units.SIUnit,virtualCLSmini_METEO/MMET1.EnvTmp.units.SIUnit,47e37e25-cc75-4bfb-a09e-b26f265fd9b2
755,152,795b3b28-31d8-4b3a-80f0-39a62fe27c8c,EnvTmp,virtualCLSmini_METEO/MMET1.EnvTmp,,d,virtualCLSmini_METEO/MMET1.EnvTmp.d,0a472ec7-c745-496d-be2e-9c74b765f8e1
756,153,5e3f2ea5-057b-47d0-9483-3ee8d0cf56a0,WetBlbTmp,virtualCLSmini_METEO/MMET1.WetBlbTmp,,mag.f,virtualCLSmini_METEO/MMET1.WetBlbTmp.mag.f,3acb1548-d8b6-40b9-81af-5b75c96f01dc
757,153,5e3f2ea5-057b-47d0-9483-3ee8d0cf56a0,WetBlbTmp,virtualCLSmini_METEO/MMET1.WetBlbTmp,,q,virtualCLSmini_METEO/MMET1.WetBlbTmp.q,8b61965f-99ca-4ebb-8c94-4b84ea057d51
758,153,5e3f2ea5-057b-47d0-9483-3ee8d0cf56a0,WetBlbTmp,virtualCLSmini_METEO/MMET1.WetBlbTmp,,t,virtualCLSmini_METEO/MMET1.WetBlbTmp.t,756ceeb9-f640-4633-a5b0-7ce72fae2e57
759,153,5e3f2ea5-057b-47d0-9483-3ee8d0cf56a0,WetBlbTmp,virtualCLSmini_METEO/MMET1.WetBlbTmp,,units.SIUnit,virtualCLSmini_METEO/MMET1.WetBlbTmp.units.SIUnit,cb169c14-7e73-4497-aeba-5e6789a5edc6
760,153,5e3f2ea5-057b-47d0-9483-3ee8d0cf56a0,WetBlbTmp,virtualCLSmini_METEO/MMET1.WetBlbTmp,,d,virtualCLSmini_METEO/MMET1.WetBlbTmp.d,985f813c-c4e7-4ff7-99ab-69c03f76e24a
761,154,a6f64cba-3922-44d8-80c5-2c27c8e8b75f,CloudCvr,virtualCLSmini_METEO/MMET1.CloudCvr,,mag.f,virtualCLSmini_METEO/MMET1.CloudCvr.mag.f,6cd18460-e819-4765-b0a4-f50a6f43e577
762,154,a6f64cba-3922-44d8-80c5-2c27c8e8b75f,CloudCvr,virtualCLSmini_METEO/MMET1.CloudCvr,,q,virtualCLSmini_METEO/MMET1.CloudCvr.q,34eae9fb-91dd-42b3-9e23-9bd801bdad4d
763,154,a6f64cba-3922-44d8-80c5-2c27c8e8b75f,CloudCvr,virtualCLSmini_METEO/MMET1.CloudCvr,,t,virtualCLSmini_METEO/MMET1.CloudCvr.t,936b7891-de37-4fe0-be09-1dc9cdf7af0c
764,154,a6f64cba-3922-44d8-80c5-2c27c8e8b75f,CloudCvr,virtualCLSmini_METEO/MMET1.CloudCvr,,units.SIUnit,virtualCLSmini_METEO/MMET1.CloudCvr.units.SIUnit,708fb4f7-5131-4e67-a501-03b23f91a72c
765,154,a6f64cba-3922-44d8-80c5-2c27c8e8b75f,CloudCvr,virtualCLSmini_METEO/MMET1.CloudCvr,,d,virtualCLSmini_METEO/MMET1.CloudCvr.d,dbd17327-85fc-4b01-b55a-d985d2e989f2
766,155,73b0e209-a172-485d-aaef-47ecbe3ed897,EnvHum,virtualCLSmini_METEO/MMET1.EnvHum,,mag.f,virtualCLSmini_METEO/MMET1.EnvHum.mag.f,8fbc7568-05fa-4a4a-a730-4b94836cec4d
767,155,73b0e209-a172-485d-aaef-47ecbe3ed897,EnvHum,virtualCLSmini_METEO/MMET1.EnvHum,,q,virtualCLSmini_METEO/MMET1.EnvHum.q,7f8e591d-fb58-401a-8694-8b23f79143fb
768,155,73b0e209-a172-485d-aaef-47ecbe3ed897,EnvHum,virtualCLSmini_METEO/MMET1.EnvHum,,t,virtualCLSmini_METEO/MMET1.EnvHum.t,cbfddd15-0f45-4c94-8490-fedc27bcc4d7
769,155,73b0e209-a172-485d-aaef-47ecbe3ed897,EnvHum,virtualCLSmini_METEO/MMET1.EnvHum,,units.SIUnit,virtualCLSmini_METEO/MMET1.EnvHum.units.SIUnit,91e29fb0-6f35-4de5-aa3d-f7f844fa0110
770,155,73b0e209-a172-485d-aaef-47ecbe3ed897,EnvHum,virtualCLSmini_METEO/MMET1.EnvHum,,d,virtualCLSmini_METEO/MMET1.EnvHum.d,6f900a86-afee-44cd-8b1d-9cc38b5b3867
771,156,ba5c045f-8ea6-4521-87a9-3c9b1b8e23e8,DewPt,virtualCLSmini_METEO/MMET1.DewPt,,mag.f,virtualCLSmini_METEO/MMET1.DewPt.mag.f,e4343127-99df-4930-840a-6da039a120d7
772,156,ba5c045f-8ea6-4521-87a9-3c9b1b8e23e8,DewPt,virtualCLSmini_METEO/MMET1.DewPt,,q,virtualCLSmini_METEO/MMET1.DewPt.q,e4be7eab-4f8c-4728-92d2-719b9dfd77ca
773,156,ba5c045f-8ea6-4521-87a9-3c9b1b8e23e8,DewPt,virtualCLSmini_METEO/MMET1.DewPt,,t,virtualCLSmini_METEO/MMET1.DewPt.t,054f5bca-148e-4b90-a1eb-9211c4980e81
774,156,ba5c045f-8ea6-4521-87a9-3c9b1b8e23e8,DewPt,virtualCLSmini_METEO/MMET1.DewPt,,units.SIUnit,virtualCLSmini_METEO/MMET1.DewPt.units.SIUnit,a164857e-b114-4d70-9cfb-fc2492bce535
775,156,ba5c045f-8ea6-4521-87a9-3c9b1b8e23e8,DewPt,virtualCLSmini_METEO/MMET1.DewPt,,d,virtualCLSmini_METEO/MMET1.DewPt.d,483816a2-d71b-4752-8d8e-adde84372dcc
776,157,02b75e0e-b69c-41ee-9167-ef0e9ca7ac49,DffInsol,virtualCLSmini_METEO/MMET1.DffInsol,,mag.f,virtualCLSmini_METEO/MMET1.DffInsol.mag.f,43af4215-859f-4d3b-9747-5eba896aba2b
777,157,02b75e0e-b69c-41ee-9167-ef0e9ca7ac49,DffInsol,virtualCLSmini_METEO/MMET1.DffInsol,,q,virtualCLSmini_METEO/MMET1.DffInsol.q,5d34a212-b5d4-4f60-b30d-4cd7f2559e1a
778,157,02b75e0e-b69c-41ee-9167-ef0e9ca7ac49,DffInsol,virtualCLSmini_METEO/MMET1.DffInsol,,t,virtualCLSmini_METEO/MMET1.DffInsol.t,250c250b-2ee5-4bdf-9751-6308834e25be
779,157,02b75e0e-b69c-41ee-9167-ef0e9ca7ac49,DffInsol,virtualCLSmini_METEO/MMET1.DffInsol,,units.SIUnit,virtualCLSmini_METEO/MMET1.DffInsol.units.SIUnit,23972392-3f97-4d05-bd25-333509631a38
780,157,02b75e0e-b69c-41ee-9167-ef0e9ca7ac49,DffInsol,virtualCLSmini_METEO/MMET1.DffInsol,,d,virtualCLSmini_METEO/MMET1.DffInsol.d,c3d7c2b1-ff5c-4c50-aa24-52458ca8222d
781,158,845dd900-2a86-406f-942b-692bd34292ce,DctInsol,virtualCLSmini_METEO/MMET1.DctInsol,,mag.f,virtualCLSmini_METEO/MMET1.DctInsol.mag.f,64425523-6ef9-4ae6-8dfc-56b593a41ba6
782,158,845dd900-2a86-406f-942b-692bd34292ce,DctInsol,virtualCLSmini_METEO/MMET1.DctInsol,,q,virtualCLSmini_METEO/MMET1.DctInsol.q,d0885f8c-1cee-49a1-ae19-971aef36f47d
783,158,845dd900-2a86-406f-942b-692bd34292ce,DctInsol,virtualCLSmini_METEO/MMET1.DctInsol,,t,virtualCLSmini_METEO/MMET1.DctInsol.t,4ea44a13-3e41-4cd8-b286-cf3fe6934c87
784,158,845dd900-2a86-406f-942b-692bd34292ce,DctInsol,virtualCLSmini_METEO/MMET1.DctInsol,,units.SIUnit,virtualCLSmini_METEO/MMET1.DctInsol.units.SIUnit,1f1839af-f023-4305-b9a4-03488ebaac40
785,158,845dd900-2a86-406f-942b-692bd34292ce,DctInsol,virtualCLSmini_METEO/MMET1.DctInsol,,d,virtualCLSmini_METEO/MMET1.DctInsol.d,1aaa22fe-d1ad-417d-8a9d-b0a39d5d62a0
786,159,4949d73a-c660-4b34-94ef-1cbde6e950b0,DlDur,virtualCLSmini_METEO/MMET1.DlDur,,mag.f,virtualCLSmini_METEO/MMET1.DlDur.mag.f,0c1d7bac-b26f-4e06-8f36-7c313a0b4e5d
787,159,4949d73a-c660-4b34-94ef-1cbde6e950b0,DlDur,virtualCLSmini_METEO/MMET1.DlDur,,q,virtualCLSmini_METEO/MMET1.DlDur.q,a00c6f03-dec0-4193-b212-27dcbab6cecb
788,159,4949d73a-c660-4b34-94ef-1cbde6e950b0,DlDur,virtualCLSmini_METEO/MMET1.DlDur,,t,virtualCLSmini_METEO/MMET1.DlDur.t,b5336cbe-a108-4e24-abb3-48b1c2ae672a
789,159,4949d73a-c660-4b34-94ef-1cbde6e950b0,DlDur,virtualCLSmini_METEO/MMET1.DlDur,,units.SIUnit,virtualCLSmini_METEO/MMET1.DlDur.units.SIUnit,25c18fa3-0699-435f-a464-19aca75a7ab7
790,159,4949d73a-c660-4b34-94ef-1cbde6e950b0,DlDur,virtualCLSmini_METEO/MMET1.DlDur,,d,virtualCLSmini_METEO/MMET1.DlDur.d,0df176ef-47f3-4527-98df-64edc7009b45
791,160,6520d63b-94ab-4325-a186-4905bfb57ba7,HorInsol,virtualCLSmini_METEO/MMET1.HorInsol,,mag.f,virtualCLSmini_METEO/MMET1.HorInsol.mag.f,248046e9-3d91-4e9e-a394-1c5c4921cf73
792,160,6520d63b-94ab-4325-a186-4905bfb57ba7,HorInsol,virtualCLSmini_METEO/MMET1.HorInsol,,q,virtualCLSmini_METEO/MMET1.HorInsol.q,50a642ee-c965-43e2-99f5-4c1ded1cfb54
793,160,6520d63b-94ab-4325-a186-4905bfb57ba7,HorInsol,virtualCLSmini_METEO/MMET1.HorInsol,,t,virtualCLSmini_METEO/MMET1.HorInsol.t,9b138738-b81a-49c5-9f3e-021a89aab7fa
794,160,6520d63b-94ab-4325-a186-4905bfb57ba7,HorInsol,virtualCLSmini_METEO/MMET1.HorInsol,,units.SIUnit,virtualCLSmini_METEO/MMET1.HorInsol.units.SIUnit,a6ea455a-f9e9-4b5f-89d5-01fa0a5ce9fb
795,160,6520d63b-94ab-4325-a186-4905bfb57ba7,HorInsol,virtualCLSmini_METEO/MMET1.HorInsol,,d,virtualCLSmini_METEO/MMET1.HorInsol.d,fb902b3d-3c7f-4ec2-9684-1b7ca4bbcfaf
796,161,d22d94cb-6a33-4fa0-9775-f813ad64f875,HorWdDir,virtualCLSmini_METEO/MMET1.HorWdDir,,mag.f,virtualCLSmini_METEO/MMET1.HorWdDir.mag.f,26f03eb5-1245-457d-9daa-47e6916dd88c
797,161,d22d94cb-6a33-4fa0-9775-f813ad64f875,HorWdDir,virtualCLSmini_METEO/MMET1.HorWdDir,,q,virtualCLSmini_METEO/MMET1.HorWdDir.q,d81b2879-d42a-4e75-ba71-316f95173128
798,161,d22d94cb-6a33-4fa0-9775-f813ad64f875,HorWdDir,virtualCLSmini_METEO/MMET1.HorWdDir,,t,virtualCLSmini_METEO/MMET1.HorWdDir.t,b213798f-7aba-4759-b461-34d3ebb08baa
799,161,d22d94cb-6a33-4fa0-9775-f813ad64f875,HorWdDir,virtualCLSmini_METEO/MMET1.HorWdDir,,units.SIUnit,virtualCLSmini_METEO/MMET1.HorWdDir.units.SIUnit,544783e9-ba30-4d62-8c75-5fed8f94e76a
800,161,d22d94cb-6a33-4fa0-9775-f813ad64f875,HorWdDir,virtualCLSmini_METEO/MMET1.HorWdDir,,d,virtualCLSmini_METEO/MMET1.HorWdDir.d,531ef2bd-2703-4e56-a747-5ae6a2146d56
801,162,9dc37ec3-3d9f-4746-9acb-0b20d9f1844e,HorWdSpd,virtualCLSmini_METEO/MMET1.HorWdSpd,,mag.f,virtualCLSmini_METEO/MMET1.HorWdSpd.mag.f,34ba4655-e7b4-4b4d-bd27-cfc021605b10
802,162,9dc37ec3-3d9f-4746-9acb-0b20d9f1844e,HorWdSpd,virtualCLSmini_METEO/MMET1.HorWdSpd,,q,virtualCLSmini_METEO/MMET1.HorWdSpd.q,0ec2ba8a-18d0-4549-975d-8dd431e6019d
803,162,9dc37ec3-3d9f-4746-9acb-0b20d9f1844e,HorWdSpd,virtualCLSmini_METEO/MMET1.HorWdSpd,,t,virtualCLSmini_METEO/MMET1.HorWdSpd.t,8626129b-de32-48f7-bfd8-451a879cedef
804,162,9dc37ec3-3d9f-4746-9acb-0b20d9f1844e,HorWdSpd,virtualCLSmini_METEO/MMET1.HorWdSpd,,units.SIUnit,virtualCLSmini_METEO/MMET1.HorWdSpd.units.SIUnit,ce8fb5ab-797c-48ac-adef-da89e06726b3
805,162,9dc37ec3-3d9f-4746-9acb-0b20d9f1844e,HorWdSpd,virtualCLSmini_METEO/MMET1.HorWdSpd,,d,virtualCLSmini_METEO/MMET1.HorWdSpd.d,fd0d546d-1d88-49fc-8b96-1c90c09b96a8
806,163,f43015d9-6802-48aa-8e92-07a62cdfd5e0,VerWdDir,virtualCLSmini_METEO/MMET1.VerWdDir,,mag.f,virtualCLSmini_METEO/MMET1.VerWdDir.mag.f,85f13521-3886-4ec1-a8ed-ec57c61c9a99
807,163,f43015d9-6802-48aa-8e92-07a62cdfd5e0,VerWdDir,virtualCLSmini_METEO/MMET1.VerWdDir,,q,virtualCLSmini_METEO/MMET1.VerWdDir.q,f64aeace-c2aa-419f-a2b8-546ed635d0ed
808,163,f43015d9-6802-48aa-8e92-07a62cdfd5e0,VerWdDir,virtualCLSmini_METEO/MMET1.VerWdDir,,t,virtualCLSmini_METEO/MMET1.VerWdDir.t,2a2c6890-2249-4329-a658-9737362f441b
809,163,f43015d9-6802-48aa-8e92-07a62cdfd5e0,VerWdDir,virtualCLSmini_METEO/MMET1.VerWdDir,,units.SIUnit,virtualCLSmini_METEO/MMET1.VerWdDir.units.SIUnit,a624e342-b294-4353-bdac-2661526b0eec
810,163,f43015d9-6802-48aa-8e92-07a62cdfd5e0,VerWdDir,virtualCLSmini_METEO/MMET1.VerWdDir,,d,virtualCLSmini_METEO/MMET1.VerWdDir.d,569a9847-83c6-4872-afc6-683f4f7633fc
811,164,02e5b64f-de99-440d-aa1f-738ea88f686d,VerWdSpd,virtualCLSmini_METEO/MMET1.VerWdSpd,,mag.f,virtualCLSmini_METEO/MMET1.VerWdSpd.mag.f,74152ddb-3f81-403d-adb0-bc0f1090fb12
812,164,02e5b64f-de99-440d-aa1f-738ea88f686d,VerWdSpd,virtualCLSmini_METEO/MMET1.VerWdSpd,,q,virtualCLSmini_METEO/MMET1.VerWdSpd.q,97b13167-ca1a-4b08-8f96-ff1bf1164908
813,164,02e5b64f-de99-440d-aa1f-738ea88f686d,VerWdSpd,virtualCLSmini_METEO/MMET1.VerWdSpd,,t,virtualCLSmini_METEO/MMET1.VerWdSpd.t,6e1ce113-f213-467d-9ef5-407ec78018cd
814,164,02e5b64f-de99-440d-aa1f-738ea88f686d,VerWdSpd,virtualCLSmini_METEO/MMET1.VerWdSpd,,units.SIUnit,virtualCLSmini_METEO/MMET1.VerWdSpd.units.SIUnit,b225f5c2-e35c-4103-aafe-56b11e4035f4
815,164,02e5b64f-de99-440d-aa1f-738ea88f686d,VerWdSpd,virtualCLSmini_METEO/MMET1.VerWdSpd,,d,virtualCLSmini_METEO/MMET1.VerWdSpd.d,73698ab5-e33c-49a3-9b9a-ff5207820129
816,165,12c7dec5-5862-4fec-a90d-d78e92ac5948,WdGustSpd,virtualCLSmini_METEO/MMET1.WdGustSpd,,mag.f,virtualCLSmini_METEO/MMET1.WdGustSpd.mag.f,168e85f7-ff07-41d7-8d93-cfe7709850b7
817,165,12c7dec5-5862-4fec-a90d-d78e92ac5948,WdGustSpd,virtualCLSmini_METEO/MMET1.WdGustSpd,,q,virtualCLSmini_METEO/MMET1.WdGustSpd.q,3d1c0606-c3d7-46f3-b84a-440a511a4999
818,165,12c7dec5-5862-4fec-a90d-d78e92ac5948,WdGustSpd,virtualCLSmini_METEO/MMET1.WdGustSpd,,t,virtualCLSmini_METEO/MMET1.WdGustSpd.t,ac9b6511-00c3-42f4-b2a8-038be853ab49
819,165,12c7dec5-5862-4fec-a90d-d78e92ac5948,WdGustSpd,virtualCLSmini_METEO/MMET1.WdGustSpd,,units.SIUnit,virtualCLSmini_METEO/MMET1.WdGustSpd.units.SIUnit,9bd5d42f-59a9-4925-ba88-9fb279b74b03
820,165,12c7dec5-5862-4fec-a90d-d78e92ac5948,WdGustSpd,virtualCLSmini_METEO/MMET1.WdGustSpd,,d,virtualCLSmini_METEO/MMET1.WdGustSpd.d,e6560bb2-48b0-4c0b-9a61-6ee4431938ba
821,166,66f7b71c-ff11-4eaf-9b87-5bf7c724048a,EnvPres,virtualCLSmini_METEO/MMET1.EnvPres,,mag.f,virtualCLSmini_METEO/MMET1.EnvPres.mag.f,59470490-9c76-432b-9ec2-f2271bfcb96c
822,166,66f7b71c-ff11-4eaf-9b87-5bf7c724048a,EnvPres,virtualCLSmini_METEO/MMET1.EnvPres,,q,virtualCLSmini_METEO/MMET1.EnvPres.q,dc052b44-196f-4fc8-98d8-909620459691
823,166,66f7b71c-ff11-4eaf-9b87-5bf7c724048a,EnvPres,virtualCLSmini_METEO/MMET1.EnvPres,,t,virtualCLSmini_METEO/MMET1.EnvPres.t,df88c0cf-174e-400d-bf46-b24ee7ef25b9
824,166,66f7b71c-ff11-4eaf-9b87-5bf7c724048a,EnvPres,virtualCLSmini_METEO/MMET1.EnvPres,,units.SIUnit,virtualCLSmini_METEO/MMET1.EnvPres.units.SIUnit,5b49422f-b29d-4090-81c5-ef0f40f58fac
825,166,66f7b71c-ff11-4eaf-9b87-5bf7c724048a,EnvPres,virtualCLSmini_METEO/MMET1.EnvPres,,d,virtualCLSmini_METEO/MMET1.EnvPres.d,aef1051e-aefa-4814-8b7f-06b4b60be5d5
826,167,6154c71d-1202-4134-a8c9-916b6ac60386,RnFll,virtualCLSmini_METEO/MMET1.RnFll,,mag.f,virtualCLSmini_METEO/MMET1.RnFll.mag.f,90bb016c-fade-4d45-8f3d-2bc53a734ab1
827,167,6154c71d-1202-4134-a8c9-916b6ac60386,RnFll,virtualCLSmini_METEO/MMET1.RnFll,,q,virtualCLSmini_METEO/MMET1.RnFll.q,5e85a3df-86e6-450c-b063-d87ea17f715a
828,167,6154c71d-1202-4134-a8c9-916b6ac60386,RnFll,virtualCLSmini_METEO/MMET1.RnFll,,t,virtualCLSmini_METEO/MMET1.RnFll.t,89b69ef0-6321-45bb-ae8d-11e47fd68893
829,167,6154c71d-1202-4134-a8c9-916b6ac60386,RnFll,virtualCLSmini_METEO/MMET1.RnFll,,units.SIUnit,virtualCLSmini_METEO/MMET1.RnFll.units.SIUnit,aca833d4-62f8-48c6-a13b-0ab220049029
830,167,6154c71d-1202-4134-a8c9-916b6ac60386,RnFll,virtualCLSmini_METEO/MMET1.RnFll,,d,virtualCLSmini_METEO/MMET1.RnFll.d,37bf5c68-ca47-4020-a226-32b32cc15faa
831,168,6f733439-4087-49fd-afd7-5f0ca7724ef0,SnwDen,virtualCLSmini_METEO/MMET1.SnwDen,,mag.f,virtualCLSmini_METEO/MMET1.SnwDen.mag.f,2b753516-2138-4e4e-a0bf-9eb8a48950cb
832,168,6f733439-4087-49fd-afd7-5f0ca7724ef0,SnwDen,virtualCLSmini_METEO/MMET1.SnwDen,,q,virtualCLSmini_METEO/MMET1.SnwDen.q,d59eb748-e52d-416b-976d-a24b496dd089
833,168,6f733439-4087-49fd-afd7-5f0ca7724ef0,SnwDen,virtualCLSmini_METEO/MMET1.SnwDen,,t,virtualCLSmini_METEO/MMET1.SnwDen.t,764fda1b-c5cd-42c7-8b43-b3ea90579ffa
834,168,6f733439-4087-49fd-afd7-5f0ca7724ef0,SnwDen,virtualCLSmini_METEO/MMET1.SnwDen,,units.SIUnit,virtualCLSmini_METEO/MMET1.SnwDen.units.SIUnit,5964f19e-23e3-4c3e-bb4e-5ebf4a0c71e3
835,168,6f733439-4087-49fd-afd7-5f0ca7724ef0,SnwDen,virtualCLSmini_METEO/MMET1.SnwDen,,d,virtualCLSmini_METEO/MMET1.SnwDen.d,0fb6038d-6624-45d2-8ec4-98ed3fc99584
836,169,14d8c91b-cb49-46a4-86d4-6b88ea5b8d7a,SnwTmp,virtualCLSmini_METEO/MMET1.SnwTmp,,mag.f,virtualCLSmini_METEO/MMET1.SnwTmp.mag.f,898df66b-7ea9-4f24-89cf-c01bab89f40c
837,169,14d8c91b-cb49-46a4-86d4-6b88ea5b8d7a,SnwTmp,virtualCLSmini_METEO/MMET1.SnwTmp,,q,virtualCLSmini_METEO/MMET1.SnwTmp.q,0dc7f9ad-80d0-4f52-8be2-df9574070ae8
838,169,14d8c91b-cb49-46a4-86d4-6b88ea5b8d7a,SnwTmp,virtualCLSmini_METEO/MMET1.SnwTmp,,t,virtualCLSmini_METEO/MMET1.SnwTmp.t,22e14538-7187-47dc-84b7-88f85dcb66d2
839,169,14d8c91b-cb49-46a4-86d4-6b88ea5b8d7a,SnwTmp,virtualCLSmini_METEO/MMET1.SnwTmp,,units.SIUnit,virtualCLSmini_METEO/MMET1.SnwTmp.units.SIUnit,559023e6-db72-4587-a287-d2e186d2ab43
840,169,14d8c91b-cb49-46a4-86d4-6b88ea5b8d7a,SnwTmp,virtualCLSmini_METEO/MMET1.SnwTmp,,d,virtualCLSmini_METEO/MMET1.SnwTmp.d,5da6e61a-df8a-4eb9-8cda-cc62a585678e
841,170,f8e475d1-772f-46a3-abae-1451975bd50a,SnwCvr,virtualCLSmini_METEO/MMET1.SnwCvr,,mag.f,virtualCLSmini_METEO/MMET1.SnwCvr.mag.f,829a04ab-b898-4c25-af22-eda7d1756adf
842,170,f8e475d1-772f-46a3-abae-1451975bd50a,SnwCvr,virtualCLSmini_METEO/MMET1.SnwCvr,,q,virtualCLSmini_METEO/MMET1.SnwCvr.q,228119ec-68d0-43cd-9cab-cf079b159767
843,170,f8e475d1-772f-46a3-abae-1451975bd50a,SnwCvr,virtualCLSmini_METEO/MMET1.SnwCvr,,t,virtualCLSmini_METEO/MMET1.SnwCvr.t,5dbdf4e7-c39b-40a1-940a-66cb5fb8d879
844,170,f8e475d1-772f-46a3-abae-1451975bd50a,SnwCvr,virtualCLSmini_METEO/MMET1.SnwCvr,,units.SIUnit,virtualCLSmini_METEO/MMET1.SnwCvr.units.SIUnit,6ecafe44-5830-4bc6-a7d8-a3e7eb9a30c2
845,170,f8e475d1-772f-46a3-abae-1451975bd50a,SnwCvr,virtualCLSmini_METEO/MMET1.SnwCvr,,d,virtualCLSmini_METEO/MMET1.SnwCvr.d,539f91d1-941f-40f0-b1bd-118b9b6814e0
846,171,bbef9972-57f2-415a-bbd5-04083e4547d0,SnwFll,virtualCLSmini_METEO/MMET1.SnwFll,,mag.f,virtualCLSmini_METEO/MMET1.SnwFll.mag.f,c3269457-9d16-46a7-a675-472d9b7e4cc3
847,171,bbef9972-57f2-415a-bbd5-04083e4547d0,SnwFll,virtualCLSmini_METEO/MMET1.SnwFll,,q,virtualCLSmini_METEO/MMET1.SnwFll.q,5f4be11d-c0e4-4d5a-bd80-9ddf0709ee76
848,171,bbef9972-57f2-415a-bbd5-04083e4547d0,SnwFll,virtualCLSmini_METEO/MMET1.SnwFll,,t,virtualCLSmini_METEO/MMET1.SnwFll.t,3a51ebaf-4057-4582-9702-76ff2df767da
849,171,bbef9972-57f2-415a-bbd5-04083e4547d0,SnwFll,virtualCLSmini_METEO/MMET1.SnwFll,,units.SIUnit,virtualCLSmini_METEO/MMET1.SnwFll.units.SIUnit,b3a2eb28-02d9-460c-bc61-19faf2c01967
850,171,bbef9972-57f2-415a-bbd5-04083e4547d0,SnwFll,virtualCLSmini_METEO/MMET1.SnwFll,,d,virtualCLSmini_METEO/MMET1.SnwFll.d,294e1b3b-345e-4c16-9cf3-46638d64693e
851,172,3dbd41fa-caad-4fb5-848d-a8d387b93451,SnwEq,virtualCLSmini_METEO/MMET1.SnwEq,,mag.f,virtualCLSmini_METEO/MMET1.SnwEq.mag.f,43e6c799-3602-4283-b67e-553b557ca8ed
852,172,3dbd41fa-caad-4fb5-848d-a8d387b93451,SnwEq,virtualCLSmini_METEO/MMET1.SnwEq,,q,virtualCLSmini_METEO/MMET1.SnwEq.q,873d6539-d2ec-414c-ab70-a03601ce52d4
853,172,3dbd41fa-caad-4fb5-848d-a8d387b93451,SnwEq,virtualCLSmini_METEO/MMET1.SnwEq,,t,virtualCLSmini_METEO/MMET1.SnwEq.t,7fe3fae3-0e60-453e-a9a0-43602b3b7a6a
854,172,3dbd41fa-caad-4fb5-848d-a8d387b93451,SnwEq,virtualCLSmini_METEO/MMET1.SnwEq,,units.SIUnit,virtualCLSmini_METEO/MMET1.SnwEq.units.SIUnit,7631dc0a-e367-42fa-b8fe-99e9d64a9b0e
855,172,3dbd41fa-caad-4fb5-848d-a8d387b93451,SnwEq,virtualCLSmini_METEO/MMET1.SnwEq,,d,virtualCLSmini_METEO/MMET1.SnwEq.d,da3b91c6-14e0-4eda-9977-ec1f5fb4a0d7
856,173,68ec58fe-7d03-47ea-9432-e0ecc6a9a353,Mod,virtualCLSmini_METEO/MMET1.Mod,,origin.orCat,virtualCLSmini_METEO/MMET1.Mod.origin.orCat,a6211385-aebc-4ae6-90b6-152337c2680b
857,173,68ec58fe-7d03-47ea-9432-e0ecc6a9a353,Mod,virtualCLSmini_METEO/MMET1.Mod,,origin.orIdent,virtualCLSmini_METEO/MMET1.Mod.origin.orIdent,f1b36b1d-8dda-412b-a49e-24984bde0556
858,173,68ec58fe-7d03-47ea-9432-e0ecc6a9a353,Mod,virtualCLSmini_METEO/MMET1.Mod,,ctlNum,virtualCLSmini_METEO/MMET1.Mod.ctlNum,cc2de0a2-95c1-43b2-b39c-33c5b0f436b2
859,173,68ec58fe-7d03-47ea-9432-e0ecc6a9a353,Mod,virtualCLSmini_METEO/MMET1.Mod,,stVal,virtualCLSmini_METEO/MMET1.Mod.stVal,1cd0a8c5-96ab-47b4-b31b-a4911e15aea9
860,173,68ec58fe-7d03-47ea-9432-e0ecc6a9a353,Mod,virtualCLSmini_METEO/MMET1.Mod,,q,virtualCLSmini_METEO/MMET1.Mod.q,5e4d8c95-061d-4c4e-8d28-f4fa02c1ae91
861,173,68ec58fe-7d03-47ea-9432-e0ecc6a9a353,Mod,virtualCLSmini_METEO/MMET1.Mod,,t,virtualCLSmini_METEO/MMET1.Mod.t,6908dc83-9f3e-4818-9ebd-b5f7626ad415
862,173,68ec58fe-7d03-47ea-9432-e0ecc6a9a353,Mod,virtualCLSmini_METEO/MMET1.Mod,,ctlModel,virtualCLSmini_METEO/MMET1.Mod.ctlModel,7e2af8cd-5b7d-46bd-9ae5-fd3204b40e76
863,173,68ec58fe-7d03-47ea-9432-e0ecc6a9a353,Mod,virtualCLSmini_METEO/MMET1.Mod,,ctlVal,virtualCLSmini_METEO/MMET1.Mod.ctlVal,d7e6e825-3513-4872-a294-a9945794076a
864,173,68ec58fe-7d03-47ea-9432-e0ecc6a9a353,Mod,virtualCLSmini_METEO/MMET1.Mod,,d,virtualCLSmini_METEO/MMET1.Mod.d,8177aa5f-ab23-44de-a77f-c7b90c84e36e
865,174,d4658c91-389a-4f26-ba7e-27e59b78e939,NamPlt,virtualCLSmini_METEO/LPHD1.NamPlt,,vendor,virtualCLSmini_METEO/LPHD1.NamPlt.vendor,9a03e750-933c-4c9b-b539-cd529bd47479
866,174,d4658c91-389a-4f26-ba7e-27e59b78e939,NamPlt,virtualCLSmini_METEO/LPHD1.NamPlt,,swRev,virtualCLSmini_METEO/LPHD1.NamPlt.swRev,8c834e19-82b3-49eb-aa8e-bd1929a05064
867,174,d4658c91-389a-4f26-ba7e-27e59b78e939,NamPlt,virtualCLSmini_METEO/LPHD1.NamPlt,,configRev,virtualCLSmini_METEO/LPHD1.NamPlt.configRev,4233f208-b954-452d-8d7b-c90fe2f5add2
868,174,d4658c91-389a-4f26-ba7e-27e59b78e939,NamPlt,virtualCLSmini_METEO/LPHD1.NamPlt,,d,virtualCLSmini_METEO/LPHD1.NamPlt.d,a9246186-7001-4d4c-acbc-06b4a1e2c659
869,175,4e3a0d22-18e5-4c18-83a9-6ff45ed3705f,PhyNam,virtualCLSmini_METEO/LPHD1.PhyNam,,vendor,virtualCLSmini_METEO/LPHD1.PhyNam.vendor,e886694b-8d1f-4474-8be2-884c9587b4d3
870,175,4e3a0d22-18e5-4c18-83a9-6ff45ed3705f,PhyNam,virtualCLSmini_METEO/LPHD1.PhyNam,,hwRev,virtualCLSmini_METEO/LPHD1.PhyNam.hwRev,585a2d7d-7fa2-4176-85f3-1fa494097762
871,175,4e3a0d22-18e5-4c18-83a9-6ff45ed3705f,PhyNam,virtualCLSmini_METEO/LPHD1.PhyNam,,swRev,virtualCLSmini_METEO/LPHD1.PhyNam.swRev,3bf5864b-cd99-41a4-88f8-b844c8c5ab3c
872,175,4e3a0d22-18e5-4c18-83a9-6ff45ed3705f,PhyNam,virtualCLSmini_METEO/LPHD1.PhyNam,,serNum,virtualCLSmini_METEO/LPHD1.PhyNam.serNum,606a2150-a284-49c1-85a4-2e99b7e6f889
873,175,4e3a0d22-18e5-4c18-83a9-6ff45ed3705f,PhyNam,virtualCLSmini_METEO/LPHD1.PhyNam,,model,virtualCLSmini_METEO/LPHD1.PhyNam.model,8fcd8675-72df-4fa2-83da-48ed5759c739
874,175,4e3a0d22-18e5-4c18-83a9-6ff45ed3705f,PhyNam,virtualCLSmini_METEO/LPHD1.PhyNam,,location,virtualCLSmini_METEO/LPHD1.PhyNam.location,facb4a5d-4a35-4856-b6ed-562c1c707672
875,175,4e3a0d22-18e5-4c18-83a9-6ff45ed3705f,PhyNam,virtualCLSmini_METEO/LPHD1.PhyNam,,nameDA,virtualCLSmini_METEO/LPHD1.PhyNam.nameDA,6e3b966c-349f-4c2d-895a-65c24da55627
876,175,4e3a0d22-18e5-4c18-83a9-6ff45ed3705f,PhyNam,virtualCLSmini_METEO/LPHD1.PhyNam,,owner,virtualCLSmini_METEO/LPHD1.PhyNam.owner,4318e21b-0fb9-4063-90c6-6a7276b43507
877,175,4e3a0d22-18e5-4c18-83a9-6ff45ed3705f,PhyNam,virtualCLSmini_METEO/LPHD1.PhyNam,,ePSName,virtualCLSmini_METEO/LPHD1.PhyNam.ePSName,68469c8c-eb0b-4e66-8303-43715487a9b5
878,175,4e3a0d22-18e5-4c18-83a9-6ff45ed3705f,PhyNam,virtualCLSmini_METEO/LPHD1.PhyNam,,primeOper,virtualCLSmini_METEO/LPHD1.PhyNam.primeOper,9ef0e158-9da6-4fbc-9537-f34c169bc96b
879,175,4e3a0d22-18e5-4c18-83a9-6ff45ed3705f,PhyNam,virtualCLSmini_METEO/LPHD1.PhyNam,,secondOper,virtualCLSmini_METEO/LPHD1.PhyNam.secondOper,20cfc777-840d-4e41-8a61-5a6e47a4f36a
880,175,4e3a0d22-18e5-4c18-83a9-6ff45ed3705f,PhyNam,virtualCLSmini_METEO/LPHD1.PhyNam,,latitude,virtualCLSmini_METEO/LPHD1.PhyNam.latitude,2517629f-0a0a-4dda-96c0-64a6faba60ef
881,175,4e3a0d22-18e5-4c18-83a9-6ff45ed3705f,PhyNam,virtualCLSmini_METEO/LPHD1.PhyNam,,longitude,virtualCLSmini_METEO/LPHD1.PhyNam.longitude,684685a5-10ef-44f3-b02a-e712e5c62041
882,175,4e3a0d22-18e5-4c18-83a9-6ff45ed3705f,PhyNam,virtualCLSmini_METEO/LPHD1.PhyNam,,altitude,virtualCLSmini_METEO/LPHD1.PhyNam.altitude,fda8b6f6-2e7b-49bd-b56e-9d1530663944
883,175,4e3a0d22-18e5-4c18-83a9-6ff45ed3705f,PhyNam,virtualCLSmini_METEO/LPHD1.PhyNam,,mRID,virtualCLSmini_METEO/LPHD1.PhyNam.mRID,6199c017-54f2-4574-ac12-3457aadfe590
884,175,4e3a0d22-18e5-4c18-83a9-6ff45ed3705f,PhyNam,virtualCLSmini_METEO/LPHD1.PhyNam,,d,virtualCLSmini_METEO/LPHD1.PhyNam.d,144db446-e797-49ae-bac6-f19944ace35e
885,176,b341255f-3484-4b36-bd8f-37d7b435de61,PhyHealth,virtualCLSmini_METEO/LPHD1.PhyHealth,,stVal,virtualCLSmini_METEO/LPHD1.PhyHealth.stVal,82b6c809-e4cf-43a2-832d-1507ec5c07a9
886,176,b341255f-3484-4b36-bd8f-37d7b435de61,PhyHealth,virtualCLSmini_METEO/LPHD1.PhyHealth,,q,virtualCLSmini_METEO/LPHD1.PhyHealth.q,1ab98c0c-41df-4d4a-91e6-94b25d4edd47
887,176,b341255f-3484-4b36-bd8f-37d7b435de61,PhyHealth,virtualCLSmini_METEO/LPHD1.PhyHealth,,t,virtualCLSmini_METEO/LPHD1.PhyHealth.t,505eb71b-b5e2-442b-8434-dca391c3c83c
888,176,b341255f-3484-4b36-bd8f-37d7b435de61,PhyHealth,virtualCLSmini_METEO/LPHD1.PhyHealth,,d,virtualCLSmini_METEO/LPHD1.PhyHealth.d,98b78273-0e40-449c-8db9-9dad94a3a4d7
889,177,1b8ae5e1-dd1e-4e63-8ab9-6dd48fbaff59,Proxy,virtualCLSmini_METEO/LPHD1.Proxy,,stVal,virtualCLSmini_METEO/LPHD1.Proxy.stVal,27193d5e-5171-42aa-b972-5dd0e880c555
890,177,1b8ae5e1-dd1e-4e63-8ab9-6dd48fbaff59,Proxy,virtualCLSmini_METEO/LPHD1.Proxy,,q,virtualCLSmini_METEO/LPHD1.Proxy.q,0f070b39-7a9a-436e-aaa5-cfe68782a7d8
891,177,1b8ae5e1-dd1e-4e63-8ab9-6dd48fbaff59,Proxy,virtualCLSmini_METEO/LPHD1.Proxy,,t,virtualCLSmini_METEO/LPHD1.Proxy.t,47ea8551-b872-4bab-b8f3-b83d8875615b
892,177,1b8ae5e1-dd1e-4e63-8ab9-6dd48fbaff59,Proxy,virtualCLSmini_METEO/LPHD1.Proxy,,d,virtualCLSmini_METEO/LPHD1.Proxy.d,1b14343a-f7be-4c69-b27f-79744e51f35d
893,178,dca0d877-0683-4e9c-8002-f219415c4dfc,NamPlt,virtualCLSmini_PV1/LLN0.NamPlt,,vendor,virtualCLSmini_PV1/LLN0.NamPlt.vendor,e366df4f-a949-475c-aab8-1297ea4feaea
894,178,dca0d877-0683-4e9c-8002-f219415c4dfc,NamPlt,virtualCLSmini_PV1/LLN0.NamPlt,,swRev,virtualCLSmini_PV1/LLN0.NamPlt.swRev,e030f1ae-018a-4f05-8425-51d32b345f08
895,178,dca0d877-0683-4e9c-8002-f219415c4dfc,NamPlt,virtualCLSmini_PV1/LLN0.NamPlt,,configRev,virtualCLSmini_PV1/LLN0.NamPlt.configRev,b519270d-8ea6-4199-9789-307bb0ea550d
896,178,dca0d877-0683-4e9c-8002-f219415c4dfc,NamPlt,virtualCLSmini_PV1/LLN0.NamPlt,,d,virtualCLSmini_PV1/LLN0.NamPlt.d,0bcd5d3c-3bcf-48ea-8510-c70fcbf31efa
897,179,1005054c-36e1-4b87-b67c-c1a8e00fe486,Beh,virtualCLSmini_PV1/LLN0.Beh,,stVal,virtualCLSmini_PV1/LLN0.Beh.stVal,7ffee056-c18c-412f-b413-327e41cab0c9
898,179,1005054c-36e1-4b87-b67c-c1a8e00fe486,Beh,virtualCLSmini_PV1/LLN0.Beh,,q,virtualCLSmini_PV1/LLN0.Beh.q,9a44b3ef-5c9c-4508-b12f-de7ebf66e00e
899,179,1005054c-36e1-4b87-b67c-c1a8e00fe486,Beh,virtualCLSmini_PV1/LLN0.Beh,,t,virtualCLSmini_PV1/LLN0.Beh.t,acdf076c-c718-4097-b0d4-d7345493378f
900,179,1005054c-36e1-4b87-b67c-c1a8e00fe486,Beh,virtualCLSmini_PV1/LLN0.Beh,,d,virtualCLSmini_PV1/LLN0.Beh.d,bf9841a5-7303-4c43-8286-b0fc5ae7cad9
901,180,c193d1a4-42e8-4bde-9dd0-30a3767d46e1,Health,virtualCLSmini_PV1/LLN0.Health,,stVal,virtualCLSmini_PV1/LLN0.Health.stVal,9656c284-fc7a-40f6-86f3-c5287f180763
902,180,c193d1a4-42e8-4bde-9dd0-30a3767d46e1,Health,virtualCLSmini_PV1/LLN0.Health,,q,virtualCLSmini_PV1/LLN0.Health.q,67966054-919b-4f71-8c29-a03e2e1302f6
903,180,c193d1a4-42e8-4bde-9dd0-30a3767d46e1,Health,virtualCLSmini_PV1/LLN0.Health,,t,virtualCLSmini_PV1/LLN0.Health.t,c4d639bd-5cf1-4a10-a60e-6f49f97b02e5
904,180,c193d1a4-42e8-4bde-9dd0-30a3767d46e1,Health,virtualCLSmini_PV1/LLN0.Health,,d,virtualCLSmini_PV1/LLN0.Health.d,8f2657b5-12be-437d-bb91-30b0147f12f3
905,181,a2346bce-3981-457b-b09f-2185722fd547,LocKey,virtualCLSmini_PV1/LLN0.LocKey,,stVal,virtualCLSmini_PV1/LLN0.LocKey.stVal,fac9cd75-30ea-45de-b188-419c046f9a26
906,181,a2346bce-3981-457b-b09f-2185722fd547,LocKey,virtualCLSmini_PV1/LLN0.LocKey,,q,virtualCLSmini_PV1/LLN0.LocKey.q,d583739f-0ec6-4284-87e6-e75646894a31
907,181,a2346bce-3981-457b-b09f-2185722fd547,LocKey,virtualCLSmini_PV1/LLN0.LocKey,,t,virtualCLSmini_PV1/LLN0.LocKey.t,d51a8ab7-9963-4cc6-a25e-fc0d53b52f52
908,181,a2346bce-3981-457b-b09f-2185722fd547,LocKey,virtualCLSmini_PV1/LLN0.LocKey,,d,virtualCLSmini_PV1/LLN0.LocKey.d,3eb47646-ac07-4d87-9855-8a7e1d89ac8e
909,182,f8c427d3-3efb-419f-a543-ff39164d90b2,Loc,virtualCLSmini_PV1/LLN0.Loc,,stVal,virtualCLSmini_PV1/LLN0.Loc.stVal,5a19362b-1732-4a70-af55-635021f7bdb1
910,182,f8c427d3-3efb-419f-a543-ff39164d90b2,Loc,virtualCLSmini_PV1/LLN0.Loc,,q,virtualCLSmini_PV1/LLN0.Loc.q,c4d47b14-ac2c-460d-9851-1e29995bea4b
911,182,f8c427d3-3efb-419f-a543-ff39164d90b2,Loc,virtualCLSmini_PV1/LLN0.Loc,,t,virtualCLSmini_PV1/LLN0.Loc.t,7e1c5768-f27f-4e7e-86ad-418d35407a58
912,182,f8c427d3-3efb-419f-a543-ff39164d90b2,Loc,virtualCLSmini_PV1/LLN0.Loc,,d,virtualCLSmini_PV1/LLN0.Loc.d,8259207a-0b30-48ba-9091-4f8279843c6e
913,183,de7b23e3-7ffc-476c-8fd5-b0a265b46c77,Mod,virtualCLSmini_PV1/LLN0.Mod,,origin.orCat,virtualCLSmini_PV1/LLN0.Mod.origin.orCat,71315dca-38a1-455e-8b79-272a3703a7b0
914,183,de7b23e3-7ffc-476c-8fd5-b0a265b46c77,Mod,virtualCLSmini_PV1/LLN0.Mod,,origin.orIdent,virtualCLSmini_PV1/LLN0.Mod.origin.orIdent,1347c16a-0bfa-4041-96e0-147f1ed2d7dc
915,183,de7b23e3-7ffc-476c-8fd5-b0a265b46c77,Mod,virtualCLSmini_PV1/LLN0.Mod,,ctlNum,virtualCLSmini_PV1/LLN0.Mod.ctlNum,c8fcbd14-aa0b-4577-bfe6-b9910d9a15c5
916,183,de7b23e3-7ffc-476c-8fd5-b0a265b46c77,Mod,virtualCLSmini_PV1/LLN0.Mod,,stVal,virtualCLSmini_PV1/LLN0.Mod.stVal,d5f15e19-0072-476a-97c3-2ce4ed8ae697
917,183,de7b23e3-7ffc-476c-8fd5-b0a265b46c77,Mod,virtualCLSmini_PV1/LLN0.Mod,,q,virtualCLSmini_PV1/LLN0.Mod.q,b1935553-30d6-422e-9185-35e2a433fcf5
918,183,de7b23e3-7ffc-476c-8fd5-b0a265b46c77,Mod,virtualCLSmini_PV1/LLN0.Mod,,t,virtualCLSmini_PV1/LLN0.Mod.t,2ebf4795-6461-4d2e-93cd-e792120702ac
919,183,de7b23e3-7ffc-476c-8fd5-b0a265b46c77,Mod,virtualCLSmini_PV1/LLN0.Mod,,ctlModel,virtualCLSmini_PV1/LLN0.Mod.ctlModel,4ed831d7-fabd-4415-8b25-dfade9b9fbaa
920,183,de7b23e3-7ffc-476c-8fd5-b0a265b46c77,Mod,virtualCLSmini_PV1/LLN0.Mod,,ctlVal,virtualCLSmini_PV1/LLN0.Mod.ctlVal,79f677e6-4872-4db1-9d1d-c730ebfd00b6
921,183,de7b23e3-7ffc-476c-8fd5-b0a265b46c77,Mod,virtualCLSmini_PV1/LLN0.Mod,,d,virtualCLSmini_PV1/LLN0.Mod.d,32bed39d-33b1-4615-98ef-3482b42de669
922,184,4fdbcc2e-81ff-454a-a227-849ad1762557,LocSta,virtualCLSmini_PV1/LLN0.LocSta,,origin.orCat,virtualCLSmini_PV1/LLN0.LocSta.origin.orCat,6f67fa1a-28d2-49b7-956b-3612ae6e775f
923,184,4fdbcc2e-81ff-454a-a227-849ad1762557,LocSta,virtualCLSmini_PV1/LLN0.LocSta,,origin.orIdent,virtualCLSmini_PV1/LLN0.LocSta.origin.orIdent,e3e5918b-31ed-4b76-8cea-79b493533b69
924,184,4fdbcc2e-81ff-454a-a227-849ad1762557,LocSta,virtualCLSmini_PV1/LLN0.LocSta,,ctlNum,virtualCLSmini_PV1/LLN0.LocSta.ctlNum,2016f2b6-97d0-421b-a88e-bdcb47c10f7f
925,184,4fdbcc2e-81ff-454a-a227-849ad1762557,LocSta,virtualCLSmini_PV1/LLN0.LocSta,,stVal,virtualCLSmini_PV1/LLN0.LocSta.stVal,9da53867-80d0-41d9-9a19-0b8b7bc422a1
926,184,4fdbcc2e-81ff-454a-a227-849ad1762557,LocSta,virtualCLSmini_PV1/LLN0.LocSta,,q,virtualCLSmini_PV1/LLN0.LocSta.q,a818ef7f-c474-4a9b-821a-116caaedf156
927,184,4fdbcc2e-81ff-454a-a227-849ad1762557,LocSta,virtualCLSmini_PV1/LLN0.LocSta,,t,virtualCLSmini_PV1/LLN0.LocSta.t,27608407-7a54-4829-9b70-ca4686a5fbfe
928,184,4fdbcc2e-81ff-454a-a227-849ad1762557,LocSta,virtualCLSmini_PV1/LLN0.LocSta,,ctlModel,virtualCLSmini_PV1/LLN0.LocSta.ctlModel,0f98622a-97e8-4e22-b70e-7ad68b055b83
929,184,4fdbcc2e-81ff-454a-a227-849ad1762557,LocSta,virtualCLSmini_PV1/LLN0.LocSta,,ctlVal,virtualCLSmini_PV1/LLN0.LocSta.ctlVal,d3beb196-1f73-4afd-b05e-d3a4fe600877
930,184,4fdbcc2e-81ff-454a-a227-849ad1762557,LocSta,virtualCLSmini_PV1/LLN0.LocSta,,d,virtualCLSmini_PV1/LLN0.LocSta.d,2739ba83-aaff-418d-8792-b0b68650b56a
931,185,371794cc-67db-4706-bdc5-e783d94b9f65,MltLev,virtualCLSmini_PV1/LLN0.MltLev,,setVal,virtualCLSmini_PV1/LLN0.MltLev.setVal,aec0259b-a2e0-4898-bf02-1b80b44789a6
932,185,371794cc-67db-4706-bdc5-e783d94b9f65,MltLev,virtualCLSmini_PV1/LLN0.MltLev,,d,virtualCLSmini_PV1/LLN0.MltLev.d,39cdafa5-df6b-4074-bd13-82abe83e6d91
933,186,138fdd47-dcbb-417d-90ba-dba725597807,NamPlt,virtualCLSmini_PV1/MMTR1.NamPlt,,vendor,virtualCLSmini_PV1/MMTR1.NamPlt.vendor,fb093a98-b745-42f0-a24a-4fd0fdc1cb89
934,186,138fdd47-dcbb-417d-90ba-dba725597807,NamPlt,virtualCLSmini_PV1/MMTR1.NamPlt,,swRev,virtualCLSmini_PV1/MMTR1.NamPlt.swRev,cae45e76-b547-4c48-a853-9f0e14795e33
935,186,138fdd47-dcbb-417d-90ba-dba725597807,NamPlt,virtualCLSmini_PV1/MMTR1.NamPlt,,configRev,virtualCLSmini_PV1/MMTR1.NamPlt.configRev,58fe8b50-8408-42ea-81ba-0ce9d3ca7ce2
936,186,138fdd47-dcbb-417d-90ba-dba725597807,NamPlt,virtualCLSmini_PV1/MMTR1.NamPlt,,d,virtualCLSmini_PV1/MMTR1.NamPlt.d,d2636122-ce5d-409b-94fa-dedd39431353
937,187,6b9bc50a-7e8d-457c-8312-22b1905a76fc,Beh,virtualCLSmini_PV1/MMTR1.Beh,,stVal,virtualCLSmini_PV1/MMTR1.Beh.stVal,262150df-1409-462c-b9f6-f5664a3cd350
938,187,6b9bc50a-7e8d-457c-8312-22b1905a76fc,Beh,virtualCLSmini_PV1/MMTR1.Beh,,q,virtualCLSmini_PV1/MMTR1.Beh.q,e88daab7-3ac7-47cb-bf71-73e469cc94bd
939,187,6b9bc50a-7e8d-457c-8312-22b1905a76fc,Beh,virtualCLSmini_PV1/MMTR1.Beh,,t,virtualCLSmini_PV1/MMTR1.Beh.t,92817845-2e11-4201-b4ae-44d34cad8398
940,187,6b9bc50a-7e8d-457c-8312-22b1905a76fc,Beh,virtualCLSmini_PV1/MMTR1.Beh,,d,virtualCLSmini_PV1/MMTR1.Beh.d,d79a56a7-88b4-44d8-94ff-8a1fc152c122
941,188,b721f978-ccea-4212-ae26-c1390318b240,Health,virtualCLSmini_PV1/MMTR1.Health,,stVal,virtualCLSmini_PV1/MMTR1.Health.stVal,ce424d1d-dc23-4b2d-8f1d-2fb67258d8db
942,188,b721f978-ccea-4212-ae26-c1390318b240,Health,virtualCLSmini_PV1/MMTR1.Health,,q,virtualCLSmini_PV1/MMTR1.Health.q,d90711df-6a6f-473a-ba83-69e0e8845ec5
943,188,b721f978-ccea-4212-ae26-c1390318b240,Health,virtualCLSmini_PV1/MMTR1.Health,,t,virtualCLSmini_PV1/MMTR1.Health.t,e27e1ec9-ebdf-454c-9845-c171be12f0ba
944,188,b721f978-ccea-4212-ae26-c1390318b240,Health,virtualCLSmini_PV1/MMTR1.Health,,d,virtualCLSmini_PV1/MMTR1.Health.d,137e8ba5-3da5-4de9-bb5d-147c3bb3df77
945,189,f34b591b-c206-406f-8beb-f76f9d75a819,TotVAh,virtualCLSmini_PV1/MMTR1.TotVAh,,actVal,virtualCLSmini_PV1/MMTR1.TotVAh.actVal,7c39d2b2-dc3d-4184-a1b0-50cb4e47aa15
946,189,f34b591b-c206-406f-8beb-f76f9d75a819,TotVAh,virtualCLSmini_PV1/MMTR1.TotVAh,,q,virtualCLSmini_PV1/MMTR1.TotVAh.q,7f949c97-520c-405d-b71a-9a2e17d20d33
947,189,f34b591b-c206-406f-8beb-f76f9d75a819,TotVAh,virtualCLSmini_PV1/MMTR1.TotVAh,,t,virtualCLSmini_PV1/MMTR1.TotVAh.t,cd5200fd-f46b-4a2d-aeac-884313378479
948,189,f34b591b-c206-406f-8beb-f76f9d75a819,TotVAh,virtualCLSmini_PV1/MMTR1.TotVAh,,units.SIUnit,virtualCLSmini_PV1/MMTR1.TotVAh.units.SIUnit,5d36d49d-0272-4b79-beba-913efae7062b
949,189,f34b591b-c206-406f-8beb-f76f9d75a819,TotVAh,virtualCLSmini_PV1/MMTR1.TotVAh,,pulsQty,virtualCLSmini_PV1/MMTR1.TotVAh.pulsQty,1717c978-410e-4dc1-9162-c84a961cbb05
950,189,f34b591b-c206-406f-8beb-f76f9d75a819,TotVAh,virtualCLSmini_PV1/MMTR1.TotVAh,,d,virtualCLSmini_PV1/MMTR1.TotVAh.d,445e7c41-5f92-491e-8b9e-c896b6ef69c8
951,190,9373c4f5-9674-4143-ad50-1d36cc4d5873,TotWh,virtualCLSmini_PV1/MMTR1.TotWh,,actVal,virtualCLSmini_PV1/MMTR1.TotWh.actVal,26e331c3-f8c5-4063-8713-4e1ea2c596c1
952,190,9373c4f5-9674-4143-ad50-1d36cc4d5873,TotWh,virtualCLSmini_PV1/MMTR1.TotWh,,q,virtualCLSmini_PV1/MMTR1.TotWh.q,5a45b53f-3c37-4950-96a4-66f6cd3d68b8
953,190,9373c4f5-9674-4143-ad50-1d36cc4d5873,TotWh,virtualCLSmini_PV1/MMTR1.TotWh,,t,virtualCLSmini_PV1/MMTR1.TotWh.t,bdad0c12-9b9b-4106-a8de-2160afb669a4
954,190,9373c4f5-9674-4143-ad50-1d36cc4d5873,TotWh,virtualCLSmini_PV1/MMTR1.TotWh,,units.SIUnit,virtualCLSmini_PV1/MMTR1.TotWh.units.SIUnit,a532b7f9-c90b-42a0-a3d9-698cfa240eb2
955,190,9373c4f5-9674-4143-ad50-1d36cc4d5873,TotWh,virtualCLSmini_PV1/MMTR1.TotWh,,pulsQty,virtualCLSmini_PV1/MMTR1.TotWh.pulsQty,7ba939a2-9f00-4a2b-8b2b-9c14e278e8ac
956,190,9373c4f5-9674-4143-ad50-1d36cc4d5873,TotWh,virtualCLSmini_PV1/MMTR1.TotWh,,d,virtualCLSmini_PV1/MMTR1.TotWh.d,81b3e5d5-260d-4f29-a449-25b268667cff
957,191,b53aa592-cf62-48bf-9f7a-7e2d4ea06de4,TotVArh,virtualCLSmini_PV1/MMTR1.TotVArh,,actVal,virtualCLSmini_PV1/MMTR1.TotVArh.actVal,e27823f7-c263-402c-85df-5fec35060549
958,191,b53aa592-cf62-48bf-9f7a-7e2d4ea06de4,TotVArh,virtualCLSmini_PV1/MMTR1.TotVArh,,q,virtualCLSmini_PV1/MMTR1.TotVArh.q,e3b4d8a6-e7c5-4654-86e9-0aadd183bdb2
959,191,b53aa592-cf62-48bf-9f7a-7e2d4ea06de4,TotVArh,virtualCLSmini_PV1/MMTR1.TotVArh,,t,virtualCLSmini_PV1/MMTR1.TotVArh.t,439592c2-1626-485f-89bb-f0c6c34e95dd
960,191,b53aa592-cf62-48bf-9f7a-7e2d4ea06de4,TotVArh,virtualCLSmini_PV1/MMTR1.TotVArh,,units.SIUnit,virtualCLSmini_PV1/MMTR1.TotVArh.units.SIUnit,240e5f9d-e183-4e4d-897a-4d241709dad8
961,191,b53aa592-cf62-48bf-9f7a-7e2d4ea06de4,TotVArh,virtualCLSmini_PV1/MMTR1.TotVArh,,pulsQty,virtualCLSmini_PV1/MMTR1.TotVArh.pulsQty,41f8e18b-d5f5-45fe-9671-9660d984ccfa
962,191,b53aa592-cf62-48bf-9f7a-7e2d4ea06de4,TotVArh,virtualCLSmini_PV1/MMTR1.TotVArh,,d,virtualCLSmini_PV1/MMTR1.TotVArh.d,bf24fe52-7b73-4797-9a5d-a555110b17b1
963,192,517b89ac-54f5-4302-8d42-e6b2e9696309,SupWh,virtualCLSmini_PV1/MMTR1.SupWh,,actVal,virtualCLSmini_PV1/MMTR1.SupWh.actVal,287d5962-d7f2-4693-8cf9-f46aebb84494
964,192,517b89ac-54f5-4302-8d42-e6b2e9696309,SupWh,virtualCLSmini_PV1/MMTR1.SupWh,,q,virtualCLSmini_PV1/MMTR1.SupWh.q,4853c32b-8b15-4529-977b-1963bb6eda18
965,192,517b89ac-54f5-4302-8d42-e6b2e9696309,SupWh,virtualCLSmini_PV1/MMTR1.SupWh,,t,virtualCLSmini_PV1/MMTR1.SupWh.t,30ce231b-65c2-4257-bfe5-aba2a37152c9
966,192,517b89ac-54f5-4302-8d42-e6b2e9696309,SupWh,virtualCLSmini_PV1/MMTR1.SupWh,,units.SIUnit,virtualCLSmini_PV1/MMTR1.SupWh.units.SIUnit,79a6a285-2cf4-4206-a5b7-233d77251132
967,192,517b89ac-54f5-4302-8d42-e6b2e9696309,SupWh,virtualCLSmini_PV1/MMTR1.SupWh,,pulsQty,virtualCLSmini_PV1/MMTR1.SupWh.pulsQty,d957ed8d-8dd1-4310-b590-bbe5ae11aac7
968,192,517b89ac-54f5-4302-8d42-e6b2e9696309,SupWh,virtualCLSmini_PV1/MMTR1.SupWh,,d,virtualCLSmini_PV1/MMTR1.SupWh.d,2f75f7d3-eb7e-4471-a75a-e972100056eb
969,193,70a38776-26be-457f-86e6-7b195ecf076b,SupVArh,virtualCLSmini_PV1/MMTR1.SupVArh,,actVal,virtualCLSmini_PV1/MMTR1.SupVArh.actVal,1eb1328b-bffe-4b34-93ef-531a382fb249
970,193,70a38776-26be-457f-86e6-7b195ecf076b,SupVArh,virtualCLSmini_PV1/MMTR1.SupVArh,,q,virtualCLSmini_PV1/MMTR1.SupVArh.q,ea6f0694-d25c-41de-970e-0a7991c1da3e
971,193,70a38776-26be-457f-86e6-7b195ecf076b,SupVArh,virtualCLSmini_PV1/MMTR1.SupVArh,,t,virtualCLSmini_PV1/MMTR1.SupVArh.t,fdc7e4a1-7220-4105-8441-11b480c5a693
972,193,70a38776-26be-457f-86e6-7b195ecf076b,SupVArh,virtualCLSmini_PV1/MMTR1.SupVArh,,units.SIUnit,virtualCLSmini_PV1/MMTR1.SupVArh.units.SIUnit,36043e4c-b278-4960-be6e-876d307e83a5
973,193,70a38776-26be-457f-86e6-7b195ecf076b,SupVArh,virtualCLSmini_PV1/MMTR1.SupVArh,,pulsQty,virtualCLSmini_PV1/MMTR1.SupVArh.pulsQty,c10597f7-10bc-4d1d-8499-594ae60c5525
974,193,70a38776-26be-457f-86e6-7b195ecf076b,SupVArh,virtualCLSmini_PV1/MMTR1.SupVArh,,d,virtualCLSmini_PV1/MMTR1.SupVArh.d,82bbc2b0-ac6a-4e66-b859-279660d10ea7
975,194,dd31bbfe-b70e-40d7-af90-e065627c3cd5,DmdWh,virtualCLSmini_PV1/MMTR1.DmdWh,,actVal,virtualCLSmini_PV1/MMTR1.DmdWh.actVal,1885e7cf-5b53-4718-902c-89e5f1278b51
976,194,dd31bbfe-b70e-40d7-af90-e065627c3cd5,DmdWh,virtualCLSmini_PV1/MMTR1.DmdWh,,q,virtualCLSmini_PV1/MMTR1.DmdWh.q,de6b1040-e9d0-415c-b523-f2f02ce74be4
977,194,dd31bbfe-b70e-40d7-af90-e065627c3cd5,DmdWh,virtualCLSmini_PV1/MMTR1.DmdWh,,t,virtualCLSmini_PV1/MMTR1.DmdWh.t,5c9b124f-a1cc-40da-b316-115971239b81
978,194,dd31bbfe-b70e-40d7-af90-e065627c3cd5,DmdWh,virtualCLSmini_PV1/MMTR1.DmdWh,,units.SIUnit,virtualCLSmini_PV1/MMTR1.DmdWh.units.SIUnit,c4f36671-6db8-496f-b4d3-1a4d2dc39eaa
979,194,dd31bbfe-b70e-40d7-af90-e065627c3cd5,DmdWh,virtualCLSmini_PV1/MMTR1.DmdWh,,pulsQty,virtualCLSmini_PV1/MMTR1.DmdWh.pulsQty,7a0908ae-41d5-47f6-8a27-5f829fb56020
980,194,dd31bbfe-b70e-40d7-af90-e065627c3cd5,DmdWh,virtualCLSmini_PV1/MMTR1.DmdWh,,d,virtualCLSmini_PV1/MMTR1.DmdWh.d,7d7c9f2b-d2c8-46a0-a99f-b605478aaa69
981,195,6c7c30d8-2bc3-4d2a-b6f0-02ed910963c2,DmdVArh,virtualCLSmini_PV1/MMTR1.DmdVArh,,actVal,virtualCLSmini_PV1/MMTR1.DmdVArh.actVal,b870d26f-76ef-430e-b771-cbe99ed5b6c4
982,195,6c7c30d8-2bc3-4d2a-b6f0-02ed910963c2,DmdVArh,virtualCLSmini_PV1/MMTR1.DmdVArh,,q,virtualCLSmini_PV1/MMTR1.DmdVArh.q,a1080a8b-88df-431f-8a83-b3488bff401c
983,195,6c7c30d8-2bc3-4d2a-b6f0-02ed910963c2,DmdVArh,virtualCLSmini_PV1/MMTR1.DmdVArh,,t,virtualCLSmini_PV1/MMTR1.DmdVArh.t,818d1705-7398-4d08-b8e0-a0aab15e152d
984,195,6c7c30d8-2bc3-4d2a-b6f0-02ed910963c2,DmdVArh,virtualCLSmini_PV1/MMTR1.DmdVArh,,units.SIUnit,virtualCLSmini_PV1/MMTR1.DmdVArh.units.SIUnit,a2c7efdd-6604-44be-abf3-60ca03515964
985,195,6c7c30d8-2bc3-4d2a-b6f0-02ed910963c2,DmdVArh,virtualCLSmini_PV1/MMTR1.DmdVArh,,pulsQty,virtualCLSmini_PV1/MMTR1.DmdVArh.pulsQty,0d1a941b-b54e-4603-88d3-4b4e45bf9d87
986,195,6c7c30d8-2bc3-4d2a-b6f0-02ed910963c2,DmdVArh,virtualCLSmini_PV1/MMTR1.DmdVArh,,d,virtualCLSmini_PV1/MMTR1.DmdVArh.d,3e40b498-a1d4-4602-a004-d144d049e7cb
987,196,ac780a0b-dc92-4548-9887-92bbcc8934ea,Mod,virtualCLSmini_PV1/MMTR1.Mod,,origin.orCat,virtualCLSmini_PV1/MMTR1.Mod.origin.orCat,6ee41f9f-9c57-4363-8393-a93b80b8a6a8
988,196,ac780a0b-dc92-4548-9887-92bbcc8934ea,Mod,virtualCLSmini_PV1/MMTR1.Mod,,origin.orIdent,virtualCLSmini_PV1/MMTR1.Mod.origin.orIdent,9c3738a3-c0fa-4243-a21a-e2d65af0cca1
989,196,ac780a0b-dc92-4548-9887-92bbcc8934ea,Mod,virtualCLSmini_PV1/MMTR1.Mod,,ctlNum,virtualCLSmini_PV1/MMTR1.Mod.ctlNum,7603d145-7517-46be-8a0a-db86a02278c6
990,196,ac780a0b-dc92-4548-9887-92bbcc8934ea,Mod,virtualCLSmini_PV1/MMTR1.Mod,,stVal,virtualCLSmini_PV1/MMTR1.Mod.stVal,2def9215-a3da-4fc8-b407-37cd99891363
991,196,ac780a0b-dc92-4548-9887-92bbcc8934ea,Mod,virtualCLSmini_PV1/MMTR1.Mod,,q,virtualCLSmini_PV1/MMTR1.Mod.q,61538c4a-d4e5-4125-bfef-0884590e9f66
992,196,ac780a0b-dc92-4548-9887-92bbcc8934ea,Mod,virtualCLSmini_PV1/MMTR1.Mod,,t,virtualCLSmini_PV1/MMTR1.Mod.t,6704b948-43f3-4876-ad18-962f67214eb9
993,196,ac780a0b-dc92-4548-9887-92bbcc8934ea,Mod,virtualCLSmini_PV1/MMTR1.Mod,,ctlModel,virtualCLSmini_PV1/MMTR1.Mod.ctlModel,0c865581-0e1c-4b58-8ddf-53f25396bdc7
994,196,ac780a0b-dc92-4548-9887-92bbcc8934ea,Mod,virtualCLSmini_PV1/MMTR1.Mod,,ctlVal,virtualCLSmini_PV1/MMTR1.Mod.ctlVal,05d6edfd-25f7-4c75-b4b0-76d219324f5c
995,196,ac780a0b-dc92-4548-9887-92bbcc8934ea,Mod,virtualCLSmini_PV1/MMTR1.Mod,,d,virtualCLSmini_PV1/MMTR1.Mod.d,0244c9fa-2312-4bbc-bac5-e4c1640e774a
996,197,c7f7f30f-d40f-4e5b-902f-a6e1fffe8311,NamPlt,virtualCLSmini_PV1/DCST1.NamPlt,,vendor,virtualCLSmini_PV1/DCST1.NamPlt.vendor,3d285914-bdb3-42e2-af0c-a0326035892e
997,197,c7f7f30f-d40f-4e5b-902f-a6e1fffe8311,NamPlt,virtualCLSmini_PV1/DCST1.NamPlt,,swRev,virtualCLSmini_PV1/DCST1.NamPlt.swRev,0ba71dce-9441-4b7b-b6bb-407d79e88384
998,197,c7f7f30f-d40f-4e5b-902f-a6e1fffe8311,NamPlt,virtualCLSmini_PV1/DCST1.NamPlt,,configRev,virtualCLSmini_PV1/DCST1.NamPlt.configRev,e9f011bf-1523-4b91-84d1-8c1827452df0
999,197,c7f7f30f-d40f-4e5b-902f-a6e1fffe8311,NamPlt,virtualCLSmini_PV1/DCST1.NamPlt,,d,virtualCLSmini_PV1/DCST1.NamPlt.d,a50e6cdb-f992-4d71-9ecd-181343ac46c1
1000,198,bd0f4504-c03b-4764-8eae-678e3047c4f6,Beh,virtualCLSmini_PV1/DCST1.Beh,,stVal,virtualCLSmini_PV1/DCST1.Beh.stVal,b6e76080-261d-4d6f-b5c0-993e5e65a5bb
1001,198,bd0f4504-c03b-4764-8eae-678e3047c4f6,Beh,virtualCLSmini_PV1/DCST1.Beh,,q,virtualCLSmini_PV1/DCST1.Beh.q,7a1798c1-57b7-4ced-883f-d2b82f8e36ee
1002,198,bd0f4504-c03b-4764-8eae-678e3047c4f6,Beh,virtualCLSmini_PV1/DCST1.Beh,,t,virtualCLSmini_PV1/DCST1.Beh.t,70b00496-cf43-434f-8529-f5564422d07a
1003,198,bd0f4504-c03b-4764-8eae-678e3047c4f6,Beh,virtualCLSmini_PV1/DCST1.Beh,,d,virtualCLSmini_PV1/DCST1.Beh.d,90b59ee9-3fac-4ef8-9ab7-66bc45b0ec87
1004,199,325880a2-7d26-43d6-84f8-7633d8ced0c5,Health,virtualCLSmini_PV1/DCST1.Health,,stVal,virtualCLSmini_PV1/DCST1.Health.stVal,445a8059-61e7-453d-887d-b03016c5915e
1005,199,325880a2-7d26-43d6-84f8-7633d8ced0c5,Health,virtualCLSmini_PV1/DCST1.Health,,q,virtualCLSmini_PV1/DCST1.Health.q,c1056df7-6c9e-44ff-83d6-d354fc8ac967
1006,199,325880a2-7d26-43d6-84f8-7633d8ced0c5,Health,virtualCLSmini_PV1/DCST1.Health,,t,virtualCLSmini_PV1/DCST1.Health.t,74d37ea8-1c9f-41a0-a42d-70cbd5bc3965
1007,199,325880a2-7d26-43d6-84f8-7633d8ced0c5,Health,virtualCLSmini_PV1/DCST1.Health,,d,virtualCLSmini_PV1/DCST1.Health.d,c12dd62b-dd6d-47b5-acc3-04337802edf8
1008,200,e76834d8-2a1d-4900-8577-f3bdfb4df134,StrCost,virtualCLSmini_PV1/DCST1.StrCost,,setMag.f,virtualCLSmini_PV1/DCST1.StrCost.setMag.f,e09a8419-804b-4756-b67f-1b530c589a89
1009,200,e76834d8-2a1d-4900-8577-f3bdfb4df134,StrCost,virtualCLSmini_PV1/DCST1.StrCost,,units.SIUnit,virtualCLSmini_PV1/DCST1.StrCost.units.SIUnit,252aec7e-2ee3-4aa0-89a6-e79d6c5c91af
1010,200,e76834d8-2a1d-4900-8577-f3bdfb4df134,StrCost,virtualCLSmini_PV1/DCST1.StrCost,,d,virtualCLSmini_PV1/DCST1.StrCost.d,a7eacc4d-8238-4b4f-b79a-c0dcbc73f885
1011,201,b11ee022-f160-4365-8bba-df42fd8f37d2,StopCost,virtualCLSmini_PV1/DCST1.StopCost,,setMag.f,virtualCLSmini_PV1/DCST1.StopCost.setMag.f,36c5d79c-b9c0-4fd8-a578-463ce05dc48d
1012,201,b11ee022-f160-4365-8bba-df42fd8f37d2,StopCost,virtualCLSmini_PV1/DCST1.StopCost,,units.SIUnit,virtualCLSmini_PV1/DCST1.StopCost.units.SIUnit,856e6969-2be0-4527-96d7-c5a30d53cb31
1013,201,b11ee022-f160-4365-8bba-df42fd8f37d2,StopCost,virtualCLSmini_PV1/DCST1.StopCost,,d,virtualCLSmini_PV1/DCST1.StopCost.d,89a2cbff-452d-4209-8c15-1a3a8a7038a5
1014,202,a722b676-fb78-4e96-9c15-9e3351c09d30,RampCost,virtualCLSmini_PV1/DCST1.RampCost,,setMag.f,virtualCLSmini_PV1/DCST1.RampCost.setMag.f,0c9f5049-2de5-4118-9e97-651adbd3d838
1015,202,a722b676-fb78-4e96-9c15-9e3351c09d30,RampCost,virtualCLSmini_PV1/DCST1.RampCost,,units.SIUnit,virtualCLSmini_PV1/DCST1.RampCost.units.SIUnit,cb8af4f5-71a2-4e2e-a29c-3f03c2b86546
1016,202,a722b676-fb78-4e96-9c15-9e3351c09d30,RampCost,virtualCLSmini_PV1/DCST1.RampCost,,d,virtualCLSmini_PV1/DCST1.RampCost.d,e42c8bb0-add7-4131-86bd-473410a92351
1017,203,166b6f5c-1a93-4581-91e1-75170766b9a1,Mod,virtualCLSmini_PV1/DCST1.Mod,,origin.orCat,virtualCLSmini_PV1/DCST1.Mod.origin.orCat,166f16af-22f2-4680-bce1-ac5643a4bdbc
1018,203,166b6f5c-1a93-4581-91e1-75170766b9a1,Mod,virtualCLSmini_PV1/DCST1.Mod,,origin.orIdent,virtualCLSmini_PV1/DCST1.Mod.origin.orIdent,1e3bf43d-8846-4269-afff-8b7a1ca8074b
1019,203,166b6f5c-1a93-4581-91e1-75170766b9a1,Mod,virtualCLSmini_PV1/DCST1.Mod,,ctlNum,virtualCLSmini_PV1/DCST1.Mod.ctlNum,3376883d-e3ac-4960-a9ee-d8abf52970f8
1020,203,166b6f5c-1a93-4581-91e1-75170766b9a1,Mod,virtualCLSmini_PV1/DCST1.Mod,,stVal,virtualCLSmini_PV1/DCST1.Mod.stVal,bcce3602-93d6-4d3a-bf17-82c4985a3be2
1021,203,166b6f5c-1a93-4581-91e1-75170766b9a1,Mod,virtualCLSmini_PV1/DCST1.Mod,,q,virtualCLSmini_PV1/DCST1.Mod.q,6b3b68cf-4920-4aae-9e97-6e0c659ae047
1022,203,166b6f5c-1a93-4581-91e1-75170766b9a1,Mod,virtualCLSmini_PV1/DCST1.Mod,,t,virtualCLSmini_PV1/DCST1.Mod.t,4bc56213-6243-48a5-8b02-7603b6860856
1023,203,166b6f5c-1a93-4581-91e1-75170766b9a1,Mod,virtualCLSmini_PV1/DCST1.Mod,,ctlModel,virtualCLSmini_PV1/DCST1.Mod.ctlModel,723fa73f-299a-46b8-9076-7433ca5b79a2
1024,203,166b6f5c-1a93-4581-91e1-75170766b9a1,Mod,virtualCLSmini_PV1/DCST1.Mod,,ctlVal,virtualCLSmini_PV1/DCST1.Mod.ctlVal,905e3010-3cc6-4f27-9373-4f5e67342877
1025,203,166b6f5c-1a93-4581-91e1-75170766b9a1,Mod,virtualCLSmini_PV1/DCST1.Mod,,d,virtualCLSmini_PV1/DCST1.Mod.d,586adfd1-2dc7-4f59-82f3-d3807ca02fda
1026,204,94e39c45-be75-4a0d-86b8-0161a9b32004,EEName,virtualCLSmini_PV1/DINV1.EEName,,vendor,virtualCLSmini_PV1/DINV1.EEName.vendor,25b2b3d6-5a8b-4367-b8d7-6c208f50bbbc
1027,204,94e39c45-be75-4a0d-86b8-0161a9b32004,EEName,virtualCLSmini_PV1/DINV1.EEName,,hwRev,virtualCLSmini_PV1/DINV1.EEName.hwRev,90a32ac6-4eb3-4761-8c55-7b48a4961150
1028,204,94e39c45-be75-4a0d-86b8-0161a9b32004,EEName,virtualCLSmini_PV1/DINV1.EEName,,swRev,virtualCLSmini_PV1/DINV1.EEName.swRev,8ff6a57b-5066-42d6-8935-3ef90a1bcebd
1029,204,94e39c45-be75-4a0d-86b8-0161a9b32004,EEName,virtualCLSmini_PV1/DINV1.EEName,,serNum,virtualCLSmini_PV1/DINV1.EEName.serNum,a778a588-7a82-4860-8abe-dfb7cd7af325
1030,204,94e39c45-be75-4a0d-86b8-0161a9b32004,EEName,virtualCLSmini_PV1/DINV1.EEName,,model,virtualCLSmini_PV1/DINV1.EEName.model,3e820806-34ea-4ccc-897f-889f4020d4bd
1031,204,94e39c45-be75-4a0d-86b8-0161a9b32004,EEName,virtualCLSmini_PV1/DINV1.EEName,,location,virtualCLSmini_PV1/DINV1.EEName.location,e60a56e8-1efe-4147-90ea-023ce90f8a08
1032,204,94e39c45-be75-4a0d-86b8-0161a9b32004,EEName,virtualCLSmini_PV1/DINV1.EEName,,nameDA,virtualCLSmini_PV1/DINV1.EEName.nameDA,81580883-4a0b-47ff-9563-1ae20a636b27
1033,204,94e39c45-be75-4a0d-86b8-0161a9b32004,EEName,virtualCLSmini_PV1/DINV1.EEName,,owner,virtualCLSmini_PV1/DINV1.EEName.owner,e17bfa57-194d-488e-b040-6e7b495af8f8
1034,204,94e39c45-be75-4a0d-86b8-0161a9b32004,EEName,virtualCLSmini_PV1/DINV1.EEName,,ePSName,virtualCLSmini_PV1/DINV1.EEName.ePSName,72ecc0c8-23b2-40c2-a394-350dae74c499
1035,204,94e39c45-be75-4a0d-86b8-0161a9b32004,EEName,virtualCLSmini_PV1/DINV1.EEName,,primeOper,virtualCLSmini_PV1/DINV1.EEName.primeOper,33435a3a-aa9f-4e7c-8db8-71827f9cd39d
1036,204,94e39c45-be75-4a0d-86b8-0161a9b32004,EEName,virtualCLSmini_PV1/DINV1.EEName,,secondOper,virtualCLSmini_PV1/DINV1.EEName.secondOper,658ac45b-06c4-4a16-84af-b16dc120aaa4
1037,204,94e39c45-be75-4a0d-86b8-0161a9b32004,EEName,virtualCLSmini_PV1/DINV1.EEName,,latitude,virtualCLSmini_PV1/DINV1.EEName.latitude,1a95f316-fa24-444c-a14a-b1e90f526e9f
1038,204,94e39c45-be75-4a0d-86b8-0161a9b32004,EEName,virtualCLSmini_PV1/DINV1.EEName,,longitude,virtualCLSmini_PV1/DINV1.EEName.longitude,28cd7d69-ef47-493c-b3a5-07804b5c2a97
1039,204,94e39c45-be75-4a0d-86b8-0161a9b32004,EEName,virtualCLSmini_PV1/DINV1.EEName,,altitude,virtualCLSmini_PV1/DINV1.EEName.altitude,909fb5f4-815a-4fed-bf93-71370efa0de5
1040,204,94e39c45-be75-4a0d-86b8-0161a9b32004,EEName,virtualCLSmini_PV1/DINV1.EEName,,mRID,virtualCLSmini_PV1/DINV1.EEName.mRID,ce3121a1-6dab-4a57-8b2f-7a91899062cc
1041,204,94e39c45-be75-4a0d-86b8-0161a9b32004,EEName,virtualCLSmini_PV1/DINV1.EEName,,d,virtualCLSmini_PV1/DINV1.EEName.d,0996543f-32a9-4b90-80e5-3b5c6c981fb7
1042,205,bfa03fb9-2af1-4547-a67c-82c7a4557af6,NamPlt,virtualCLSmini_PV1/DINV1.NamPlt,,vendor,virtualCLSmini_PV1/DINV1.NamPlt.vendor,7cbb6009-a468-4ebe-a8d6-9428b04d48a7
1043,205,bfa03fb9-2af1-4547-a67c-82c7a4557af6,NamPlt,virtualCLSmini_PV1/DINV1.NamPlt,,swRev,virtualCLSmini_PV1/DINV1.NamPlt.swRev,008c6039-9416-4d58-b3f5-4644ae7592ab
1044,205,bfa03fb9-2af1-4547-a67c-82c7a4557af6,NamPlt,virtualCLSmini_PV1/DINV1.NamPlt,,configRev,virtualCLSmini_PV1/DINV1.NamPlt.configRev,269fe72d-1f78-4868-a47a-fa33a79d4229
1045,205,bfa03fb9-2af1-4547-a67c-82c7a4557af6,NamPlt,virtualCLSmini_PV1/DINV1.NamPlt,,d,virtualCLSmini_PV1/DINV1.NamPlt.d,7b0dea83-7e11-444c-9646-d6d8e151d68c
1046,206,7f22826d-696b-4279-b98f-392d37c0bc04,Beh,virtualCLSmini_PV1/DINV1.Beh,,stVal,virtualCLSmini_PV1/DINV1.Beh.stVal,ebc5c3b7-b5bc-4f78-af47-bdc0bb7ebcb3
1047,206,7f22826d-696b-4279-b98f-392d37c0bc04,Beh,virtualCLSmini_PV1/DINV1.Beh,,q,virtualCLSmini_PV1/DINV1.Beh.q,c66bf7d2-05b9-42af-aba2-cd2b84af821e
1048,206,7f22826d-696b-4279-b98f-392d37c0bc04,Beh,virtualCLSmini_PV1/DINV1.Beh,,t,virtualCLSmini_PV1/DINV1.Beh.t,249b8eef-d125-4425-9cb3-2d4c0d5bb7ee
1049,206,7f22826d-696b-4279-b98f-392d37c0bc04,Beh,virtualCLSmini_PV1/DINV1.Beh,,d,virtualCLSmini_PV1/DINV1.Beh.d,1f863f9d-a0c7-491e-a8af-9e0fbf165bac
1050,207,785d6c48-8bc8-42bb-8030-60ade1c2df58,Health,virtualCLSmini_PV1/DINV1.Health,,stVal,virtualCLSmini_PV1/DINV1.Health.stVal,94d47982-81ea-402b-b095-7c51d22270ec
1051,207,785d6c48-8bc8-42bb-8030-60ade1c2df58,Health,virtualCLSmini_PV1/DINV1.Health,,q,virtualCLSmini_PV1/DINV1.Health.q,ad509be7-4554-4e4f-9222-830a59a1ce7f
1052,207,785d6c48-8bc8-42bb-8030-60ade1c2df58,Health,virtualCLSmini_PV1/DINV1.Health,,t,virtualCLSmini_PV1/DINV1.Health.t,3224ae3c-f877-4772-aa63-d5e2daecb52b
1053,207,785d6c48-8bc8-42bb-8030-60ade1c2df58,Health,virtualCLSmini_PV1/DINV1.Health,,d,virtualCLSmini_PV1/DINV1.Health.d,9dd4cbdc-6166-4cb6-92cf-f3116ddb9c24
1054,208,148e6b00-5ee1-426c-8ab2-6dffb8ca58da,LocKey,virtualCLSmini_PV1/DINV1.LocKey,,stVal,virtualCLSmini_PV1/DINV1.LocKey.stVal,44343c21-3938-40fb-9470-188d3d7f7f1e
1055,208,148e6b00-5ee1-426c-8ab2-6dffb8ca58da,LocKey,virtualCLSmini_PV1/DINV1.LocKey,,q,virtualCLSmini_PV1/DINV1.LocKey.q,54f6ffd0-dd5a-407a-9656-0a2288c9be13
1056,208,148e6b00-5ee1-426c-8ab2-6dffb8ca58da,LocKey,virtualCLSmini_PV1/DINV1.LocKey,,t,virtualCLSmini_PV1/DINV1.LocKey.t,90fea67d-1dc1-42fb-834c-6030707f02f0
1057,208,148e6b00-5ee1-426c-8ab2-6dffb8ca58da,LocKey,virtualCLSmini_PV1/DINV1.LocKey,,d,virtualCLSmini_PV1/DINV1.LocKey.d,166f3845-5ad3-4e1b-8b65-530e3f6030c7
1058,209,86c852ed-b887-4fb7-a34f-2cfcdefea23b,Loc,virtualCLSmini_PV1/DINV1.Loc,,stVal,virtualCLSmini_PV1/DINV1.Loc.stVal,5690cf06-be37-4dd2-af14-12d1f82b5a3e
1059,209,86c852ed-b887-4fb7-a34f-2cfcdefea23b,Loc,virtualCLSmini_PV1/DINV1.Loc,,q,virtualCLSmini_PV1/DINV1.Loc.q,4e377197-ff37-4b72-af90-4aa0ac5b0434
1060,209,86c852ed-b887-4fb7-a34f-2cfcdefea23b,Loc,virtualCLSmini_PV1/DINV1.Loc,,t,virtualCLSmini_PV1/DINV1.Loc.t,509e24b6-21ec-4f22-9475-514a8821d730
1061,209,86c852ed-b887-4fb7-a34f-2cfcdefea23b,Loc,virtualCLSmini_PV1/DINV1.Loc,,d,virtualCLSmini_PV1/DINV1.Loc.d,ad67196a-c7e1-4cd9-8b14-004983f49ea9
1062,210,76f9df75-6825-4326-a624-bb95d68b807f,InvACLosAlm,virtualCLSmini_PV1/DINV1.InvACLosAlm,,stVal,virtualCLSmini_PV1/DINV1.InvACLosAlm.stVal,a27ae5ec-b796-4a20-951e-8cac45427947
1063,210,76f9df75-6825-4326-a624-bb95d68b807f,InvACLosAlm,virtualCLSmini_PV1/DINV1.InvACLosAlm,,q,virtualCLSmini_PV1/DINV1.InvACLosAlm.q,17c8a6f3-0574-4057-a7c4-4e911f2b99b9
1064,210,76f9df75-6825-4326-a624-bb95d68b807f,InvACLosAlm,virtualCLSmini_PV1/DINV1.InvACLosAlm,,t,virtualCLSmini_PV1/DINV1.InvACLosAlm.t,e34669b9-2d4a-43fa-be07-5c27f7b7ebf4
1065,210,76f9df75-6825-4326-a624-bb95d68b807f,InvACLosAlm,virtualCLSmini_PV1/DINV1.InvACLosAlm,,d,virtualCLSmini_PV1/DINV1.InvACLosAlm.d,8c3bb663-bc0e-47ef-8b2e-d7478b0b232f
1066,211,5ce0f255-6645-49b2-bec3-d62af890641f,InvDCLosAlm,virtualCLSmini_PV1/DINV1.InvDCLosAlm,,stVal,virtualCLSmini_PV1/DINV1.InvDCLosAlm.stVal,68b907cf-ed9e-4c9f-8573-2cc9adacfafe
1067,211,5ce0f255-6645-49b2-bec3-d62af890641f,InvDCLosAlm,virtualCLSmini_PV1/DINV1.InvDCLosAlm,,q,virtualCLSmini_PV1/DINV1.InvDCLosAlm.q,8802877a-4cf7-45aa-b281-2d25f5c8db79
1068,211,5ce0f255-6645-49b2-bec3-d62af890641f,InvDCLosAlm,virtualCLSmini_PV1/DINV1.InvDCLosAlm,,t,virtualCLSmini_PV1/DINV1.InvDCLosAlm.t,04343f7b-0ec2-4e0e-99c6-9954ce7a9171
1069,211,5ce0f255-6645-49b2-bec3-d62af890641f,InvDCLosAlm,virtualCLSmini_PV1/DINV1.InvDCLosAlm,,d,virtualCLSmini_PV1/DINV1.InvDCLosAlm.d,6435f58b-69f7-4b55-842c-9f20026eaed1
1070,212,e1b04243-14fc-4242-8b7b-01bc71e09a55,InvGriLosAl,virtualCLSmini_PV1/DINV1.InvGriLosAl,,stVal,virtualCLSmini_PV1/DINV1.InvGriLosAl.stVal,3e1d53db-4895-40d4-a317-7ada0dbfa6dd
1071,212,e1b04243-14fc-4242-8b7b-01bc71e09a55,InvGriLosAl,virtualCLSmini_PV1/DINV1.InvGriLosAl,,q,virtualCLSmini_PV1/DINV1.InvGriLosAl.q,4152aee9-9db4-4e2c-b553-a5a80035d6ea
1072,212,e1b04243-14fc-4242-8b7b-01bc71e09a55,InvGriLosAl,virtualCLSmini_PV1/DINV1.InvGriLosAl,,t,virtualCLSmini_PV1/DINV1.InvGriLosAl.t,93a10ddd-8769-4992-9c36-705f64048377
1073,212,e1b04243-14fc-4242-8b7b-01bc71e09a55,InvGriLosAl,virtualCLSmini_PV1/DINV1.InvGriLosAl,,d,virtualCLSmini_PV1/DINV1.InvGriLosAl.d,526fd946-12ce-4621-a2d4-558f52084205
1074,213,0089a71a-13bd-4e3d-a178-d71b7cf8dc33,EEHealth,virtualCLSmini_PV1/DINV1.EEHealth,,stVal,virtualCLSmini_PV1/DINV1.EEHealth.stVal,f1075ad3-8073-41c5-92da-9dff150eab62
1075,213,0089a71a-13bd-4e3d-a178-d71b7cf8dc33,EEHealth,virtualCLSmini_PV1/DINV1.EEHealth,,q,virtualCLSmini_PV1/DINV1.EEHealth.q,4bc32b76-9d43-42c9-b9e5-1a7bf3d4c3b5
1076,213,0089a71a-13bd-4e3d-a178-d71b7cf8dc33,EEHealth,virtualCLSmini_PV1/DINV1.EEHealth,,t,virtualCLSmini_PV1/DINV1.EEHealth.t,26048292-3ec2-4183-a92a-fa2b0046000b
1077,213,0089a71a-13bd-4e3d-a178-d71b7cf8dc33,EEHealth,virtualCLSmini_PV1/DINV1.EEHealth,,d,virtualCLSmini_PV1/DINV1.EEHealth.d,824ab492-f754-49a4-ae47-9ae466c4dba8
1078,214,bb9b1708-68e7-420f-aecd-c00766e8594e,OpTmh,virtualCLSmini_PV1/DINV1.OpTmh,,stVal,virtualCLSmini_PV1/DINV1.OpTmh.stVal,2386c6ac-2505-4aae-9480-d6e6b4fd6cb1
1079,214,bb9b1708-68e7-420f-aecd-c00766e8594e,OpTmh,virtualCLSmini_PV1/DINV1.OpTmh,,q,virtualCLSmini_PV1/DINV1.OpTmh.q,90169e96-f021-4cc4-b390-2ac5075e75a6
1080,214,bb9b1708-68e7-420f-aecd-c00766e8594e,OpTmh,virtualCLSmini_PV1/DINV1.OpTmh,,t,virtualCLSmini_PV1/DINV1.OpTmh.t,f1306fdb-afe8-42ae-9aa4-4b39781ca526
1081,214,bb9b1708-68e7-420f-aecd-c00766e8594e,OpTmh,virtualCLSmini_PV1/DINV1.OpTmh,,units.SIUnit,virtualCLSmini_PV1/DINV1.OpTmh.units.SIUnit,2ff72def-2d64-43b8-a608-76720f54d1ad
1082,214,bb9b1708-68e7-420f-aecd-c00766e8594e,OpTmh,virtualCLSmini_PV1/DINV1.OpTmh,,d,virtualCLSmini_PV1/DINV1.OpTmh.d,b04ce0f4-4333-4c9d-9fc1-51494959b880
1083,215,f624130e-2b43-4312-a0dc-014767397938,WSpt,virtualCLSmini_PV1/DINV1.WSpt,,origin.orCat,virtualCLSmini_PV1/DINV1.WSpt.origin.orCat,56e37e06-1cf9-4227-a920-24f7915b92ef
1084,215,f624130e-2b43-4312-a0dc-014767397938,WSpt,virtualCLSmini_PV1/DINV1.WSpt,,origin.orIdent,virtualCLSmini_PV1/DINV1.WSpt.origin.orIdent,c679e2b4-b0d7-4b8c-b9fa-ea0ff39cda2f
1085,215,f624130e-2b43-4312-a0dc-014767397938,WSpt,virtualCLSmini_PV1/DINV1.WSpt,,ctlNum,virtualCLSmini_PV1/DINV1.WSpt.ctlNum,42f2376d-8fd0-4b66-86de-1dfedccb3fa6
1086,215,f624130e-2b43-4312-a0dc-014767397938,WSpt,virtualCLSmini_PV1/DINV1.WSpt,,mxVal.f,virtualCLSmini_PV1/DINV1.WSpt.mxVal.f,f90e3b79-f71f-48e9-b07b-a1cc962ce95a
1087,215,f624130e-2b43-4312-a0dc-014767397938,WSpt,virtualCLSmini_PV1/DINV1.WSpt,,q,virtualCLSmini_PV1/DINV1.WSpt.q,1d876f7b-5dec-4f21-9a95-f808f7b3ba10
1088,215,f624130e-2b43-4312-a0dc-014767397938,WSpt,virtualCLSmini_PV1/DINV1.WSpt,,t,virtualCLSmini_PV1/DINV1.WSpt.t,0b26a99e-bc32-4636-bd04-b71b268695c1
1089,215,f624130e-2b43-4312-a0dc-014767397938,WSpt,virtualCLSmini_PV1/DINV1.WSpt,,units.SIUnit,virtualCLSmini_PV1/DINV1.WSpt.units.SIUnit,a1dc2dce-6eda-4cdb-842c-c8935f459b6a
1090,215,f624130e-2b43-4312-a0dc-014767397938,WSpt,virtualCLSmini_PV1/DINV1.WSpt,,ctlModel,virtualCLSmini_PV1/DINV1.WSpt.ctlModel,96c48678-ff9b-41e6-b8ff-c166eeaf37b8
1091,215,f624130e-2b43-4312-a0dc-014767397938,WSpt,virtualCLSmini_PV1/DINV1.WSpt,,ctlVal.f,virtualCLSmini_PV1/DINV1.WSpt.ctlVal.f,261ea75e-4189-4f35-b4e9-4d96bd22f9c2
1092,215,f624130e-2b43-4312-a0dc-014767397938,WSpt,virtualCLSmini_PV1/DINV1.WSpt,,d,virtualCLSmini_PV1/DINV1.WSpt.d,3fe60808-5b88-4e4d-b1c7-5e1fe20da7bd
1093,216,46cb1ed8-014c-4ce1-ab18-ee34439b6e11,VArSpt,virtualCLSmini_PV1/DINV1.VArSpt,,origin.orCat,virtualCLSmini_PV1/DINV1.VArSpt.origin.orCat,9766be5c-1b75-4e55-a194-5481e434e0b3
1094,216,46cb1ed8-014c-4ce1-ab18-ee34439b6e11,VArSpt,virtualCLSmini_PV1/DINV1.VArSpt,,origin.orIdent,virtualCLSmini_PV1/DINV1.VArSpt.origin.orIdent,f5d01508-94d4-4514-8bd2-5a7372be3f90
1095,216,46cb1ed8-014c-4ce1-ab18-ee34439b6e11,VArSpt,virtualCLSmini_PV1/DINV1.VArSpt,,ctlNum,virtualCLSmini_PV1/DINV1.VArSpt.ctlNum,ec977e52-dd74-4916-8cbc-6437e4c80f55
1096,216,46cb1ed8-014c-4ce1-ab18-ee34439b6e11,VArSpt,virtualCLSmini_PV1/DINV1.VArSpt,,mxVal.f,virtualCLSmini_PV1/DINV1.VArSpt.mxVal.f,12b57996-7a77-4f55-8fc7-b0dda9779805
1097,216,46cb1ed8-014c-4ce1-ab18-ee34439b6e11,VArSpt,virtualCLSmini_PV1/DINV1.VArSpt,,q,virtualCLSmini_PV1/DINV1.VArSpt.q,aed13dde-0822-4756-8500-874eaf0b4dde
1098,216,46cb1ed8-014c-4ce1-ab18-ee34439b6e11,VArSpt,virtualCLSmini_PV1/DINV1.VArSpt,,t,virtualCLSmini_PV1/DINV1.VArSpt.t,0e123578-55a4-488f-ad61-3f9f7fed48a5
1099,216,46cb1ed8-014c-4ce1-ab18-ee34439b6e11,VArSpt,virtualCLSmini_PV1/DINV1.VArSpt,,units.SIUnit,virtualCLSmini_PV1/DINV1.VArSpt.units.SIUnit,a4548871-1e22-4fbc-bebb-ef2fe0f650d8
1100,216,46cb1ed8-014c-4ce1-ab18-ee34439b6e11,VArSpt,virtualCLSmini_PV1/DINV1.VArSpt,,ctlModel,virtualCLSmini_PV1/DINV1.VArSpt.ctlModel,14ec3286-6ece-4d0e-858b-cc1864fe934c
1101,216,46cb1ed8-014c-4ce1-ab18-ee34439b6e11,VArSpt,virtualCLSmini_PV1/DINV1.VArSpt,,ctlVal.f,virtualCLSmini_PV1/DINV1.VArSpt.ctlVal.f,41a6f8a9-fb2f-4782-8be6-71c2f5de7e77
1102,216,46cb1ed8-014c-4ce1-ab18-ee34439b6e11,VArSpt,virtualCLSmini_PV1/DINV1.VArSpt,,d,virtualCLSmini_PV1/DINV1.VArSpt.d,93c58ed2-1293-488f-b8ca-8a61334b3bd9
1103,217,d774e48f-499d-4bf1-a477-cbe70d11bcee,OutWSet,virtualCLSmini_PV1/DINV1.OutWSet,,setMag.f,virtualCLSmini_PV1/DINV1.OutWSet.setMag.f,8bb53c4f-b28e-4e9a-8801-904ae217e5d9
1104,217,d774e48f-499d-4bf1-a477-cbe70d11bcee,OutWSet,virtualCLSmini_PV1/DINV1.OutWSet,,units.SIUnit,virtualCLSmini_PV1/DINV1.OutWSet.units.SIUnit,e686870c-2391-4837-b801-78b7e9a4aeda
1105,217,d774e48f-499d-4bf1-a477-cbe70d11bcee,OutWSet,virtualCLSmini_PV1/DINV1.OutWSet,,d,virtualCLSmini_PV1/DINV1.OutWSet.d,fa4327be-0baa-4401-a5c3-82ee32506763
1106,218,83edf193-2f25-4056-88d1-4a9b95085f76,OutVarSet,virtualCLSmini_PV1/DINV1.OutVarSet,,setMag.f,virtualCLSmini_PV1/DINV1.OutVarSet.setMag.f,84644456-1949-4ae0-8ce5-90b879d6d529
1107,218,83edf193-2f25-4056-88d1-4a9b95085f76,OutVarSet,virtualCLSmini_PV1/DINV1.OutVarSet,,units.SIUnit,virtualCLSmini_PV1/DINV1.OutVarSet.units.SIUnit,e660e308-54ac-43d7-869a-3ca2bc2e74b4
1108,218,83edf193-2f25-4056-88d1-4a9b95085f76,OutVarSet,virtualCLSmini_PV1/DINV1.OutVarSet,,d,virtualCLSmini_PV1/DINV1.OutVarSet.d,6685e50e-5094-4fe3-898c-0835bb822662
1109,219,7ac47e18-ce18-41d0-9c14-548eafb9187a,InvCtlSrc,virtualCLSmini_PV1/DINV1.InvCtlSrc,,setVal,virtualCLSmini_PV1/DINV1.InvCtlSrc.setVal,971889ea-47a0-49e8-ab24-e9a76fa64f74
1110,219,7ac47e18-ce18-41d0-9c14-548eafb9187a,InvCtlSrc,virtualCLSmini_PV1/DINV1.InvCtlSrc,,d,virtualCLSmini_PV1/DINV1.InvCtlSrc.d,15a70b59-a061-463f-b71d-2bb2676f2e0e
1111,220,41690331-eaba-4ff2-939b-e1e965227997,Mod,virtualCLSmini_PV1/DINV1.Mod,,origin.orCat,virtualCLSmini_PV1/DINV1.Mod.origin.orCat,f08167c4-74d8-4442-a29c-31fe2ab3eb95
1112,220,41690331-eaba-4ff2-939b-e1e965227997,Mod,virtualCLSmini_PV1/DINV1.Mod,,origin.orIdent,virtualCLSmini_PV1/DINV1.Mod.origin.orIdent,733357f9-ce38-46d6-a320-9e0c9940729a
1113,220,41690331-eaba-4ff2-939b-e1e965227997,Mod,virtualCLSmini_PV1/DINV1.Mod,,ctlNum,virtualCLSmini_PV1/DINV1.Mod.ctlNum,d1543399-b337-46ff-8cf0-453ccddebb02
1114,220,41690331-eaba-4ff2-939b-e1e965227997,Mod,virtualCLSmini_PV1/DINV1.Mod,,stVal,virtualCLSmini_PV1/DINV1.Mod.stVal,8e881c32-5901-4b8e-8dbf-0f6369513dfc
1115,220,41690331-eaba-4ff2-939b-e1e965227997,Mod,virtualCLSmini_PV1/DINV1.Mod,,q,virtualCLSmini_PV1/DINV1.Mod.q,0ad27e69-fe2d-458f-b6e2-26f3208557ed
1116,220,41690331-eaba-4ff2-939b-e1e965227997,Mod,virtualCLSmini_PV1/DINV1.Mod,,t,virtualCLSmini_PV1/DINV1.Mod.t,f17016da-f1f4-4e2b-96ca-f116551f19bc
1117,220,41690331-eaba-4ff2-939b-e1e965227997,Mod,virtualCLSmini_PV1/DINV1.Mod,,ctlModel,virtualCLSmini_PV1/DINV1.Mod.ctlModel,120b0ce0-845b-4a85-8f06-fb49d93e567b
1118,220,41690331-eaba-4ff2-939b-e1e965227997,Mod,virtualCLSmini_PV1/DINV1.Mod,,ctlVal,virtualCLSmini_PV1/DINV1.Mod.ctlVal,ab9a3140-a24e-430d-b7e7-8d2342746cc5
1119,220,41690331-eaba-4ff2-939b-e1e965227997,Mod,virtualCLSmini_PV1/DINV1.Mod,,d,virtualCLSmini_PV1/DINV1.Mod.d,5f14dd8b-dc99-418d-9c1f-3498350964d8
1120,221,78f42032-4af7-4caa-bce7-879b1dd859e1,LocSta,virtualCLSmini_PV1/DINV1.LocSta,,origin.orCat,virtualCLSmini_PV1/DINV1.LocSta.origin.orCat,5cce1f49-ffbe-4eb8-84ac-c453f319f351
1121,221,78f42032-4af7-4caa-bce7-879b1dd859e1,LocSta,virtualCLSmini_PV1/DINV1.LocSta,,origin.orIdent,virtualCLSmini_PV1/DINV1.LocSta.origin.orIdent,5641b4cc-2bb0-4bfe-9fbd-b94d4aef1fd3
1122,221,78f42032-4af7-4caa-bce7-879b1dd859e1,LocSta,virtualCLSmini_PV1/DINV1.LocSta,,ctlNum,virtualCLSmini_PV1/DINV1.LocSta.ctlNum,2e2bc529-9965-4ae3-9850-396c5dbedee0
1123,221,78f42032-4af7-4caa-bce7-879b1dd859e1,LocSta,virtualCLSmini_PV1/DINV1.LocSta,,stVal,virtualCLSmini_PV1/DINV1.LocSta.stVal,0530e476-47e4-4ba0-8a40-e4a53b5ec29c
1124,221,78f42032-4af7-4caa-bce7-879b1dd859e1,LocSta,virtualCLSmini_PV1/DINV1.LocSta,,q,virtualCLSmini_PV1/DINV1.LocSta.q,da85ee60-fbcf-4074-bb71-5c771d4e277c
1125,221,78f42032-4af7-4caa-bce7-879b1dd859e1,LocSta,virtualCLSmini_PV1/DINV1.LocSta,,t,virtualCLSmini_PV1/DINV1.LocSta.t,96d6c030-6adb-418a-8f20-158ac28c7bef
1126,221,78f42032-4af7-4caa-bce7-879b1dd859e1,LocSta,virtualCLSmini_PV1/DINV1.LocSta,,ctlModel,virtualCLSmini_PV1/DINV1.LocSta.ctlModel,7ed1ce69-f849-46a0-8d76-709cfbc99656
1127,221,78f42032-4af7-4caa-bce7-879b1dd859e1,LocSta,virtualCLSmini_PV1/DINV1.LocSta,,ctlVal,virtualCLSmini_PV1/DINV1.LocSta.ctlVal,c84ca54f-7ac9-48db-9ac3-28228761d9a7
1128,221,78f42032-4af7-4caa-bce7-879b1dd859e1,LocSta,virtualCLSmini_PV1/DINV1.LocSta,,d,virtualCLSmini_PV1/DINV1.LocSta.d,daae5dbf-69e4-43d9-bb89-24f33ff13508
1129,222,02dfa344-09f1-4d3f-b650-88d07d819bf6,WRtg,virtualCLSmini_PV1/DINV1.WRtg,,setMag.f,virtualCLSmini_PV1/DINV1.WRtg.setMag.f,11499164-5734-498e-a4ba-9b58cf1bfde6
1130,222,02dfa344-09f1-4d3f-b650-88d07d819bf6,WRtg,virtualCLSmini_PV1/DINV1.WRtg,,units.SIUnit,virtualCLSmini_PV1/DINV1.WRtg.units.SIUnit,182b7915-da31-4fdf-a8c0-c15496e35511
1131,222,02dfa344-09f1-4d3f-b650-88d07d819bf6,WRtg,virtualCLSmini_PV1/DINV1.WRtg,,d,virtualCLSmini_PV1/DINV1.WRtg.d,9bc00269-0847-45ed-9042-d6c008956bd9
1132,223,51483168-c392-4eac-ad03-79e13115bda7,VARtg,virtualCLSmini_PV1/DINV1.VARtg,,setMag.f,virtualCLSmini_PV1/DINV1.VARtg.setMag.f,86cb2258-b7b5-4601-97c0-3313bfdd4821
1133,223,51483168-c392-4eac-ad03-79e13115bda7,VARtg,virtualCLSmini_PV1/DINV1.VARtg,,units.SIUnit,virtualCLSmini_PV1/DINV1.VARtg.units.SIUnit,d829b210-ab6a-4e8e-8833-00e14efd6808
1134,223,51483168-c392-4eac-ad03-79e13115bda7,VARtg,virtualCLSmini_PV1/DINV1.VARtg,,d,virtualCLSmini_PV1/DINV1.VARtg.d,7cb34319-2e4e-4d6c-8333-d20794516d06
1135,224,325033b9-efdf-4109-b645-efef512e0fec,SwHz,virtualCLSmini_PV1/DINV1.SwHz,,setMag.f,virtualCLSmini_PV1/DINV1.SwHz.setMag.f,975c910a-2ba5-42af-8ce1-2ab7a5d35d98
1136,224,325033b9-efdf-4109-b645-efef512e0fec,SwHz,virtualCLSmini_PV1/DINV1.SwHz,,units.SIUnit,virtualCLSmini_PV1/DINV1.SwHz.units.SIUnit,c0b603e6-7c5f-4164-9971-24b3842f7b76
1137,224,325033b9-efdf-4109-b645-efef512e0fec,SwHz,virtualCLSmini_PV1/DINV1.SwHz,,d,virtualCLSmini_PV1/DINV1.SwHz.d,0f3fe27b-8019-4de6-8321-98c1cf8d7a82
1138,225,d8a9fb22-e199-48f2-9053-a028a7a7d88d,ClMthTyp,virtualCLSmini_PV1/DINV1.ClMthTyp,,setVal,virtualCLSmini_PV1/DINV1.ClMthTyp.setVal,678586bd-7cc6-43ac-9c8c-5b899e2a489d
1139,225,d8a9fb22-e199-48f2-9053-a028a7a7d88d,ClMthTyp,virtualCLSmini_PV1/DINV1.ClMthTyp,,d,virtualCLSmini_PV1/DINV1.ClMthTyp.d,18426a4b-5608-4e1d-8066-ca635f728887
1140,226,97026164-9fe1-42a8-92cc-af5cbae16dde,IsoTyp,virtualCLSmini_PV1/DINV1.IsoTyp,,setVal,virtualCLSmini_PV1/DINV1.IsoTyp.setVal,91f8273f-5bfa-41da-bf7d-4b16b14c5d93
1141,226,97026164-9fe1-42a8-92cc-af5cbae16dde,IsoTyp,virtualCLSmini_PV1/DINV1.IsoTyp,,d,virtualCLSmini_PV1/DINV1.IsoTyp.d,2e272729-4c94-47f4-aa8a-5f019a383a74
1142,227,48a91f59-f2e3-4a0c-a15d-2e7262928550,ACTyp,virtualCLSmini_PV1/DINV1.ACTyp,,setVal,virtualCLSmini_PV1/DINV1.ACTyp.setVal,03f0e968-a2bb-4633-961b-3c20b00294a7
1143,227,48a91f59-f2e3-4a0c-a15d-2e7262928550,ACTyp,virtualCLSmini_PV1/DINV1.ACTyp,,d,virtualCLSmini_PV1/DINV1.ACTyp.d,09b3fca2-9e9c-4606-bc23-1ce3e71f33af
1144,228,7a9cc903-7234-4037-b97e-f1ad1fe0924a,InAMax,virtualCLSmini_PV1/DINV1.InAMax,,setMag.f,virtualCLSmini_PV1/DINV1.InAMax.setMag.f,62119041-8108-42ac-9017-8be4d7b963a0
1145,228,7a9cc903-7234-4037-b97e-f1ad1fe0924a,InAMax,virtualCLSmini_PV1/DINV1.InAMax,,units.SIUnit,virtualCLSmini_PV1/DINV1.InAMax.units.SIUnit,4c1221d9-bca8-4a84-a3ef-9fe9a9a0e15a
1146,228,7a9cc903-7234-4037-b97e-f1ad1fe0924a,InAMax,virtualCLSmini_PV1/DINV1.InAMax,,d,virtualCLSmini_PV1/DINV1.InAMax.d,1e51fb0c-acf6-40dc-bb14-1aa4777f73af
1147,229,d9529068-a814-4b19-9af6-c8b8164f0a74,InVMax,virtualCLSmini_PV1/DINV1.InVMax,,setMag.f,virtualCLSmini_PV1/DINV1.InVMax.setMag.f,ef4d34a3-8211-4f3a-93b3-cfbfb59020b9
1148,229,d9529068-a814-4b19-9af6-c8b8164f0a74,InVMax,virtualCLSmini_PV1/DINV1.InVMax,,units.SIUnit,virtualCLSmini_PV1/DINV1.InVMax.units.SIUnit,efc3f100-6c41-4162-abe1-b25db06c496c
1149,229,d9529068-a814-4b19-9af6-c8b8164f0a74,InVMax,virtualCLSmini_PV1/DINV1.InVMax,,d,virtualCLSmini_PV1/DINV1.InVMax.d,5b494391-32c5-4532-85c3-bb584f5c11d3
1150,230,910eb3a5-5746-48ea-8c2d-f51c3dfc3dd2,VArRtg,virtualCLSmini_PV1/DINV1.VArRtg,,setMag.f,virtualCLSmini_PV1/DINV1.VArRtg.setMag.f,bd2541b1-43d6-4c5f-8705-e67f83d96c50
1151,230,910eb3a5-5746-48ea-8c2d-f51c3dfc3dd2,VArRtg,virtualCLSmini_PV1/DINV1.VArRtg,,units.SIUnit,virtualCLSmini_PV1/DINV1.VArRtg.units.SIUnit,fdb9e4da-2423-462a-b0f9-e5b3078b9545
1152,230,910eb3a5-5746-48ea-8c2d-f51c3dfc3dd2,VArRtg,virtualCLSmini_PV1/DINV1.VArRtg,,d,virtualCLSmini_PV1/DINV1.VArRtg.d,8861eb9d-98f6-43ff-bae6-c209d5742496
1153,231,127dc27c-166e-4621-8b09-aeeee32c8bde,VRtg,virtualCLSmini_PV1/DINV1.VRtg,,setMag.f,virtualCLSmini_PV1/DINV1.VRtg.setMag.f,e0e253b7-0c5d-48a5-8993-c7a80752a018
1154,231,127dc27c-166e-4621-8b09-aeeee32c8bde,VRtg,virtualCLSmini_PV1/DINV1.VRtg,,units.SIUnit,virtualCLSmini_PV1/DINV1.VRtg.units.SIUnit,4e211a00-3891-4f20-bb26-0648697283ea
1155,231,127dc27c-166e-4621-8b09-aeeee32c8bde,VRtg,virtualCLSmini_PV1/DINV1.VRtg,,d,virtualCLSmini_PV1/DINV1.VRtg.d,333ca90c-67dd-4126-94e7-517daf276a9e
1156,232,251aee63-c6bf-4546-8ad7-5fa1f7a027af,NamPlt,virtualCLSmini_PV1/DECP1.NamPlt,,vendor,virtualCLSmini_PV1/DECP1.NamPlt.vendor,d2a6844c-d731-48cd-b85c-e32a8890d3d8
1157,232,251aee63-c6bf-4546-8ad7-5fa1f7a027af,NamPlt,virtualCLSmini_PV1/DECP1.NamPlt,,swRev,virtualCLSmini_PV1/DECP1.NamPlt.swRev,37cf6a29-0653-4309-aef2-a2b51473e6f7
1158,232,251aee63-c6bf-4546-8ad7-5fa1f7a027af,NamPlt,virtualCLSmini_PV1/DECP1.NamPlt,,configRev,virtualCLSmini_PV1/DECP1.NamPlt.configRev,28bbc335-18d7-428f-86b9-1380c05e8a48
1159,232,251aee63-c6bf-4546-8ad7-5fa1f7a027af,NamPlt,virtualCLSmini_PV1/DECP1.NamPlt,,d,virtualCLSmini_PV1/DECP1.NamPlt.d,f95b28b9-335e-46c1-a722-bbf58bef192d
1160,233,b5747175-d23c-44ac-8d2e-08dd3eb58dc2,Beh,virtualCLSmini_PV1/DECP1.Beh,,stVal,virtualCLSmini_PV1/DECP1.Beh.stVal,94f550fa-5101-42a9-bf7a-7ba0f27d9b4c
1161,233,b5747175-d23c-44ac-8d2e-08dd3eb58dc2,Beh,virtualCLSmini_PV1/DECP1.Beh,,q,virtualCLSmini_PV1/DECP1.Beh.q,388cfaf9-a677-4fe3-b29b-a53172d34597
1162,233,b5747175-d23c-44ac-8d2e-08dd3eb58dc2,Beh,virtualCLSmini_PV1/DECP1.Beh,,t,virtualCLSmini_PV1/DECP1.Beh.t,9b1f0a9b-4e43-4341-ad31-2323ca591e89
1163,233,b5747175-d23c-44ac-8d2e-08dd3eb58dc2,Beh,virtualCLSmini_PV1/DECP1.Beh,,d,virtualCLSmini_PV1/DECP1.Beh.d,cffc5fa2-02d4-4328-aa5b-d8dab0cd6c77
1164,234,73ccda45-241a-4fbe-893e-2063525960c9,Health,virtualCLSmini_PV1/DECP1.Health,,stVal,virtualCLSmini_PV1/DECP1.Health.stVal,8c257199-67e4-4a6a-abda-4da205f49734
1165,234,73ccda45-241a-4fbe-893e-2063525960c9,Health,virtualCLSmini_PV1/DECP1.Health,,q,virtualCLSmini_PV1/DECP1.Health.q,ebc8f30b-7d84-43f8-812c-8ff3773ad5b5
1166,234,73ccda45-241a-4fbe-893e-2063525960c9,Health,virtualCLSmini_PV1/DECP1.Health,,t,virtualCLSmini_PV1/DECP1.Health.t,895e0164-8881-4289-b155-d03a5931083c
1167,234,73ccda45-241a-4fbe-893e-2063525960c9,Health,virtualCLSmini_PV1/DECP1.Health,,d,virtualCLSmini_PV1/DECP1.Health.d,3b326ded-a9f7-43f1-90f4-9daa68d74b74
1168,235,f5da41fa-d290-4712-bfd3-1f1e1928546b,PhsConnTyp,virtualCLSmini_PV1/DECP1.PhsConnTyp,,stVal,virtualCLSmini_PV1/DECP1.PhsConnTyp.stVal,0b7b3fb8-0121-43e7-9a3d-7d0dc93c54d5
1169,235,f5da41fa-d290-4712-bfd3-1f1e1928546b,PhsConnTyp,virtualCLSmini_PV1/DECP1.PhsConnTyp,,q,virtualCLSmini_PV1/DECP1.PhsConnTyp.q,d33cec90-16fe-4e1d-80c6-e2bca572c602
1170,235,f5da41fa-d290-4712-bfd3-1f1e1928546b,PhsConnTyp,virtualCLSmini_PV1/DECP1.PhsConnTyp,,t,virtualCLSmini_PV1/DECP1.PhsConnTyp.t,6bb3bb10-2c7e-4fe3-8c5b-a1e4dae36589
1171,235,f5da41fa-d290-4712-bfd3-1f1e1928546b,PhsConnTyp,virtualCLSmini_PV1/DECP1.PhsConnTyp,,d,virtualCLSmini_PV1/DECP1.PhsConnTyp.d,4125b8fd-73c5-4cb0-85b2-edef04dae3b4
1172,236,2007045e-5896-4200-9a3f-c2709e771e1a,VRef,virtualCLSmini_PV1/DECP1.VRef,,setMag.f,virtualCLSmini_PV1/DECP1.VRef.setMag.f,3a9b131f-5897-4a40-b337-33ec3f0cf42d
1173,236,2007045e-5896-4200-9a3f-c2709e771e1a,VRef,virtualCLSmini_PV1/DECP1.VRef,,units.SIUnit,virtualCLSmini_PV1/DECP1.VRef.units.SIUnit,c995dce1-051f-408f-9372-ec1013efd8d9
1174,236,2007045e-5896-4200-9a3f-c2709e771e1a,VRef,virtualCLSmini_PV1/DECP1.VRef,,d,virtualCLSmini_PV1/DECP1.VRef.d,ea4c2e09-5a32-4c2d-b23e-d6ea3c1a40e7
1175,237,3b7da442-d10e-493d-9604-d8d3adf598ac,VRefPct,virtualCLSmini_PV1/DECP1.VRefPct,,setMag.f,virtualCLSmini_PV1/DECP1.VRefPct.setMag.f,07d0f6b3-0196-44d1-80b7-7110931dc21f
1176,237,3b7da442-d10e-493d-9604-d8d3adf598ac,VRefPct,virtualCLSmini_PV1/DECP1.VRefPct,,units.SIUnit,virtualCLSmini_PV1/DECP1.VRefPct.units.SIUnit,c2849f38-a2a6-402f-a71e-a4ddf1acf9e3
1177,237,3b7da442-d10e-493d-9604-d8d3adf598ac,VRefPct,virtualCLSmini_PV1/DECP1.VRefPct,,d,virtualCLSmini_PV1/DECP1.VRefPct.d,d7b19098-f280-47ac-a637-83825a1c6252
1178,238,8c196ce7-e62a-446c-be5c-4666496a03f3,WRtg,virtualCLSmini_PV1/DECP1.WRtg,,setMag.f,virtualCLSmini_PV1/DECP1.WRtg.setMag.f,04704812-7111-4867-9890-90aec27a3934
1179,238,8c196ce7-e62a-446c-be5c-4666496a03f3,WRtg,virtualCLSmini_PV1/DECP1.WRtg,,units.SIUnit,virtualCLSmini_PV1/DECP1.WRtg.units.SIUnit,62592ee7-3d9a-4dc7-a8db-e0e0475d9e70
1180,238,8c196ce7-e62a-446c-be5c-4666496a03f3,WRtg,virtualCLSmini_PV1/DECP1.WRtg,,d,virtualCLSmini_PV1/DECP1.WRtg.d,a1077f8d-b4f1-4c4b-88c5-4866e8c4fef2
1181,239,8c2f01a3-65f7-4cbf-9683-83c79ce11f28,VArRtg,virtualCLSmini_PV1/DECP1.VArRtg,,setMag.f,virtualCLSmini_PV1/DECP1.VArRtg.setMag.f,0bef743f-dd93-4478-af21-18a4f9db3723
1182,239,8c2f01a3-65f7-4cbf-9683-83c79ce11f28,VArRtg,virtualCLSmini_PV1/DECP1.VArRtg,,units.SIUnit,virtualCLSmini_PV1/DECP1.VArRtg.units.SIUnit,e5b4185d-a279-4fb6-9b8f-467a67f78818
1183,239,8c2f01a3-65f7-4cbf-9683-83c79ce11f28,VArRtg,virtualCLSmini_PV1/DECP1.VArRtg,,d,virtualCLSmini_PV1/DECP1.VArRtg.d,074fb90b-2735-4da6-99f3-3787e2bbf5fe
1184,240,33bbe754-a71d-4e61-aeaa-3d542f4bb240,VARtg,virtualCLSmini_PV1/DECP1.VARtg,,setMag.f,virtualCLSmini_PV1/DECP1.VARtg.setMag.f,e0b9a486-ff81-462f-80f2-051e4d6ef79b
1185,240,33bbe754-a71d-4e61-aeaa-3d542f4bb240,VARtg,virtualCLSmini_PV1/DECP1.VARtg,,units.SIUnit,virtualCLSmini_PV1/DECP1.VARtg.units.SIUnit,93d6f6e0-ca47-4ff2-80bd-29f1693fdb69
1186,240,33bbe754-a71d-4e61-aeaa-3d542f4bb240,VARtg,virtualCLSmini_PV1/DECP1.VARtg,,d,virtualCLSmini_PV1/DECP1.VARtg.d,e10a628a-4126-444e-acf7-333b6b49b724
1187,241,1d43fef1-96bd-41b1-9544-71be9218f6f7,VRtg,virtualCLSmini_PV1/DECP1.VRtg,,setMag.f,virtualCLSmini_PV1/DECP1.VRtg.setMag.f,3722f448-290a-4661-bca6-da4c76a61347
1188,241,1d43fef1-96bd-41b1-9544-71be9218f6f7,VRtg,virtualCLSmini_PV1/DECP1.VRtg,,units.SIUnit,virtualCLSmini_PV1/DECP1.VRtg.units.SIUnit,f8ca94bb-f6d5-4621-96a9-572a9c126a85
1189,241,1d43fef1-96bd-41b1-9544-71be9218f6f7,VRtg,virtualCLSmini_PV1/DECP1.VRtg,,d,virtualCLSmini_PV1/DECP1.VRtg.d,5739bace-c330-46dd-a769-c3556ef1181c
1190,242,250b8215-27cb-4f5b-9341-fc6d7628d220,HzNom,virtualCLSmini_PV1/DECP1.HzNom,,setMag.f,virtualCLSmini_PV1/DECP1.HzNom.setMag.f,33d42ebf-7210-4947-a79c-97cfd11ae15a
1191,242,250b8215-27cb-4f5b-9341-fc6d7628d220,HzNom,virtualCLSmini_PV1/DECP1.HzNom,,units.SIUnit,virtualCLSmini_PV1/DECP1.HzNom.units.SIUnit,45402cce-7025-4637-9701-9665d56522a9
1192,242,250b8215-27cb-4f5b-9341-fc6d7628d220,HzNom,virtualCLSmini_PV1/DECP1.HzNom,,d,virtualCLSmini_PV1/DECP1.HzNom.d,645f587e-eac3-4586-bd59-da3a3f80e833
1193,243,15a45126-a1a4-4a2b-8069-dd0f93140f61,VMax,virtualCLSmini_PV1/DECP1.VMax,,setMag.f,virtualCLSmini_PV1/DECP1.VMax.setMag.f,fcdbee17-ebc7-47ba-a138-a4f5a186a155
1194,243,15a45126-a1a4-4a2b-8069-dd0f93140f61,VMax,virtualCLSmini_PV1/DECP1.VMax,,units.SIUnit,virtualCLSmini_PV1/DECP1.VMax.units.SIUnit,2f4e51a7-e8ff-4deb-ae49-0f19200d7b34
1195,243,15a45126-a1a4-4a2b-8069-dd0f93140f61,VMax,virtualCLSmini_PV1/DECP1.VMax,,d,virtualCLSmini_PV1/DECP1.VMax.d,de5d798d-6ca8-4489-8a35-27f151a4164e
1196,244,a71d2c20-6f70-48ba-b41c-8fb4fd3bbe3f,VMin,virtualCLSmini_PV1/DECP1.VMin,,setMag.f,virtualCLSmini_PV1/DECP1.VMin.setMag.f,8a1175dc-e9b5-49cb-8086-b6f6a6d14fa6
1197,244,a71d2c20-6f70-48ba-b41c-8fb4fd3bbe3f,VMin,virtualCLSmini_PV1/DECP1.VMin,,units.SIUnit,virtualCLSmini_PV1/DECP1.VMin.units.SIUnit,4a437387-69ca-41f1-8970-a5811fbef729
1198,244,a71d2c20-6f70-48ba-b41c-8fb4fd3bbe3f,VMin,virtualCLSmini_PV1/DECP1.VMin,,d,virtualCLSmini_PV1/DECP1.VMin.d,10c7cfd3-c0cd-4e0b-b9df-1cfece077005
1199,245,9449f75b-738f-488e-b2dd-65d5a659ad71,ElcRefId,virtualCLSmini_PV1/DECP1.ElcRefId,,setVal,virtualCLSmini_PV1/DECP1.ElcRefId.setVal,fb485957-f746-4388-a2f3-137e3711f44b
1200,245,9449f75b-738f-488e-b2dd-65d5a659ad71,ElcRefId,virtualCLSmini_PV1/DECP1.ElcRefId,,d,virtualCLSmini_PV1/DECP1.ElcRefId.d,de84038e-751b-4902-b16f-c481504ac136
1201,246,5daac932-37f2-4bfd-a316-6261dc1aece6,DERMsIncl,virtualCLSmini_PV1/DECP1.DERMsIncl,,setVal,virtualCLSmini_PV1/DECP1.DERMsIncl.setVal,71d19b21-75ae-4ab6-9885-da84655b4a0f
1202,246,5daac932-37f2-4bfd-a316-6261dc1aece6,DERMsIncl,virtualCLSmini_PV1/DECP1.DERMsIncl,,d,virtualCLSmini_PV1/DECP1.DERMsIncl.d,0c21ae54-09e8-4e3d-9e7a-30e497e425f8
1203,247,f7bc0831-fe23-49b2-a9fa-ad9bbfafc0de,Mod,virtualCLSmini_PV1/DECP1.Mod,,origin.orCat,virtualCLSmini_PV1/DECP1.Mod.origin.orCat,e926d04b-3450-41f4-825e-85141804d596
1204,247,f7bc0831-fe23-49b2-a9fa-ad9bbfafc0de,Mod,virtualCLSmini_PV1/DECP1.Mod,,origin.orIdent,virtualCLSmini_PV1/DECP1.Mod.origin.orIdent,f83ac32f-cf76-47f9-baf1-d267408c7121
1205,247,f7bc0831-fe23-49b2-a9fa-ad9bbfafc0de,Mod,virtualCLSmini_PV1/DECP1.Mod,,ctlNum,virtualCLSmini_PV1/DECP1.Mod.ctlNum,53a50be7-cc3d-46a1-846f-8b6b4ccf3f28
1206,247,f7bc0831-fe23-49b2-a9fa-ad9bbfafc0de,Mod,virtualCLSmini_PV1/DECP1.Mod,,stVal,virtualCLSmini_PV1/DECP1.Mod.stVal,6ccb3660-9ab9-4c4e-bb2f-7e5a9321c66a
1207,247,f7bc0831-fe23-49b2-a9fa-ad9bbfafc0de,Mod,virtualCLSmini_PV1/DECP1.Mod,,q,virtualCLSmini_PV1/DECP1.Mod.q,e59a6c4e-bb7b-4422-b74e-84acd361f011
1208,247,f7bc0831-fe23-49b2-a9fa-ad9bbfafc0de,Mod,virtualCLSmini_PV1/DECP1.Mod,,t,virtualCLSmini_PV1/DECP1.Mod.t,2d0ae958-f4a1-49a4-88a6-769ac85d925f
1209,247,f7bc0831-fe23-49b2-a9fa-ad9bbfafc0de,Mod,virtualCLSmini_PV1/DECP1.Mod,,ctlModel,virtualCLSmini_PV1/DECP1.Mod.ctlModel,aa3d5307-6378-40c3-9dc6-586a7b11bcbd
1210,247,f7bc0831-fe23-49b2-a9fa-ad9bbfafc0de,Mod,virtualCLSmini_PV1/DECP1.Mod,,ctlVal,virtualCLSmini_PV1/DECP1.Mod.ctlVal,58f81bd1-006e-4028-b64b-14d159e15670
1211,247,f7bc0831-fe23-49b2-a9fa-ad9bbfafc0de,Mod,virtualCLSmini_PV1/DECP1.Mod,,d,virtualCLSmini_PV1/DECP1.Mod.d,b7e3cf75-075d-450f-81cc-8e24d2502f06
1212,248,85cc8312-4b9f-4001-9b7f-8cdfd2f98a60,EEName,virtualCLSmini_PV1/DGEN1.EEName,,vendor,virtualCLSmini_PV1/DGEN1.EEName.vendor,bce5b607-ff20-4bb5-9990-5d0263f79539
1213,248,85cc8312-4b9f-4001-9b7f-8cdfd2f98a60,EEName,virtualCLSmini_PV1/DGEN1.EEName,,hwRev,virtualCLSmini_PV1/DGEN1.EEName.hwRev,d8507e5c-f816-4be0-ab80-8ca8f86c580c
1214,248,85cc8312-4b9f-4001-9b7f-8cdfd2f98a60,EEName,virtualCLSmini_PV1/DGEN1.EEName,,swRev,virtualCLSmini_PV1/DGEN1.EEName.swRev,08fe0252-bde3-45db-a53e-905895996ae4
1215,248,85cc8312-4b9f-4001-9b7f-8cdfd2f98a60,EEName,virtualCLSmini_PV1/DGEN1.EEName,,serNum,virtualCLSmini_PV1/DGEN1.EEName.serNum,2350a854-a042-4731-91da-eacdcd65e887
1216,248,85cc8312-4b9f-4001-9b7f-8cdfd2f98a60,EEName,virtualCLSmini_PV1/DGEN1.EEName,,model,virtualCLSmini_PV1/DGEN1.EEName.model,02eebff0-6f92-43d0-adbe-acb54402bfc4
1217,248,85cc8312-4b9f-4001-9b7f-8cdfd2f98a60,EEName,virtualCLSmini_PV1/DGEN1.EEName,,location,virtualCLSmini_PV1/DGEN1.EEName.location,cb21a256-c07d-46f5-b618-d7ed885a76e9
1218,248,85cc8312-4b9f-4001-9b7f-8cdfd2f98a60,EEName,virtualCLSmini_PV1/DGEN1.EEName,,nameDA,virtualCLSmini_PV1/DGEN1.EEName.nameDA,e9c05dfa-0642-4faf-8b6c-d5adde25011b
1219,248,85cc8312-4b9f-4001-9b7f-8cdfd2f98a60,EEName,virtualCLSmini_PV1/DGEN1.EEName,,owner,virtualCLSmini_PV1/DGEN1.EEName.owner,3e580fcc-cd6d-4a73-be86-13fd9f174558
1220,248,85cc8312-4b9f-4001-9b7f-8cdfd2f98a60,EEName,virtualCLSmini_PV1/DGEN1.EEName,,ePSName,virtualCLSmini_PV1/DGEN1.EEName.ePSName,33dd4788-0e48-4f9a-b390-a0cafc7fc7c0
1221,248,85cc8312-4b9f-4001-9b7f-8cdfd2f98a60,EEName,virtualCLSmini_PV1/DGEN1.EEName,,primeOper,virtualCLSmini_PV1/DGEN1.EEName.primeOper,f197cbe2-29aa-4a56-9324-438f518540ec
1222,248,85cc8312-4b9f-4001-9b7f-8cdfd2f98a60,EEName,virtualCLSmini_PV1/DGEN1.EEName,,secondOper,virtualCLSmini_PV1/DGEN1.EEName.secondOper,00813a54-7018-4746-a7da-4dee921a87d0
1223,248,85cc8312-4b9f-4001-9b7f-8cdfd2f98a60,EEName,virtualCLSmini_PV1/DGEN1.EEName,,latitude,virtualCLSmini_PV1/DGEN1.EEName.latitude,8dcfa363-8204-4a9d-b864-59eefad3e50c
1224,248,85cc8312-4b9f-4001-9b7f-8cdfd2f98a60,EEName,virtualCLSmini_PV1/DGEN1.EEName,,longitude,virtualCLSmini_PV1/DGEN1.EEName.longitude,a7700c60-e1cf-4df9-ab74-9ff2b4ea47ef
1225,248,85cc8312-4b9f-4001-9b7f-8cdfd2f98a60,EEName,virtualCLSmini_PV1/DGEN1.EEName,,altitude,virtualCLSmini_PV1/DGEN1.EEName.altitude,b3c8209a-99cc-45a9-9d22-da0dc2276499
1226,248,85cc8312-4b9f-4001-9b7f-8cdfd2f98a60,EEName,virtualCLSmini_PV1/DGEN1.EEName,,mRID,virtualCLSmini_PV1/DGEN1.EEName.mRID,8e3568f3-211e-4b80-a3b5-fd13b0bec9b3
1227,248,85cc8312-4b9f-4001-9b7f-8cdfd2f98a60,EEName,virtualCLSmini_PV1/DGEN1.EEName,,d,virtualCLSmini_PV1/DGEN1.EEName.d,5fcd15bc-b557-40d5-b477-708f108eb902
1228,249,59c6765c-6b89-40dc-8fb7-92c34b73a57f,NamPlt,virtualCLSmini_PV1/DGEN1.NamPlt,,vendor,virtualCLSmini_PV1/DGEN1.NamPlt.vendor,4f6bdcb5-3c99-4d92-86f5-355214e84800
1229,249,59c6765c-6b89-40dc-8fb7-92c34b73a57f,NamPlt,virtualCLSmini_PV1/DGEN1.NamPlt,,swRev,virtualCLSmini_PV1/DGEN1.NamPlt.swRev,7b9c2ff8-36c7-49e3-9af5-7d874ff4d583
1230,249,59c6765c-6b89-40dc-8fb7-92c34b73a57f,NamPlt,virtualCLSmini_PV1/DGEN1.NamPlt,,configRev,virtualCLSmini_PV1/DGEN1.NamPlt.configRev,786d927b-88db-450c-bb42-75c732c5997e
1231,249,59c6765c-6b89-40dc-8fb7-92c34b73a57f,NamPlt,virtualCLSmini_PV1/DGEN1.NamPlt,,d,virtualCLSmini_PV1/DGEN1.NamPlt.d,a0960de8-e6e3-4e07-90bb-34b563518837
1232,250,83f495d9-4620-494b-aa26-7a29c8deb8bf,Beh,virtualCLSmini_PV1/DGEN1.Beh,,stVal,virtualCLSmini_PV1/DGEN1.Beh.stVal,2a24f7c1-9b7b-427a-9d9b-80a099e99e39
1233,250,83f495d9-4620-494b-aa26-7a29c8deb8bf,Beh,virtualCLSmini_PV1/DGEN1.Beh,,q,virtualCLSmini_PV1/DGEN1.Beh.q,b73f37cb-12dd-4f0d-ae8a-49e74b0b4ef5
1234,250,83f495d9-4620-494b-aa26-7a29c8deb8bf,Beh,virtualCLSmini_PV1/DGEN1.Beh,,t,virtualCLSmini_PV1/DGEN1.Beh.t,fd13a636-bc4c-421d-85a3-f4d37499747a
1235,250,83f495d9-4620-494b-aa26-7a29c8deb8bf,Beh,virtualCLSmini_PV1/DGEN1.Beh,,d,virtualCLSmini_PV1/DGEN1.Beh.d,46ceab16-8269-41c9-8d4a-bbabf1975f71
1236,251,d19c4531-533a-4a36-be98-6a05c236b787,Health,virtualCLSmini_PV1/DGEN1.Health,,stVal,virtualCLSmini_PV1/DGEN1.Health.stVal,66f6c860-7912-4174-8f64-b84d812880c0
1237,251,d19c4531-533a-4a36-be98-6a05c236b787,Health,virtualCLSmini_PV1/DGEN1.Health,,q,virtualCLSmini_PV1/DGEN1.Health.q,2ecca4ff-b860-4057-bf6e-4832084d186e
1238,251,d19c4531-533a-4a36-be98-6a05c236b787,Health,virtualCLSmini_PV1/DGEN1.Health,,t,virtualCLSmini_PV1/DGEN1.Health.t,3d8a4b18-4065-4b15-8310-0fc4d68cd5f2
1239,251,d19c4531-533a-4a36-be98-6a05c236b787,Health,virtualCLSmini_PV1/DGEN1.Health,,d,virtualCLSmini_PV1/DGEN1.Health.d,84562ac3-c69f-4fd3-b554-a6849a5c82cd
1240,252,0aa24f7f-61b3-4805-abff-ce8b4824bd5f,LocKey,virtualCLSmini_PV1/DGEN1.LocKey,,stVal,virtualCLSmini_PV1/DGEN1.LocKey.stVal,621804c6-8fd2-472f-abce-0b944128b86a
1241,252,0aa24f7f-61b3-4805-abff-ce8b4824bd5f,LocKey,virtualCLSmini_PV1/DGEN1.LocKey,,q,virtualCLSmini_PV1/DGEN1.LocKey.q,a96ae4c7-9f59-40a1-a1d5-d3b60ca87719
1242,252,0aa24f7f-61b3-4805-abff-ce8b4824bd5f,LocKey,virtualCLSmini_PV1/DGEN1.LocKey,,t,virtualCLSmini_PV1/DGEN1.LocKey.t,f89e3323-8e23-4af6-a90e-167da3044bb0
1243,252,0aa24f7f-61b3-4805-abff-ce8b4824bd5f,LocKey,virtualCLSmini_PV1/DGEN1.LocKey,,d,virtualCLSmini_PV1/DGEN1.LocKey.d,c8e255a2-a67e-469e-bc05-392d09fbb1fc
1244,253,9d5b6779-4555-45ec-b415-64e642cb80db,Loc,virtualCLSmini_PV1/DGEN1.Loc,,stVal,virtualCLSmini_PV1/DGEN1.Loc.stVal,b0492c6e-c301-4b93-9809-7a41bea5cf60
1245,253,9d5b6779-4555-45ec-b415-64e642cb80db,Loc,virtualCLSmini_PV1/DGEN1.Loc,,q,virtualCLSmini_PV1/DGEN1.Loc.q,f63ced6b-1a40-4b19-9e7c-7297a5d8fffd
1246,253,9d5b6779-4555-45ec-b415-64e642cb80db,Loc,virtualCLSmini_PV1/DGEN1.Loc,,t,virtualCLSmini_PV1/DGEN1.Loc.t,bd59ed4b-4b5e-44d0-be1e-3c6c53ca3316
1247,253,9d5b6779-4555-45ec-b415-64e642cb80db,Loc,virtualCLSmini_PV1/DGEN1.Loc,,d,virtualCLSmini_PV1/DGEN1.Loc.d,fb0b944e-2a58-4b46-8acf-027f77783862
1248,254,955938cd-c131-4120-9d93-e946b345fb39,GnSynSt,virtualCLSmini_PV1/DGEN1.GnSynSt,,stVal,virtualCLSmini_PV1/DGEN1.GnSynSt.stVal,caea0e91-9ddd-4150-bda0-096d5914a16d
1249,254,955938cd-c131-4120-9d93-e946b345fb39,GnSynSt,virtualCLSmini_PV1/DGEN1.GnSynSt,,q,virtualCLSmini_PV1/DGEN1.GnSynSt.q,9c292367-4373-42c2-b870-dcbe33b22ed4
1250,254,955938cd-c131-4120-9d93-e946b345fb39,GnSynSt,virtualCLSmini_PV1/DGEN1.GnSynSt,,t,virtualCLSmini_PV1/DGEN1.GnSynSt.t,c7fd9a12-a5f5-4944-8284-1e881cdff39e
1251,254,955938cd-c131-4120-9d93-e946b345fb39,GnSynSt,virtualCLSmini_PV1/DGEN1.GnSynSt,,d,virtualCLSmini_PV1/DGEN1.GnSynSt.d,1c1cafd8-ccba-4e10-a217-ff28e2a068e2
1252,255,6bd5a5c7-7958-44e2-a4e8-b490bd66de7b,DEROpSt,virtualCLSmini_PV1/DGEN1.DEROpSt,,stVal,virtualCLSmini_PV1/DGEN1.DEROpSt.stVal,59aac617-5627-433e-abfe-a90c223c870b
1253,255,6bd5a5c7-7958-44e2-a4e8-b490bd66de7b,DEROpSt,virtualCLSmini_PV1/DGEN1.DEROpSt,,q,virtualCLSmini_PV1/DGEN1.DEROpSt.q,2f42794a-1a7d-420e-8bf8-4341d6f05178
1254,255,6bd5a5c7-7958-44e2-a4e8-b490bd66de7b,DEROpSt,virtualCLSmini_PV1/DGEN1.DEROpSt,,t,virtualCLSmini_PV1/DGEN1.DEROpSt.t,cef40e50-f5be-493e-94be-15e85506a30c
1255,255,6bd5a5c7-7958-44e2-a4e8-b490bd66de7b,DEROpSt,virtualCLSmini_PV1/DGEN1.DEROpSt,,d,virtualCLSmini_PV1/DGEN1.DEROpSt.d,bec0f02a-bd11-463f-bb8d-129d63cdb371
1256,256,2362413e-9ec2-429a-a52d-b1625c6bd1d1,OpTmh,virtualCLSmini_PV1/DGEN1.OpTmh,,stVal,virtualCLSmini_PV1/DGEN1.OpTmh.stVal,0a02ef66-4e0c-4ce1-9757-f358b20d1c4f
1257,256,2362413e-9ec2-429a-a52d-b1625c6bd1d1,OpTmh,virtualCLSmini_PV1/DGEN1.OpTmh,,q,virtualCLSmini_PV1/DGEN1.OpTmh.q,ad6a76c7-f9db-43f5-9235-e20f2ab09ce7
1258,256,2362413e-9ec2-429a-a52d-b1625c6bd1d1,OpTmh,virtualCLSmini_PV1/DGEN1.OpTmh,,t,virtualCLSmini_PV1/DGEN1.OpTmh.t,7d908b18-5a9f-43a9-8f9b-e55541b13fcf
1259,256,2362413e-9ec2-429a-a52d-b1625c6bd1d1,OpTmh,virtualCLSmini_PV1/DGEN1.OpTmh,,units.SIUnit,virtualCLSmini_PV1/DGEN1.OpTmh.units.SIUnit,2bb602a5-2b67-4e2a-8485-223f6d683df1
1260,256,2362413e-9ec2-429a-a52d-b1625c6bd1d1,OpTmh,virtualCLSmini_PV1/DGEN1.OpTmh,,d,virtualCLSmini_PV1/DGEN1.OpTmh.d,75378c1c-1320-4a9c-8d58-0e4138c95c7f
1261,257,d36d4fbd-8dbc-488c-ae5a-3006b32b6380,EEHealth,virtualCLSmini_PV1/DGEN1.EEHealth,,stVal,virtualCLSmini_PV1/DGEN1.EEHealth.stVal,a44f44ed-00d2-402a-a44d-f5ca1a37988b
1262,257,d36d4fbd-8dbc-488c-ae5a-3006b32b6380,EEHealth,virtualCLSmini_PV1/DGEN1.EEHealth,,q,virtualCLSmini_PV1/DGEN1.EEHealth.q,8bbd2641-31bb-4fc8-9e79-5a6eb3cd829b
1263,257,d36d4fbd-8dbc-488c-ae5a-3006b32b6380,EEHealth,virtualCLSmini_PV1/DGEN1.EEHealth,,t,virtualCLSmini_PV1/DGEN1.EEHealth.t,a2e1e99d-ca46-4aa7-900e-144c36f1778e
1264,257,d36d4fbd-8dbc-488c-ae5a-3006b32b6380,EEHealth,virtualCLSmini_PV1/DGEN1.EEHealth,,d,virtualCLSmini_PV1/DGEN1.EEHealth.d,7bdcbcbe-1c3d-4159-9f94-042adb01e350
1265,258,84eda84d-3563-4b98-bef0-47bacb434af7,CnstWMax,virtualCLSmini_PV1/DGEN1.CnstWMax,,mag.f,virtualCLSmini_PV1/DGEN1.CnstWMax.mag.f,0eb98ecd-83f9-4b74-93ab-03f23bf745e6
1266,258,84eda84d-3563-4b98-bef0-47bacb434af7,CnstWMax,virtualCLSmini_PV1/DGEN1.CnstWMax,,q,virtualCLSmini_PV1/DGEN1.CnstWMax.q,19b9c4c4-7c99-49ab-94e2-b2105022f01a
1267,258,84eda84d-3563-4b98-bef0-47bacb434af7,CnstWMax,virtualCLSmini_PV1/DGEN1.CnstWMax,,t,virtualCLSmini_PV1/DGEN1.CnstWMax.t,741c8176-6de6-46ca-980d-afefbd8bdd3c
1268,258,84eda84d-3563-4b98-bef0-47bacb434af7,CnstWMax,virtualCLSmini_PV1/DGEN1.CnstWMax,,units.SIUnit,virtualCLSmini_PV1/DGEN1.CnstWMax.units.SIUnit,a156fd1f-c58a-4e78-b56e-c583ab121f9e
1269,258,84eda84d-3563-4b98-bef0-47bacb434af7,CnstWMax,virtualCLSmini_PV1/DGEN1.CnstWMax,,d,virtualCLSmini_PV1/DGEN1.CnstWMax.d,b1036654-ff79-4dda-9733-93a313107e52
1270,259,6c1c3b4b-15df-4186-bb5b-41446b47819b,GnEnTot,virtualCLSmini_PV1/DGEN1.GnEnTot,,mag.f,virtualCLSmini_PV1/DGEN1.GnEnTot.mag.f,5d46e553-7648-4b03-b66b-3327de7d84be
1271,259,6c1c3b4b-15df-4186-bb5b-41446b47819b,GnEnTot,virtualCLSmini_PV1/DGEN1.GnEnTot,,q,virtualCLSmini_PV1/DGEN1.GnEnTot.q,46731fcd-bb2a-41de-a9c7-e550069005d8
1272,259,6c1c3b4b-15df-4186-bb5b-41446b47819b,GnEnTot,virtualCLSmini_PV1/DGEN1.GnEnTot,,t,virtualCLSmini_PV1/DGEN1.GnEnTot.t,036780d2-03d5-472f-b8ed-0abf995b96f2
1273,259,6c1c3b4b-15df-4186-bb5b-41446b47819b,GnEnTot,virtualCLSmini_PV1/DGEN1.GnEnTot,,units.SIUnit,virtualCLSmini_PV1/DGEN1.GnEnTot.units.SIUnit,fae2a39a-255d-4159-9d31-701fa3ee1e31
1274,259,6c1c3b4b-15df-4186-bb5b-41446b47819b,GnEnTot,virtualCLSmini_PV1/DGEN1.GnEnTot,,d,virtualCLSmini_PV1/DGEN1.GnEnTot.d,e62b765e-7167-4739-ab92-137464795d14
1275,260,935d8577-a79f-4fc8-897e-aee1520f021e,GnEnPer,virtualCLSmini_PV1/DGEN1.GnEnPer,,mag.f,virtualCLSmini_PV1/DGEN1.GnEnPer.mag.f,f92d614e-ba38-4bed-b603-fddec87a3738
1276,260,935d8577-a79f-4fc8-897e-aee1520f021e,GnEnPer,virtualCLSmini_PV1/DGEN1.GnEnPer,,q,virtualCLSmini_PV1/DGEN1.GnEnPer.q,a506270a-5698-4c63-b7f7-f87b02d31e57
1277,260,935d8577-a79f-4fc8-897e-aee1520f021e,GnEnPer,virtualCLSmini_PV1/DGEN1.GnEnPer,,t,virtualCLSmini_PV1/DGEN1.GnEnPer.t,f74c0fe1-559c-4347-930c-dd4070dba815
1278,260,935d8577-a79f-4fc8-897e-aee1520f021e,GnEnPer,virtualCLSmini_PV1/DGEN1.GnEnPer,,units.SIUnit,virtualCLSmini_PV1/DGEN1.GnEnPer.units.SIUnit,7b11ab21-e0f6-44b3-9980-551eb7a3510d
1279,260,935d8577-a79f-4fc8-897e-aee1520f021e,GnEnPer,virtualCLSmini_PV1/DGEN1.GnEnPer,,d,virtualCLSmini_PV1/DGEN1.GnEnPer.d,ebf9bb83-518e-4cbb-891d-007f93400ca4
1280,261,14d29a0a-8049-4335-948f-253190de85cb,RenWPct,virtualCLSmini_PV1/DGEN1.RenWPct,,mag.f,virtualCLSmini_PV1/DGEN1.RenWPct.mag.f,f389842d-16c9-48ac-8c88-9cb413773b9d
1281,261,14d29a0a-8049-4335-948f-253190de85cb,RenWPct,virtualCLSmini_PV1/DGEN1.RenWPct,,q,virtualCLSmini_PV1/DGEN1.RenWPct.q,642767f2-a50e-4e9f-9f2f-27c4b89abd54
1282,261,14d29a0a-8049-4335-948f-253190de85cb,RenWPct,virtualCLSmini_PV1/DGEN1.RenWPct,,t,virtualCLSmini_PV1/DGEN1.RenWPct.t,23a9295d-a013-4ec1-89f8-7171621ee42b
1283,261,14d29a0a-8049-4335-948f-253190de85cb,RenWPct,virtualCLSmini_PV1/DGEN1.RenWPct,,units.SIUnit,virtualCLSmini_PV1/DGEN1.RenWPct.units.SIUnit,d26059b7-eab8-4c4d-86a3-1c6ea3454cbd
1284,261,14d29a0a-8049-4335-948f-253190de85cb,RenWPct,virtualCLSmini_PV1/DGEN1.RenWPct,,d,virtualCLSmini_PV1/DGEN1.RenWPct.d,464d6439-952f-4625-8c4b-758423f09df1
1285,262,c1b4694f-7f01-49cc-8976-00a26de7a664,RenVArPct,virtualCLSmini_PV1/DGEN1.RenVArPct,,mag.f,virtualCLSmini_PV1/DGEN1.RenVArPct.mag.f,9f4f7ef2-15db-4783-89c3-3c1cd390b412
1286,262,c1b4694f-7f01-49cc-8976-00a26de7a664,RenVArPct,virtualCLSmini_PV1/DGEN1.RenVArPct,,q,virtualCLSmini_PV1/DGEN1.RenVArPct.q,c49fb8fd-a18a-4103-9ba3-d44dfbe2e15c
1287,262,c1b4694f-7f01-49cc-8976-00a26de7a664,RenVArPct,virtualCLSmini_PV1/DGEN1.RenVArPct,,t,virtualCLSmini_PV1/DGEN1.RenVArPct.t,f47eec53-3466-4791-85e4-32d1c972cd75
1288,262,c1b4694f-7f01-49cc-8976-00a26de7a664,RenVArPct,virtualCLSmini_PV1/DGEN1.RenVArPct,,units.SIUnit,virtualCLSmini_PV1/DGEN1.RenVArPct.units.SIUnit,e5eb1a00-ffaf-4c5f-8039-636668433315
1289,262,c1b4694f-7f01-49cc-8976-00a26de7a664,RenVArPct,virtualCLSmini_PV1/DGEN1.RenVArPct,,d,virtualCLSmini_PV1/DGEN1.RenVArPct.d,f74bc3ff-50f5-4eab-8faa-ffc71da3020e
1290,263,f3944683-8ed3-474e-a2c5-742599c19494,VArTot,virtualCLSmini_PV1/DGEN1.VArTot,,mag.f,virtualCLSmini_PV1/DGEN1.VArTot.mag.f,a6bf7d8d-84e0-4065-90f2-eb3fb2ed6e2b
1291,263,f3944683-8ed3-474e-a2c5-742599c19494,VArTot,virtualCLSmini_PV1/DGEN1.VArTot,,q,virtualCLSmini_PV1/DGEN1.VArTot.q,78de9555-9b42-4295-bac1-42d5d2f1e650
1292,263,f3944683-8ed3-474e-a2c5-742599c19494,VArTot,virtualCLSmini_PV1/DGEN1.VArTot,,t,virtualCLSmini_PV1/DGEN1.VArTot.t,71daa8f6-3599-42bf-afad-a79bb14209eb
1293,263,f3944683-8ed3-474e-a2c5-742599c19494,VArTot,virtualCLSmini_PV1/DGEN1.VArTot,,units.SIUnit,virtualCLSmini_PV1/DGEN1.VArTot.units.SIUnit,a4174d06-a424-4b9d-8ec4-328cbca44cfb
1294,263,f3944683-8ed3-474e-a2c5-742599c19494,VArTot,virtualCLSmini_PV1/DGEN1.VArTot,,d,virtualCLSmini_PV1/DGEN1.VArTot.d,4e2ecb7e-0d46-485c-a0d4-10b020ea4858
1295,264,a94ed9e9-8275-4793-9def-0c988881170e,AvarTot,virtualCLSmini_PV1/DGEN1.AvarTot,,mag.f,virtualCLSmini_PV1/DGEN1.AvarTot.mag.f,264df600-10af-4fce-9ec1-4380b938539d
1296,264,a94ed9e9-8275-4793-9def-0c988881170e,AvarTot,virtualCLSmini_PV1/DGEN1.AvarTot,,q,virtualCLSmini_PV1/DGEN1.AvarTot.q,d2138a82-0743-49f0-9527-e6e577e1f6a1
1297,264,a94ed9e9-8275-4793-9def-0c988881170e,AvarTot,virtualCLSmini_PV1/DGEN1.AvarTot,,t,virtualCLSmini_PV1/DGEN1.AvarTot.t,946575e0-5c37-47e9-9b47-93518842595a
1298,264,a94ed9e9-8275-4793-9def-0c988881170e,AvarTot,virtualCLSmini_PV1/DGEN1.AvarTot,,units.SIUnit,virtualCLSmini_PV1/DGEN1.AvarTot.units.SIUnit,a4de0445-6f81-431b-8829-1ec13c627d33
1299,264,a94ed9e9-8275-4793-9def-0c988881170e,AvarTot,virtualCLSmini_PV1/DGEN1.AvarTot,,d,virtualCLSmini_PV1/DGEN1.AvarTot.d,9ba0a89b-8b69-4677-811d-cad938bce389
1300,265,04cca29f-7ea5-4bcf-a3a0-326c5ee52c5e,IvarTot,virtualCLSmini_PV1/DGEN1.IvarTot,,mag.f,virtualCLSmini_PV1/DGEN1.IvarTot.mag.f,8469eca6-fec8-48dc-b56d-365b47f00329
1301,265,04cca29f-7ea5-4bcf-a3a0-326c5ee52c5e,IvarTot,virtualCLSmini_PV1/DGEN1.IvarTot,,q,virtualCLSmini_PV1/DGEN1.IvarTot.q,86a0f93a-df1f-4713-a0c6-cec6d7553ef6
1302,265,04cca29f-7ea5-4bcf-a3a0-326c5ee52c5e,IvarTot,virtualCLSmini_PV1/DGEN1.IvarTot,,t,virtualCLSmini_PV1/DGEN1.IvarTot.t,44d6b2d5-d46e-41fc-9ea9-280196204248
1303,265,04cca29f-7ea5-4bcf-a3a0-326c5ee52c5e,IvarTot,virtualCLSmini_PV1/DGEN1.IvarTot,,units.SIUnit,virtualCLSmini_PV1/DGEN1.IvarTot.units.SIUnit,a231be6c-ea82-4f4d-9232-6b8f94af48f0
1304,265,04cca29f-7ea5-4bcf-a3a0-326c5ee52c5e,IvarTot,virtualCLSmini_PV1/DGEN1.IvarTot,,d,virtualCLSmini_PV1/DGEN1.IvarTot.d,96ec7f36-6c01-4171-a7e2-f146d0dd63be
1305,266,925b26f7-95b3-4eb1-9afd-7b6ef55f92b0,VArAvl,virtualCLSmini_PV1/DGEN1.VArAvl,,mag.f,virtualCLSmini_PV1/DGEN1.VArAvl.mag.f,d67206f8-835d-420a-858b-6a60669f1bd8
1306,266,925b26f7-95b3-4eb1-9afd-7b6ef55f92b0,VArAvl,virtualCLSmini_PV1/DGEN1.VArAvl,,q,virtualCLSmini_PV1/DGEN1.VArAvl.q,0ca7e812-b6f3-48ce-a925-16429eea6729
1307,266,925b26f7-95b3-4eb1-9afd-7b6ef55f92b0,VArAvl,virtualCLSmini_PV1/DGEN1.VArAvl,,t,virtualCLSmini_PV1/DGEN1.VArAvl.t,c33a7309-b2d2-4bda-81a9-0e22786a9ece
1308,266,925b26f7-95b3-4eb1-9afd-7b6ef55f92b0,VArAvl,virtualCLSmini_PV1/DGEN1.VArAvl,,units.SIUnit,virtualCLSmini_PV1/DGEN1.VArAvl.units.SIUnit,6eaabf36-1995-4258-87fc-e562447fbeb9
1309,266,925b26f7-95b3-4eb1-9afd-7b6ef55f92b0,VArAvl,virtualCLSmini_PV1/DGEN1.VArAvl,,d,virtualCLSmini_PV1/DGEN1.VArAvl.d,3229ffbc-46b2-4b97-83a5-fbf65862cbeb
1310,267,584f5cab-666b-4a20-8338-da4d8e47fabe,AvarAvl,virtualCLSmini_PV1/DGEN1.AvarAvl,,mag.f,virtualCLSmini_PV1/DGEN1.AvarAvl.mag.f,30fee2af-d267-4467-bbec-dc9ff0fb98b3
1311,267,584f5cab-666b-4a20-8338-da4d8e47fabe,AvarAvl,virtualCLSmini_PV1/DGEN1.AvarAvl,,q,virtualCLSmini_PV1/DGEN1.AvarAvl.q,f2244317-b0a8-4353-b1b6-a014ef748214
1312,267,584f5cab-666b-4a20-8338-da4d8e47fabe,AvarAvl,virtualCLSmini_PV1/DGEN1.AvarAvl,,t,virtualCLSmini_PV1/DGEN1.AvarAvl.t,18bba780-940b-4281-9ce2-e7607a8400e9
1313,267,584f5cab-666b-4a20-8338-da4d8e47fabe,AvarAvl,virtualCLSmini_PV1/DGEN1.AvarAvl,,units.SIUnit,virtualCLSmini_PV1/DGEN1.AvarAvl.units.SIUnit,2a0a8562-3ea6-4ff6-a8b0-8eff95c9a7ac
1314,267,584f5cab-666b-4a20-8338-da4d8e47fabe,AvarAvl,virtualCLSmini_PV1/DGEN1.AvarAvl,,d,virtualCLSmini_PV1/DGEN1.AvarAvl.d,02916242-393c-4d73-bd23-a3abf2b2d81d
1315,268,ce4f0f06-d433-48fd-9066-7e0ea5b3d871,IvarAvl,virtualCLSmini_PV1/DGEN1.IvarAvl,,mag.f,virtualCLSmini_PV1/DGEN1.IvarAvl.mag.f,ab4ef523-390c-405e-8a56-cf992fdacf96
1316,268,ce4f0f06-d433-48fd-9066-7e0ea5b3d871,IvarAvl,virtualCLSmini_PV1/DGEN1.IvarAvl,,q,virtualCLSmini_PV1/DGEN1.IvarAvl.q,c0aa89b7-17a7-49c8-996c-1edf00e415cd
1317,268,ce4f0f06-d433-48fd-9066-7e0ea5b3d871,IvarAvl,virtualCLSmini_PV1/DGEN1.IvarAvl,,t,virtualCLSmini_PV1/DGEN1.IvarAvl.t,b24b1752-2b0d-427a-8a72-9323c00178ed
1318,268,ce4f0f06-d433-48fd-9066-7e0ea5b3d871,IvarAvl,virtualCLSmini_PV1/DGEN1.IvarAvl,,units.SIUnit,virtualCLSmini_PV1/DGEN1.IvarAvl.units.SIUnit,fafd37f5-2798-41be-8ce9-3d3a2f7e2912
1319,268,ce4f0f06-d433-48fd-9066-7e0ea5b3d871,IvarAvl,virtualCLSmini_PV1/DGEN1.IvarAvl,,d,virtualCLSmini_PV1/DGEN1.IvarAvl.d,b45f6139-c473-49cf-a214-54e9a1b639e3
1320,269,6b2ef4fd-5da5-46fa-b3dc-f11e7bc52c78,SelfSvcWh,virtualCLSmini_PV1/DGEN1.SelfSvcWh,,mag.f,virtualCLSmini_PV1/DGEN1.SelfSvcWh.mag.f,b635ce47-016d-4b5a-9a84-3601d092edb2
1321,269,6b2ef4fd-5da5-46fa-b3dc-f11e7bc52c78,SelfSvcWh,virtualCLSmini_PV1/DGEN1.SelfSvcWh,,q,virtualCLSmini_PV1/DGEN1.SelfSvcWh.q,0624098b-f23b-4dfc-b716-562ed3fecb48
1322,269,6b2ef4fd-5da5-46fa-b3dc-f11e7bc52c78,SelfSvcWh,virtualCLSmini_PV1/DGEN1.SelfSvcWh,,t,virtualCLSmini_PV1/DGEN1.SelfSvcWh.t,18bc8ae1-3677-4155-aeba-35f9dfb99812
1323,269,6b2ef4fd-5da5-46fa-b3dc-f11e7bc52c78,SelfSvcWh,virtualCLSmini_PV1/DGEN1.SelfSvcWh,,units.SIUnit,virtualCLSmini_PV1/DGEN1.SelfSvcWh.units.SIUnit,a4f184ff-6120-46dd-b57f-f941a41c7853
1324,269,6b2ef4fd-5da5-46fa-b3dc-f11e7bc52c78,SelfSvcWh,virtualCLSmini_PV1/DGEN1.SelfSvcWh,,d,virtualCLSmini_PV1/DGEN1.SelfSvcWh.d,a8a4ed05-c201-4dae-be19-20dcb119429d
1325,270,f43ab3a3-bab0-410f-81bb-79124890f7a4,VAPct,virtualCLSmini_PV1/DGEN1.VAPct,,mag.f,virtualCLSmini_PV1/DGEN1.VAPct.mag.f,353c88ce-f9b4-49a0-9c49-156ea5d9da22
1326,270,f43ab3a3-bab0-410f-81bb-79124890f7a4,VAPct,virtualCLSmini_PV1/DGEN1.VAPct,,q,virtualCLSmini_PV1/DGEN1.VAPct.q,7e9c06aa-1e1d-426c-b8fa-7c0466e3a981
1327,270,f43ab3a3-bab0-410f-81bb-79124890f7a4,VAPct,virtualCLSmini_PV1/DGEN1.VAPct,,t,virtualCLSmini_PV1/DGEN1.VAPct.t,00ceae37-c860-426d-888b-f18d8fdcdbbb
1328,270,f43ab3a3-bab0-410f-81bb-79124890f7a4,VAPct,virtualCLSmini_PV1/DGEN1.VAPct,,units.SIUnit,virtualCLSmini_PV1/DGEN1.VAPct.units.SIUnit,4c344f88-2bd4-42df-8203-03b29be02f4d
1329,270,f43ab3a3-bab0-410f-81bb-79124890f7a4,VAPct,virtualCLSmini_PV1/DGEN1.VAPct,,d,virtualCLSmini_PV1/DGEN1.VAPct.d,137056cb-f7cd-4c37-88b3-6c8b6b654add
1330,271,19546bb9-25fc-4473-8e89-62f0bf7f1e90,AvlUpW,virtualCLSmini_PV1/DGEN1.AvlUpW,,mag.f,virtualCLSmini_PV1/DGEN1.AvlUpW.mag.f,294bdad3-70ef-4f42-a811-0b5cba32f2a0
1331,271,19546bb9-25fc-4473-8e89-62f0bf7f1e90,AvlUpW,virtualCLSmini_PV1/DGEN1.AvlUpW,,q,virtualCLSmini_PV1/DGEN1.AvlUpW.q,79146fdf-5a00-485f-b262-e5b568154051
1332,271,19546bb9-25fc-4473-8e89-62f0bf7f1e90,AvlUpW,virtualCLSmini_PV1/DGEN1.AvlUpW,,t,virtualCLSmini_PV1/DGEN1.AvlUpW.t,d562b231-73e9-409c-b9f1-f44255beb788
1333,271,19546bb9-25fc-4473-8e89-62f0bf7f1e90,AvlUpW,virtualCLSmini_PV1/DGEN1.AvlUpW,,units.SIUnit,virtualCLSmini_PV1/DGEN1.AvlUpW.units.SIUnit,b623b41c-0adf-4369-9148-6059438c6a4e
1334,271,19546bb9-25fc-4473-8e89-62f0bf7f1e90,AvlUpW,virtualCLSmini_PV1/DGEN1.AvlUpW,,d,virtualCLSmini_PV1/DGEN1.AvlUpW.d,714c5dc4-2f50-429a-bb02-4a7e89031cb4
1335,272,7290ac46-07fc-4360-a067-098546bf9732,AvlDnW,virtualCLSmini_PV1/DGEN1.AvlDnW,,mag.f,virtualCLSmini_PV1/DGEN1.AvlDnW.mag.f,869b1af8-24c8-46fd-ada2-a4aa5edf8fc7
1336,272,7290ac46-07fc-4360-a067-098546bf9732,AvlDnW,virtualCLSmini_PV1/DGEN1.AvlDnW,,q,virtualCLSmini_PV1/DGEN1.AvlDnW.q,d734c15d-a11a-481f-bd77-ab03adf011fa
1337,272,7290ac46-07fc-4360-a067-098546bf9732,AvlDnW,virtualCLSmini_PV1/DGEN1.AvlDnW,,t,virtualCLSmini_PV1/DGEN1.AvlDnW.t,7be1adb4-f479-4ed7-9bb4-9e63c8bbaad6
1338,272,7290ac46-07fc-4360-a067-098546bf9732,AvlDnW,virtualCLSmini_PV1/DGEN1.AvlDnW,,units.SIUnit,virtualCLSmini_PV1/DGEN1.AvlDnW.units.SIUnit,9b44baca-2eff-4337-b348-7708b5def3a6
1339,272,7290ac46-07fc-4360-a067-098546bf9732,AvlDnW,virtualCLSmini_PV1/DGEN1.AvlDnW,,d,virtualCLSmini_PV1/DGEN1.AvlDnW.d,c13ebcc6-c9ed-483d-9243-74bf8d81b4a4
1340,273,7e830838-7003-423c-8ea4-8dfaba7737e3,Mod,virtualCLSmini_PV1/DGEN1.Mod,,origin.orCat,virtualCLSmini_PV1/DGEN1.Mod.origin.orCat,147c6858-9408-4586-bcdb-8a13174c80c4
1341,273,7e830838-7003-423c-8ea4-8dfaba7737e3,Mod,virtualCLSmini_PV1/DGEN1.Mod,,origin.orIdent,virtualCLSmini_PV1/DGEN1.Mod.origin.orIdent,5f4d02f0-412b-4fe8-988f-36fa33076835
1342,273,7e830838-7003-423c-8ea4-8dfaba7737e3,Mod,virtualCLSmini_PV1/DGEN1.Mod,,ctlNum,virtualCLSmini_PV1/DGEN1.Mod.ctlNum,e44e6574-9d8f-4693-89d9-c997a97deee8
1343,273,7e830838-7003-423c-8ea4-8dfaba7737e3,Mod,virtualCLSmini_PV1/DGEN1.Mod,,stVal,virtualCLSmini_PV1/DGEN1.Mod.stVal,ca4b480e-a67a-439e-9eff-8393fe77e0b9
1344,273,7e830838-7003-423c-8ea4-8dfaba7737e3,Mod,virtualCLSmini_PV1/DGEN1.Mod,,q,virtualCLSmini_PV1/DGEN1.Mod.q,739f7558-cad5-44a4-86eb-dfaa29c9bbae
1345,273,7e830838-7003-423c-8ea4-8dfaba7737e3,Mod,virtualCLSmini_PV1/DGEN1.Mod,,t,virtualCLSmini_PV1/DGEN1.Mod.t,eabb7256-cfcd-4cbe-a7ed-4af027e6fa1c
1346,273,7e830838-7003-423c-8ea4-8dfaba7737e3,Mod,virtualCLSmini_PV1/DGEN1.Mod,,ctlModel,virtualCLSmini_PV1/DGEN1.Mod.ctlModel,bb4b8e22-9a2d-4e81-a9e7-54c6efa42938
1347,273,7e830838-7003-423c-8ea4-8dfaba7737e3,Mod,virtualCLSmini_PV1/DGEN1.Mod,,ctlVal,virtualCLSmini_PV1/DGEN1.Mod.ctlVal,5832206b-06fa-47d4-8aeb-956708010253
1348,273,7e830838-7003-423c-8ea4-8dfaba7737e3,Mod,virtualCLSmini_PV1/DGEN1.Mod,,d,virtualCLSmini_PV1/DGEN1.Mod.d,f6ba8cb8-bcf3-4801-b505-03a1cb377815
1349,274,361d9861-d63c-492d-8fde-513ab8f3f033,LocSta,virtualCLSmini_PV1/DGEN1.LocSta,,origin.orCat,virtualCLSmini_PV1/DGEN1.LocSta.origin.orCat,0a6c5590-fd37-47c7-a015-1d2bd3f70298
1350,274,361d9861-d63c-492d-8fde-513ab8f3f033,LocSta,virtualCLSmini_PV1/DGEN1.LocSta,,origin.orIdent,virtualCLSmini_PV1/DGEN1.LocSta.origin.orIdent,69485758-bc2f-4573-b966-b75ae13e8459
1351,274,361d9861-d63c-492d-8fde-513ab8f3f033,LocSta,virtualCLSmini_PV1/DGEN1.LocSta,,ctlNum,virtualCLSmini_PV1/DGEN1.LocSta.ctlNum,8f38f22c-8415-4623-8f62-92f7dc18a061
1352,274,361d9861-d63c-492d-8fde-513ab8f3f033,LocSta,virtualCLSmini_PV1/DGEN1.LocSta,,stVal,virtualCLSmini_PV1/DGEN1.LocSta.stVal,7c462d90-0027-4107-980d-a0af367b90f0
1353,274,361d9861-d63c-492d-8fde-513ab8f3f033,LocSta,virtualCLSmini_PV1/DGEN1.LocSta,,q,virtualCLSmini_PV1/DGEN1.LocSta.q,245871ee-f092-446e-8776-80deb89fdfd7
1354,274,361d9861-d63c-492d-8fde-513ab8f3f033,LocSta,virtualCLSmini_PV1/DGEN1.LocSta,,t,virtualCLSmini_PV1/DGEN1.LocSta.t,ddf03794-40cb-4041-a774-e1d961d6be6d
1355,274,361d9861-d63c-492d-8fde-513ab8f3f033,LocSta,virtualCLSmini_PV1/DGEN1.LocSta,,ctlModel,virtualCLSmini_PV1/DGEN1.LocSta.ctlModel,d8d1d53d-c2fe-4c5b-8ddb-045844cebbca
1356,274,361d9861-d63c-492d-8fde-513ab8f3f033,LocSta,virtualCLSmini_PV1/DGEN1.LocSta,,ctlVal,virtualCLSmini_PV1/DGEN1.LocSta.ctlVal,5a78b494-0be8-4da6-a3f8-dc97288bcd7b
1357,274,361d9861-d63c-492d-8fde-513ab8f3f033,LocSta,virtualCLSmini_PV1/DGEN1.LocSta,,d,virtualCLSmini_PV1/DGEN1.LocSta.d,d52b1043-661d-4c0c-b2a8-371eb6fd3be0
1358,275,4454fbb8-8b78-4f46-876e-18d85aeb6986,GnOnCnt,virtualCLSmini_PV1/DGEN1.GnOnCnt,,origin.orCat,virtualCLSmini_PV1/DGEN1.GnOnCnt.origin.orCat,5dd267fe-e257-4275-a3dc-5fb73b60ee4a
1359,275,4454fbb8-8b78-4f46-876e-18d85aeb6986,GnOnCnt,virtualCLSmini_PV1/DGEN1.GnOnCnt,,origin.orIdent,virtualCLSmini_PV1/DGEN1.GnOnCnt.origin.orIdent,a67ef4f1-1d6e-426f-87aa-c19bcb308ea7
1360,275,4454fbb8-8b78-4f46-876e-18d85aeb6986,GnOnCnt,virtualCLSmini_PV1/DGEN1.GnOnCnt,,ctlNum,virtualCLSmini_PV1/DGEN1.GnOnCnt.ctlNum,9d3fb86e-3b49-4f8e-a68b-10dd637f338d
1361,275,4454fbb8-8b78-4f46-876e-18d85aeb6986,GnOnCnt,virtualCLSmini_PV1/DGEN1.GnOnCnt,,stVal,virtualCLSmini_PV1/DGEN1.GnOnCnt.stVal,7d3b185c-2420-4261-a823-a1cf203f2de3
1362,275,4454fbb8-8b78-4f46-876e-18d85aeb6986,GnOnCnt,virtualCLSmini_PV1/DGEN1.GnOnCnt,,q,virtualCLSmini_PV1/DGEN1.GnOnCnt.q,2060c17c-fcf2-46c4-a175-98a39e7775d1
1363,275,4454fbb8-8b78-4f46-876e-18d85aeb6986,GnOnCnt,virtualCLSmini_PV1/DGEN1.GnOnCnt,,t,virtualCLSmini_PV1/DGEN1.GnOnCnt.t,d58b68e3-801f-446a-b9f7-70365a2fa634
1364,275,4454fbb8-8b78-4f46-876e-18d85aeb6986,GnOnCnt,virtualCLSmini_PV1/DGEN1.GnOnCnt,,ctlModel,virtualCLSmini_PV1/DGEN1.GnOnCnt.ctlModel,f92d3d13-7d7d-4013-a941-96b79c2430ad
1365,275,4454fbb8-8b78-4f46-876e-18d85aeb6986,GnOnCnt,virtualCLSmini_PV1/DGEN1.GnOnCnt,,units.SIUnit,virtualCLSmini_PV1/DGEN1.GnOnCnt.units.SIUnit,3a54f6ac-96a0-4198-bc29-24a99465cd7b
1366,275,4454fbb8-8b78-4f46-876e-18d85aeb6986,GnOnCnt,virtualCLSmini_PV1/DGEN1.GnOnCnt,,ctlVal,virtualCLSmini_PV1/DGEN1.GnOnCnt.ctlVal,b1d7eebc-a56b-4a75-bc7c-0222eefc0f60
1367,275,4454fbb8-8b78-4f46-876e-18d85aeb6986,GnOnCnt,virtualCLSmini_PV1/DGEN1.GnOnCnt,,d,virtualCLSmini_PV1/DGEN1.GnOnCnt.d,5937556b-9427-47ba-8c74-98fdf920eb59
1368,276,cb21b075-f4d4-4b74-920c-d06c150d7337,TotStrCnt,virtualCLSmini_PV1/DGEN1.TotStrCnt,,origin.orCat,virtualCLSmini_PV1/DGEN1.TotStrCnt.origin.orCat,51fdcff5-d388-473a-862f-fcb20c10251d
1369,276,cb21b075-f4d4-4b74-920c-d06c150d7337,TotStrCnt,virtualCLSmini_PV1/DGEN1.TotStrCnt,,origin.orIdent,virtualCLSmini_PV1/DGEN1.TotStrCnt.origin.orIdent,1e904bc0-6648-442b-a568-4eb4b3c04d77
1370,276,cb21b075-f4d4-4b74-920c-d06c150d7337,TotStrCnt,virtualCLSmini_PV1/DGEN1.TotStrCnt,,ctlNum,virtualCLSmini_PV1/DGEN1.TotStrCnt.ctlNum,2b4480c7-7e0d-45f6-b992-b53255c98eb9
1371,276,cb21b075-f4d4-4b74-920c-d06c150d7337,TotStrCnt,virtualCLSmini_PV1/DGEN1.TotStrCnt,,stVal,virtualCLSmini_PV1/DGEN1.TotStrCnt.stVal,91ea6a71-1fd0-4d9a-922b-a600c628d06f
1372,276,cb21b075-f4d4-4b74-920c-d06c150d7337,TotStrCnt,virtualCLSmini_PV1/DGEN1.TotStrCnt,,q,virtualCLSmini_PV1/DGEN1.TotStrCnt.q,ad0f347c-1078-4030-b731-53dd1bb91c23
1373,276,cb21b075-f4d4-4b74-920c-d06c150d7337,TotStrCnt,virtualCLSmini_PV1/DGEN1.TotStrCnt,,t,virtualCLSmini_PV1/DGEN1.TotStrCnt.t,ca58deee-c191-4b98-b616-8804719fb6c2
1374,276,cb21b075-f4d4-4b74-920c-d06c150d7337,TotStrCnt,virtualCLSmini_PV1/DGEN1.TotStrCnt,,ctlModel,virtualCLSmini_PV1/DGEN1.TotStrCnt.ctlModel,023f40fe-08de-4cb9-9fbf-8f4d742af597
1375,276,cb21b075-f4d4-4b74-920c-d06c150d7337,TotStrCnt,virtualCLSmini_PV1/DGEN1.TotStrCnt,,units.SIUnit,virtualCLSmini_PV1/DGEN1.TotStrCnt.units.SIUnit,69dea046-5dd7-46b2-b521-424a7375199f
1376,276,cb21b075-f4d4-4b74-920c-d06c150d7337,TotStrCnt,virtualCLSmini_PV1/DGEN1.TotStrCnt,,ctlVal,virtualCLSmini_PV1/DGEN1.TotStrCnt.ctlVal,0ebf3879-82a3-45d2-ac2d-fde42c13b1a8
1377,276,cb21b075-f4d4-4b74-920c-d06c150d7337,TotStrCnt,virtualCLSmini_PV1/DGEN1.TotStrCnt,,d,virtualCLSmini_PV1/DGEN1.TotStrCnt.d,53e3aa1f-2cef-4590-94ed-42ccf70d4880
1378,277,3b2e8ecd-41ed-4ef2-8e04-4d4ff2853933,PerStrCnt,virtualCLSmini_PV1/DGEN1.PerStrCnt,,origin.orCat,virtualCLSmini_PV1/DGEN1.PerStrCnt.origin.orCat,507abd14-932c-4721-85e3-36fac918f550
1379,277,3b2e8ecd-41ed-4ef2-8e04-4d4ff2853933,PerStrCnt,virtualCLSmini_PV1/DGEN1.PerStrCnt,,origin.orIdent,virtualCLSmini_PV1/DGEN1.PerStrCnt.origin.orIdent,0ab71d02-e736-48c7-98b2-fb1bad797e30
1380,277,3b2e8ecd-41ed-4ef2-8e04-4d4ff2853933,PerStrCnt,virtualCLSmini_PV1/DGEN1.PerStrCnt,,ctlNum,virtualCLSmini_PV1/DGEN1.PerStrCnt.ctlNum,80f9f70f-dbe6-44da-a717-6651a8c291ab
1381,277,3b2e8ecd-41ed-4ef2-8e04-4d4ff2853933,PerStrCnt,virtualCLSmini_PV1/DGEN1.PerStrCnt,,stVal,virtualCLSmini_PV1/DGEN1.PerStrCnt.stVal,63d61d1b-8643-40d4-ad77-825bfa3646fb
1382,277,3b2e8ecd-41ed-4ef2-8e04-4d4ff2853933,PerStrCnt,virtualCLSmini_PV1/DGEN1.PerStrCnt,,q,virtualCLSmini_PV1/DGEN1.PerStrCnt.q,29e8273f-32d7-42b4-9083-95cbc97e2119
1383,277,3b2e8ecd-41ed-4ef2-8e04-4d4ff2853933,PerStrCnt,virtualCLSmini_PV1/DGEN1.PerStrCnt,,t,virtualCLSmini_PV1/DGEN1.PerStrCnt.t,73159541-b8b7-497b-ad25-b9263cff2092
1384,277,3b2e8ecd-41ed-4ef2-8e04-4d4ff2853933,PerStrCnt,virtualCLSmini_PV1/DGEN1.PerStrCnt,,ctlModel,virtualCLSmini_PV1/DGEN1.PerStrCnt.ctlModel,5ba6f0c7-27f5-4634-ba4e-1e4a52740216
1385,277,3b2e8ecd-41ed-4ef2-8e04-4d4ff2853933,PerStrCnt,virtualCLSmini_PV1/DGEN1.PerStrCnt,,units.SIUnit,virtualCLSmini_PV1/DGEN1.PerStrCnt.units.SIUnit,9200894c-164e-4904-a418-bc18dfc2d058
1386,277,3b2e8ecd-41ed-4ef2-8e04-4d4ff2853933,PerStrCnt,virtualCLSmini_PV1/DGEN1.PerStrCnt,,ctlVal,virtualCLSmini_PV1/DGEN1.PerStrCnt.ctlVal,59804518-5d0d-449d-9311-e83835c23bb4
1387,277,3b2e8ecd-41ed-4ef2-8e04-4d4ff2853933,PerStrCnt,virtualCLSmini_PV1/DGEN1.PerStrCnt,,d,virtualCLSmini_PV1/DGEN1.PerStrCnt.d,ae4d0634-a67f-46d7-ae97-fee906806909
1388,278,b9e01ee5-0b9d-4fa0-80dc-07c8d396dfa9,OpTms,virtualCLSmini_PV1/DGEN1.OpTms,,origin.orCat,virtualCLSmini_PV1/DGEN1.OpTms.origin.orCat,ed1549ff-dcc4-4cbf-a798-facd852e0294
1389,278,b9e01ee5-0b9d-4fa0-80dc-07c8d396dfa9,OpTms,virtualCLSmini_PV1/DGEN1.OpTms,,origin.orIdent,virtualCLSmini_PV1/DGEN1.OpTms.origin.orIdent,23eb5047-2cb4-464a-b185-594c8f7d85eb
1390,278,b9e01ee5-0b9d-4fa0-80dc-07c8d396dfa9,OpTms,virtualCLSmini_PV1/DGEN1.OpTms,,ctlNum,virtualCLSmini_PV1/DGEN1.OpTms.ctlNum,810d4701-15b5-4808-afd2-816acb7755b7
1391,278,b9e01ee5-0b9d-4fa0-80dc-07c8d396dfa9,OpTms,virtualCLSmini_PV1/DGEN1.OpTms,,stVal,virtualCLSmini_PV1/DGEN1.OpTms.stVal,c1944601-1046-4b30-b1be-d6ce4be48435
1392,278,b9e01ee5-0b9d-4fa0-80dc-07c8d396dfa9,OpTms,virtualCLSmini_PV1/DGEN1.OpTms,,q,virtualCLSmini_PV1/DGEN1.OpTms.q,c74ee93a-c557-4111-b27f-551e6c4fa670
1393,278,b9e01ee5-0b9d-4fa0-80dc-07c8d396dfa9,OpTms,virtualCLSmini_PV1/DGEN1.OpTms,,t,virtualCLSmini_PV1/DGEN1.OpTms.t,ff610cdc-bb27-4f43-933e-f4c080166cb5
1394,278,b9e01ee5-0b9d-4fa0-80dc-07c8d396dfa9,OpTms,virtualCLSmini_PV1/DGEN1.OpTms,,ctlModel,virtualCLSmini_PV1/DGEN1.OpTms.ctlModel,080ad4e5-a754-4c45-bf3f-2b55a522a296
1395,278,b9e01ee5-0b9d-4fa0-80dc-07c8d396dfa9,OpTms,virtualCLSmini_PV1/DGEN1.OpTms,,units.SIUnit,virtualCLSmini_PV1/DGEN1.OpTms.units.SIUnit,50dacbb3-67c8-4c37-bfb6-9fd7d18bb5a2
1396,278,b9e01ee5-0b9d-4fa0-80dc-07c8d396dfa9,OpTms,virtualCLSmini_PV1/DGEN1.OpTms,,ctlVal,virtualCLSmini_PV1/DGEN1.OpTms.ctlVal,1991d2a9-8be2-4de4-9441-704e0707ef78
1397,278,b9e01ee5-0b9d-4fa0-80dc-07c8d396dfa9,OpTms,virtualCLSmini_PV1/DGEN1.OpTms,,d,virtualCLSmini_PV1/DGEN1.OpTms.d,99abbcd0-612e-4bf3-b68e-9f99e23abf6c
1398,279,74de7ce2-c5f4-42ee-b151-188013de77f3,GnEnPerRs,virtualCLSmini_PV1/DGEN1.GnEnPerRs,,origin.orCat,virtualCLSmini_PV1/DGEN1.GnEnPerRs.origin.orCat,e3e0ef14-b885-4c27-b8af-28a9e9301fe0
1399,279,74de7ce2-c5f4-42ee-b151-188013de77f3,GnEnPerRs,virtualCLSmini_PV1/DGEN1.GnEnPerRs,,origin.orIdent,virtualCLSmini_PV1/DGEN1.GnEnPerRs.origin.orIdent,d3151219-12f8-4db3-9acd-fa718c3f558a
1400,279,74de7ce2-c5f4-42ee-b151-188013de77f3,GnEnPerRs,virtualCLSmini_PV1/DGEN1.GnEnPerRs,,ctlNum,virtualCLSmini_PV1/DGEN1.GnEnPerRs.ctlNum,52261d95-ea31-40b2-ac93-67eaf4137c95
1401,279,74de7ce2-c5f4-42ee-b151-188013de77f3,GnEnPerRs,virtualCLSmini_PV1/DGEN1.GnEnPerRs,,stVal,virtualCLSmini_PV1/DGEN1.GnEnPerRs.stVal,2353f0ba-8d94-494c-aa4f-4a6e62c2b2dd
1402,279,74de7ce2-c5f4-42ee-b151-188013de77f3,GnEnPerRs,virtualCLSmini_PV1/DGEN1.GnEnPerRs,,q,virtualCLSmini_PV1/DGEN1.GnEnPerRs.q,0369bf6a-03d0-4af3-b488-0797658e4d99
1403,279,74de7ce2-c5f4-42ee-b151-188013de77f3,GnEnPerRs,virtualCLSmini_PV1/DGEN1.GnEnPerRs,,t,virtualCLSmini_PV1/DGEN1.GnEnPerRs.t,65eb629d-c34b-47aa-98c9-733abdbd2044
1404,279,74de7ce2-c5f4-42ee-b151-188013de77f3,GnEnPerRs,virtualCLSmini_PV1/DGEN1.GnEnPerRs,,ctlModel,virtualCLSmini_PV1/DGEN1.GnEnPerRs.ctlModel,3dc6e346-7da9-4218-918e-75935f706acd
1405,279,74de7ce2-c5f4-42ee-b151-188013de77f3,GnEnPerRs,virtualCLSmini_PV1/DGEN1.GnEnPerRs,,ctlVal,virtualCLSmini_PV1/DGEN1.GnEnPerRs.ctlVal,ef259293-e034-476c-b2ff-07e63ed46398
1406,279,74de7ce2-c5f4-42ee-b151-188013de77f3,GnEnPerRs,virtualCLSmini_PV1/DGEN1.GnEnPerRs,,d,virtualCLSmini_PV1/DGEN1.GnEnPerRs.d,f267d474-79e1-45c9-90bf-149ae2a347b1
1407,280,56197898-e9b6-4e79-833b-8790996e83a6,DEROpStCtl,virtualCLSmini_PV1/DGEN1.DEROpStCtl,,origin.orCat,virtualCLSmini_PV1/DGEN1.DEROpStCtl.origin.orCat,ef5bf644-834f-4609-99bc-38070dcd4539
1408,280,56197898-e9b6-4e79-833b-8790996e83a6,DEROpStCtl,virtualCLSmini_PV1/DGEN1.DEROpStCtl,,origin.orIdent,virtualCLSmini_PV1/DGEN1.DEROpStCtl.origin.orIdent,1ac12d13-c7de-49b4-bfde-7645b413206e
1409,280,56197898-e9b6-4e79-833b-8790996e83a6,DEROpStCtl,virtualCLSmini_PV1/DGEN1.DEROpStCtl,,ctlNum,virtualCLSmini_PV1/DGEN1.DEROpStCtl.ctlNum,292b93cf-c36f-4a0d-a187-650aa9481456
1410,280,56197898-e9b6-4e79-833b-8790996e83a6,DEROpStCtl,virtualCLSmini_PV1/DGEN1.DEROpStCtl,,stVal,virtualCLSmini_PV1/DGEN1.DEROpStCtl.stVal,c08f0255-d09f-4d28-b87a-dcd4532ecd38
1411,280,56197898-e9b6-4e79-833b-8790996e83a6,DEROpStCtl,virtualCLSmini_PV1/DGEN1.DEROpStCtl,,q,virtualCLSmini_PV1/DGEN1.DEROpStCtl.q,f673145b-fca0-4127-aa51-0354718f951e
1412,280,56197898-e9b6-4e79-833b-8790996e83a6,DEROpStCtl,virtualCLSmini_PV1/DGEN1.DEROpStCtl,,t,virtualCLSmini_PV1/DGEN1.DEROpStCtl.t,7c309edd-7324-4842-9d6f-3ef03e86ad36
1413,280,56197898-e9b6-4e79-833b-8790996e83a6,DEROpStCtl,virtualCLSmini_PV1/DGEN1.DEROpStCtl,,ctlModel,virtualCLSmini_PV1/DGEN1.DEROpStCtl.ctlModel,4b1aeac5-43c7-4665-a309-bad31326c6a7
1414,280,56197898-e9b6-4e79-833b-8790996e83a6,DEROpStCtl,virtualCLSmini_PV1/DGEN1.DEROpStCtl,,ctlVal,virtualCLSmini_PV1/DGEN1.DEROpStCtl.ctlVal,22501f48-c1c2-4b00-a84a-885fd2481765
1415,280,56197898-e9b6-4e79-833b-8790996e83a6,DEROpStCtl,virtualCLSmini_PV1/DGEN1.DEROpStCtl,,d,virtualCLSmini_PV1/DGEN1.DEROpStCtl.d,405a8cab-5142-4944-8ac4-cfd15f10cb8f
1416,281,be068813-b87d-483c-966a-8e28c4957070,WSpt,virtualCLSmini_PV1/DGEN1.WSpt,,origin.orCat,virtualCLSmini_PV1/DGEN1.WSpt.origin.orCat,a927f0cc-bc7c-476b-ac1d-ba92fa1d234d
1417,281,be068813-b87d-483c-966a-8e28c4957070,WSpt,virtualCLSmini_PV1/DGEN1.WSpt,,origin.orIdent,virtualCLSmini_PV1/DGEN1.WSpt.origin.orIdent,4aaa0013-30bd-4bcb-b8a2-5ddbac1d014c
1418,281,be068813-b87d-483c-966a-8e28c4957070,WSpt,virtualCLSmini_PV1/DGEN1.WSpt,,ctlNum,virtualCLSmini_PV1/DGEN1.WSpt.ctlNum,9c892b70-27fe-4fa5-adf1-7f98353e51bd
1419,281,be068813-b87d-483c-966a-8e28c4957070,WSpt,virtualCLSmini_PV1/DGEN1.WSpt,,mxVal.f,virtualCLSmini_PV1/DGEN1.WSpt.mxVal.f,d284bf2f-f085-4734-98bf-0751737303a1
1420,281,be068813-b87d-483c-966a-8e28c4957070,WSpt,virtualCLSmini_PV1/DGEN1.WSpt,,q,virtualCLSmini_PV1/DGEN1.WSpt.q,6942013c-967b-4af9-b969-c74e9f407995
1421,281,be068813-b87d-483c-966a-8e28c4957070,WSpt,virtualCLSmini_PV1/DGEN1.WSpt,,t,virtualCLSmini_PV1/DGEN1.WSpt.t,ccde1f02-8f99-4319-ad9f-62d824f49195
1422,281,be068813-b87d-483c-966a-8e28c4957070,WSpt,virtualCLSmini_PV1/DGEN1.WSpt,,units.SIUnit,virtualCLSmini_PV1/DGEN1.WSpt.units.SIUnit,3ced8cc6-ef9c-4551-8fd3-3b8811fe659a
1423,281,be068813-b87d-483c-966a-8e28c4957070,WSpt,virtualCLSmini_PV1/DGEN1.WSpt,,ctlModel,virtualCLSmini_PV1/DGEN1.WSpt.ctlModel,ab6aa190-2315-47d4-b8c5-4705f6bbc489
1424,281,be068813-b87d-483c-966a-8e28c4957070,WSpt,virtualCLSmini_PV1/DGEN1.WSpt,,ctlVal.f,virtualCLSmini_PV1/DGEN1.WSpt.ctlVal.f,0a5b4abc-744c-4d14-b5eb-4f8665f22b55
1425,281,be068813-b87d-483c-966a-8e28c4957070,WSpt,virtualCLSmini_PV1/DGEN1.WSpt,,d,virtualCLSmini_PV1/DGEN1.WSpt.d,f9e53c3c-fef0-449c-9e06-15d16e6a94c3
1426,282,38a27871-8464-41c3-aff7-1c8160d359cd,VArSpt,virtualCLSmini_PV1/DGEN1.VArSpt,,origin.orCat,virtualCLSmini_PV1/DGEN1.VArSpt.origin.orCat,eff8f883-e0a9-4b71-ab7e-aa8c1a6b4179
1427,282,38a27871-8464-41c3-aff7-1c8160d359cd,VArSpt,virtualCLSmini_PV1/DGEN1.VArSpt,,origin.orIdent,virtualCLSmini_PV1/DGEN1.VArSpt.origin.orIdent,451b5deb-a4df-4c25-9b75-21e636267a7d
1428,282,38a27871-8464-41c3-aff7-1c8160d359cd,VArSpt,virtualCLSmini_PV1/DGEN1.VArSpt,,ctlNum,virtualCLSmini_PV1/DGEN1.VArSpt.ctlNum,a6a936e2-bac2-4f81-b1d2-7f77d986a7c9
1429,282,38a27871-8464-41c3-aff7-1c8160d359cd,VArSpt,virtualCLSmini_PV1/DGEN1.VArSpt,,mxVal.f,virtualCLSmini_PV1/DGEN1.VArSpt.mxVal.f,b283f71a-178e-4e75-a0a6-00dd3407386f
1430,282,38a27871-8464-41c3-aff7-1c8160d359cd,VArSpt,virtualCLSmini_PV1/DGEN1.VArSpt,,q,virtualCLSmini_PV1/DGEN1.VArSpt.q,97d89900-1482-42df-8e33-8734ed5a0819
1431,282,38a27871-8464-41c3-aff7-1c8160d359cd,VArSpt,virtualCLSmini_PV1/DGEN1.VArSpt,,t,virtualCLSmini_PV1/DGEN1.VArSpt.t,0523ee6c-4d7d-49d0-98ac-7b99efb553b1
1432,282,38a27871-8464-41c3-aff7-1c8160d359cd,VArSpt,virtualCLSmini_PV1/DGEN1.VArSpt,,units.SIUnit,virtualCLSmini_PV1/DGEN1.VArSpt.units.SIUnit,37bec1dd-6843-43e0-b346-d807d30969fb
1433,282,38a27871-8464-41c3-aff7-1c8160d359cd,VArSpt,virtualCLSmini_PV1/DGEN1.VArSpt,,ctlModel,virtualCLSmini_PV1/DGEN1.VArSpt.ctlModel,aed49491-273e-4352-877f-bdfa6b34b937
1434,282,38a27871-8464-41c3-aff7-1c8160d359cd,VArSpt,virtualCLSmini_PV1/DGEN1.VArSpt,,ctlVal.f,virtualCLSmini_PV1/DGEN1.VArSpt.ctlVal.f,262f221f-9d60-4c2b-9393-ce4601f0b6c5
1435,282,38a27871-8464-41c3-aff7-1c8160d359cd,VArSpt,virtualCLSmini_PV1/DGEN1.VArSpt,,d,virtualCLSmini_PV1/DGEN1.VArSpt.d,fc6fca83-8684-42ca-ab18-03d9920bac12
1436,283,c3167802-7206-4902-b24d-b618e4ef3446,OutWSet,virtualCLSmini_PV1/DGEN1.OutWSet,,setMag.f,virtualCLSmini_PV1/DGEN1.OutWSet.setMag.f,f153895a-eebc-4893-8a46-fc9eafd6819b
1437,283,c3167802-7206-4902-b24d-b618e4ef3446,OutWSet,virtualCLSmini_PV1/DGEN1.OutWSet,,units.SIUnit,virtualCLSmini_PV1/DGEN1.OutWSet.units.SIUnit,fa7e577f-b7ad-4005-8615-970d78d0f0db
1438,283,c3167802-7206-4902-b24d-b618e4ef3446,OutWSet,virtualCLSmini_PV1/DGEN1.OutWSet,,d,virtualCLSmini_PV1/DGEN1.OutWSet.d,2d623c2e-7c70-46c7-a1c6-d36c1b90f63c
1439,284,b02fe9c4-f099-463d-95ea-9a217cb3c951,OutVarSet,virtualCLSmini_PV1/DGEN1.OutVarSet,,setMag.f,virtualCLSmini_PV1/DGEN1.OutVarSet.setMag.f,a06497e2-733e-4bf8-a086-573df08e4b58
1440,284,b02fe9c4-f099-463d-95ea-9a217cb3c951,OutVarSet,virtualCLSmini_PV1/DGEN1.OutVarSet,,units.SIUnit,virtualCLSmini_PV1/DGEN1.OutVarSet.units.SIUnit,9f2d1b15-46b8-4b59-a947-21ea62b8779d
1441,284,b02fe9c4-f099-463d-95ea-9a217cb3c951,OutVarSet,virtualCLSmini_PV1/DGEN1.OutVarSet,,d,virtualCLSmini_PV1/DGEN1.OutVarSet.d,883c250c-cc03-4095-80c9-72298e67ee81
1442,285,7bb5ab38-32bb-44bb-9d13-7290d86e4168,OpCntRs,virtualCLSmini_PV1/DGEN1.OpCntRs,,origin.orCat,virtualCLSmini_PV1/DGEN1.OpCntRs.origin.orCat,59c8664e-2f9f-4e59-9b8d-7b89ce69f9de
1443,285,7bb5ab38-32bb-44bb-9d13-7290d86e4168,OpCntRs,virtualCLSmini_PV1/DGEN1.OpCntRs,,origin.orIdent,virtualCLSmini_PV1/DGEN1.OpCntRs.origin.orIdent,ad10a305-2e0a-45a6-9fb2-86e528ba90e8
1444,285,7bb5ab38-32bb-44bb-9d13-7290d86e4168,OpCntRs,virtualCLSmini_PV1/DGEN1.OpCntRs,,ctlNum,virtualCLSmini_PV1/DGEN1.OpCntRs.ctlNum,12d83727-870c-49ab-b862-ce0d9bc19fc9
1445,285,7bb5ab38-32bb-44bb-9d13-7290d86e4168,OpCntRs,virtualCLSmini_PV1/DGEN1.OpCntRs,,stVal,virtualCLSmini_PV1/DGEN1.OpCntRs.stVal,74624a40-eec4-4c70-aafa-b2551fbd1834
1446,285,7bb5ab38-32bb-44bb-9d13-7290d86e4168,OpCntRs,virtualCLSmini_PV1/DGEN1.OpCntRs,,q,virtualCLSmini_PV1/DGEN1.OpCntRs.q,48fb45e3-bca3-465c-80e2-b3f4ca68d708
1447,285,7bb5ab38-32bb-44bb-9d13-7290d86e4168,OpCntRs,virtualCLSmini_PV1/DGEN1.OpCntRs,,t,virtualCLSmini_PV1/DGEN1.OpCntRs.t,5f43dc1f-832c-4f26-b79a-28216901b357
1448,285,7bb5ab38-32bb-44bb-9d13-7290d86e4168,OpCntRs,virtualCLSmini_PV1/DGEN1.OpCntRs,,ctlModel,virtualCLSmini_PV1/DGEN1.OpCntRs.ctlModel,cd5c269b-3f1c-4860-90f2-9e0c77e22bb4
1449,285,7bb5ab38-32bb-44bb-9d13-7290d86e4168,OpCntRs,virtualCLSmini_PV1/DGEN1.OpCntRs,,units.SIUnit,virtualCLSmini_PV1/DGEN1.OpCntRs.units.SIUnit,bd9502e7-86df-4eb9-9e55-81d45053aa7f
1450,285,7bb5ab38-32bb-44bb-9d13-7290d86e4168,OpCntRs,virtualCLSmini_PV1/DGEN1.OpCntRs,,ctlVal,virtualCLSmini_PV1/DGEN1.OpCntRs.ctlVal,506bcdf1-b117-474e-92fa-6610e3e95798
1451,285,7bb5ab38-32bb-44bb-9d13-7290d86e4168,OpCntRs,virtualCLSmini_PV1/DGEN1.OpCntRs,,d,virtualCLSmini_PV1/DGEN1.OpCntRs.d,4c50956c-82a9-4ba6-8483-186e7512ced1
1452,286,12d5befc-3c8a-4728-9d22-2dd1b005d5a2,WMaxRtg,virtualCLSmini_PV1/DGEN1.WMaxRtg,,setMag.f,virtualCLSmini_PV1/DGEN1.WMaxRtg.setMag.f,2c48baf9-148d-43c0-8034-311eae54c1ff
1453,286,12d5befc-3c8a-4728-9d22-2dd1b005d5a2,WMaxRtg,virtualCLSmini_PV1/DGEN1.WMaxRtg,,units.SIUnit,virtualCLSmini_PV1/DGEN1.WMaxRtg.units.SIUnit,a7736abb-c4a2-41c0-87e7-e6b0a97bc30e
1454,286,12d5befc-3c8a-4728-9d22-2dd1b005d5a2,WMaxRtg,virtualCLSmini_PV1/DGEN1.WMaxRtg,,d,virtualCLSmini_PV1/DGEN1.WMaxRtg.d,ad0293e7-57b8-41b6-bd5a-8c63a84a3aca
1455,287,55743f99-55b1-4d57-8c3a-a4dd884f4256,VAMaxRtg,virtualCLSmini_PV1/DGEN1.VAMaxRtg,,setMag.f,virtualCLSmini_PV1/DGEN1.VAMaxRtg.setMag.f,53681f4c-7b51-495a-9e3a-fdde19244185
1456,287,55743f99-55b1-4d57-8c3a-a4dd884f4256,VAMaxRtg,virtualCLSmini_PV1/DGEN1.VAMaxRtg,,units.SIUnit,virtualCLSmini_PV1/DGEN1.VAMaxRtg.units.SIUnit,2970ec63-5e6d-4030-8968-f4332787fc6f
1457,287,55743f99-55b1-4d57-8c3a-a4dd884f4256,VAMaxRtg,virtualCLSmini_PV1/DGEN1.VAMaxRtg,,d,virtualCLSmini_PV1/DGEN1.VAMaxRtg.d,d73308e1-f3cc-4108-b511-663eee11ec00
1458,288,f7223373-890d-4690-94fc-5b0e679f90c8,VArMaxRtg,virtualCLSmini_PV1/DGEN1.VArMaxRtg,,setMag.f,virtualCLSmini_PV1/DGEN1.VArMaxRtg.setMag.f,3d66a52b-735e-415e-8b66-be401baddbc1
1459,288,f7223373-890d-4690-94fc-5b0e679f90c8,VArMaxRtg,virtualCLSmini_PV1/DGEN1.VArMaxRtg,,units.SIUnit,virtualCLSmini_PV1/DGEN1.VArMaxRtg.units.SIUnit,883b1fbb-5a57-4f90-817f-a6febeeb655a
1460,288,f7223373-890d-4690-94fc-5b0e679f90c8,VArMaxRtg,virtualCLSmini_PV1/DGEN1.VArMaxRtg,,d,virtualCLSmini_PV1/DGEN1.VArMaxRtg.d,4c24cc02-ddda-40bc-8ac6-265bfaca6eac
1461,289,9bf57451-3c72-4108-bc9a-cfe8d865e8e9,AvarMaxRtg,virtualCLSmini_PV1/DGEN1.AvarMaxRtg,,setMag.f,virtualCLSmini_PV1/DGEN1.AvarMaxRtg.setMag.f,0776136d-4835-4b6f-9da4-86b750046463
1462,289,9bf57451-3c72-4108-bc9a-cfe8d865e8e9,AvarMaxRtg,virtualCLSmini_PV1/DGEN1.AvarMaxRtg,,units.SIUnit,virtualCLSmini_PV1/DGEN1.AvarMaxRtg.units.SIUnit,8d63aabc-f709-458a-94eb-a5b16602a62b
1463,289,9bf57451-3c72-4108-bc9a-cfe8d865e8e9,AvarMaxRtg,virtualCLSmini_PV1/DGEN1.AvarMaxRtg,,d,virtualCLSmini_PV1/DGEN1.AvarMaxRtg.d,1bb3f395-337f-42aa-b5c9-a36ad176291f
1464,290,2dbca70e-795d-485d-ac33-6120607c5acf,IvarMaxRtg,virtualCLSmini_PV1/DGEN1.IvarMaxRtg,,setMag.f,virtualCLSmini_PV1/DGEN1.IvarMaxRtg.setMag.f,5753de84-5141-495f-8f0b-505043dbf1d6
1465,290,2dbca70e-795d-485d-ac33-6120607c5acf,IvarMaxRtg,virtualCLSmini_PV1/DGEN1.IvarMaxRtg,,units.SIUnit,virtualCLSmini_PV1/DGEN1.IvarMaxRtg.units.SIUnit,a614f41b-4c07-401a-947b-f0b2660f8795
1466,290,2dbca70e-795d-485d-ac33-6120607c5acf,IvarMaxRtg,virtualCLSmini_PV1/DGEN1.IvarMaxRtg,,d,virtualCLSmini_PV1/DGEN1.IvarMaxRtg.d,5ea989fc-6979-4d4a-9432-3d94b3573b80
1467,291,deaa2269-8e1e-462a-82a0-371b3c7cfbca,AMaxRtg,virtualCLSmini_PV1/DGEN1.AMaxRtg,,setMag.f,virtualCLSmini_PV1/DGEN1.AMaxRtg.setMag.f,069939fa-adc7-492d-a5b4-b4fca127f856
1468,291,deaa2269-8e1e-462a-82a0-371b3c7cfbca,AMaxRtg,virtualCLSmini_PV1/DGEN1.AMaxRtg,,units.SIUnit,virtualCLSmini_PV1/DGEN1.AMaxRtg.units.SIUnit,e1063854-5bb8-4e16-af9f-fec2c01e1f08
1469,291,deaa2269-8e1e-462a-82a0-371b3c7cfbca,AMaxRtg,virtualCLSmini_PV1/DGEN1.AMaxRtg,,d,virtualCLSmini_PV1/DGEN1.AMaxRtg.d,0c3c24b3-6624-49c1-b134-599b5f0a25fe
1470,292,b91695c1-80f0-4b47-bb11-fb028b1741cb,VMaxRtg,virtualCLSmini_PV1/DGEN1.VMaxRtg,,setMag.f,virtualCLSmini_PV1/DGEN1.VMaxRtg.setMag.f,46ef6f5a-dce5-4667-86f8-206ff60faf06
1471,292,b91695c1-80f0-4b47-bb11-fb028b1741cb,VMaxRtg,virtualCLSmini_PV1/DGEN1.VMaxRtg,,units.SIUnit,virtualCLSmini_PV1/DGEN1.VMaxRtg.units.SIUnit,7911d847-0e34-44c4-a761-9d472ec5d1bc
1472,292,b91695c1-80f0-4b47-bb11-fb028b1741cb,VMaxRtg,virtualCLSmini_PV1/DGEN1.VMaxRtg,,d,virtualCLSmini_PV1/DGEN1.VMaxRtg.d,fcd39206-c58d-491c-927a-a9ea3ef57953
1473,293,4e6bbcca-e149-4a28-a86e-e3b8c1632c9b,VMinRtg,virtualCLSmini_PV1/DGEN1.VMinRtg,,setMag.f,virtualCLSmini_PV1/DGEN1.VMinRtg.setMag.f,51fbe08a-c8d3-442d-aaf7-18187a848c28
1474,293,4e6bbcca-e149-4a28-a86e-e3b8c1632c9b,VMinRtg,virtualCLSmini_PV1/DGEN1.VMinRtg,,units.SIUnit,virtualCLSmini_PV1/DGEN1.VMinRtg.units.SIUnit,bd67fa8e-e73e-4de1-a5e5-62026570f829
1475,293,4e6bbcca-e149-4a28-a86e-e3b8c1632c9b,VMinRtg,virtualCLSmini_PV1/DGEN1.VMinRtg,,d,virtualCLSmini_PV1/DGEN1.VMinRtg.d,e6aa6dc1-9a7a-4c99-aec2-0946e2e0fcc9
1476,294,25eb030f-467e-4209-9535-cd3eebcc94cb,WRpuMaxRtg,virtualCLSmini_PV1/DGEN1.WRpuMaxRtg,,setMag.f,virtualCLSmini_PV1/DGEN1.WRpuMaxRtg.setMag.f,0adf8316-ed2b-4a22-8d0e-841ed782374a
1477,294,25eb030f-467e-4209-9535-cd3eebcc94cb,WRpuMaxRtg,virtualCLSmini_PV1/DGEN1.WRpuMaxRtg,,units.SIUnit,virtualCLSmini_PV1/DGEN1.WRpuMaxRtg.units.SIUnit,05680ed0-844b-42cf-9bd8-5afac600ddf0
1478,294,25eb030f-467e-4209-9535-cd3eebcc94cb,WRpuMaxRtg,virtualCLSmini_PV1/DGEN1.WRpuMaxRtg,,d,virtualCLSmini_PV1/DGEN1.WRpuMaxRtg.d,bbb5f498-ebf9-453e-afe5-912d3b596803
1479,295,ee19e50e-474a-4765-9c8a-0e229a074586,WRpdMaxRtg,virtualCLSmini_PV1/DGEN1.WRpdMaxRtg,,setMag.f,virtualCLSmini_PV1/DGEN1.WRpdMaxRtg.setMag.f,f5044e18-8b61-45f3-87ec-3a3356c314da
1480,295,ee19e50e-474a-4765-9c8a-0e229a074586,WRpdMaxRtg,virtualCLSmini_PV1/DGEN1.WRpdMaxRtg,,units.SIUnit,virtualCLSmini_PV1/DGEN1.WRpdMaxRtg.units.SIUnit,1d4179aa-64ef-40d2-b563-2bdc940703b1
1481,295,ee19e50e-474a-4765-9c8a-0e229a074586,WRpdMaxRtg,virtualCLSmini_PV1/DGEN1.WRpdMaxRtg,,d,virtualCLSmini_PV1/DGEN1.WRpdMaxRtg.d,b240d683-c5c0-48d9-a33e-15d8c264ea24
1482,296,c0bac512-08a9-4a4f-a662-4bde79bbc236,CtbWMaxRtg,virtualCLSmini_PV1/DGEN1.CtbWMaxRtg,,setMag.f,virtualCLSmini_PV1/DGEN1.CtbWMaxRtg.setMag.f,99372c0d-f32a-44d2-a574-43e3026cabb4
1483,296,c0bac512-08a9-4a4f-a662-4bde79bbc236,CtbWMaxRtg,virtualCLSmini_PV1/DGEN1.CtbWMaxRtg,,units.SIUnit,virtualCLSmini_PV1/DGEN1.CtbWMaxRtg.units.SIUnit,c36100d9-d0fa-403d-a9ac-b2c923a6dc65
1484,296,c0bac512-08a9-4a4f-a662-4bde79bbc236,CtbWMaxRtg,virtualCLSmini_PV1/DGEN1.CtbWMaxRtg,,d,virtualCLSmini_PV1/DGEN1.CtbWMaxRtg.d,90f06d36-973d-4379-ab72-d0fd71ca6443
1485,297,5cc35f9b-1796-4701-a546-70116ac4e425,CtbVArMaxRtg,virtualCLSmini_PV1/DGEN1.CtbVArMaxRtg,,setMag.f,virtualCLSmini_PV1/DGEN1.CtbVArMaxRtg.setMag.f,bd656cdf-8fd5-49c2-9dd2-da1b185368ca
1486,297,5cc35f9b-1796-4701-a546-70116ac4e425,CtbVArMaxRtg,virtualCLSmini_PV1/DGEN1.CtbVArMaxRtg,,units.SIUnit,virtualCLSmini_PV1/DGEN1.CtbVArMaxRtg.units.SIUnit,83b6a30e-1fe3-4b35-af05-597198b21e4e
1487,297,5cc35f9b-1796-4701-a546-70116ac4e425,CtbVArMaxRtg,virtualCLSmini_PV1/DGEN1.CtbVArMaxRtg,,d,virtualCLSmini_PV1/DGEN1.CtbVArMaxRtg.d,6655e711-88a3-423a-8886-e69179b827fd
1488,298,505bbd5a-fac5-4bfd-9c1c-e93667ef920e,WMax,virtualCLSmini_PV1/DGEN1.WMax,,setMag.f,virtualCLSmini_PV1/DGEN1.WMax.setMag.f,3217d5a6-b4d3-4325-a828-60e8528cb52c
1489,298,505bbd5a-fac5-4bfd-9c1c-e93667ef920e,WMax,virtualCLSmini_PV1/DGEN1.WMax,,units.SIUnit,virtualCLSmini_PV1/DGEN1.WMax.units.SIUnit,f4766c1d-e70d-4241-a829-5e219f7f86ee
1490,298,505bbd5a-fac5-4bfd-9c1c-e93667ef920e,WMax,virtualCLSmini_PV1/DGEN1.WMax,,d,virtualCLSmini_PV1/DGEN1.WMax.d,67324832-2940-4d54-9224-0c4f5df04284
1491,299,0939e79c-8c0d-4117-8550-398a81f859b8,WRmp,virtualCLSmini_PV1/DGEN1.WRmp,,setMag.f,virtualCLSmini_PV1/DGEN1.WRmp.setMag.f,56585528-8511-4b21-b50a-2fdd586d024d
1492,299,0939e79c-8c0d-4117-8550-398a81f859b8,WRmp,virtualCLSmini_PV1/DGEN1.WRmp,,units.SIUnit,virtualCLSmini_PV1/DGEN1.WRmp.units.SIUnit,7380bbb6-728f-462e-ac84-add4361227e3
1493,299,0939e79c-8c0d-4117-8550-398a81f859b8,WRmp,virtualCLSmini_PV1/DGEN1.WRmp,,d,virtualCLSmini_PV1/DGEN1.WRmp.d,2598e34a-c22f-483d-9282-5d1f1cace1cd
1494,300,357131b5-6256-41ba-b8a8-c242ef05ca7c,VArMax,virtualCLSmini_PV1/DGEN1.VArMax,,setMag.f,virtualCLSmini_PV1/DGEN1.VArMax.setMag.f,ac2e25ba-6fce-400a-bbff-c307a1892406
1495,300,357131b5-6256-41ba-b8a8-c242ef05ca7c,VArMax,virtualCLSmini_PV1/DGEN1.VArMax,,units.SIUnit,virtualCLSmini_PV1/DGEN1.VArMax.units.SIUnit,45a356b6-01b7-4865-a925-98b852d0403d
1496,300,357131b5-6256-41ba-b8a8-c242ef05ca7c,VArMax,virtualCLSmini_PV1/DGEN1.VArMax,,d,virtualCLSmini_PV1/DGEN1.VArMax.d,571e7669-2205-4786-b325-d0c466e7b59e
1497,301,bf7b63de-7f54-482a-ba72-b29b6531807c,AvarMax,virtualCLSmini_PV1/DGEN1.AvarMax,,setMag.f,virtualCLSmini_PV1/DGEN1.AvarMax.setMag.f,91d34afe-b686-4197-9dbf-63072f1a3cb9
1498,301,bf7b63de-7f54-482a-ba72-b29b6531807c,AvarMax,virtualCLSmini_PV1/DGEN1.AvarMax,,units.SIUnit,virtualCLSmini_PV1/DGEN1.AvarMax.units.SIUnit,075563b6-38b4-462b-89f7-af2943444f74
1499,301,bf7b63de-7f54-482a-ba72-b29b6531807c,AvarMax,virtualCLSmini_PV1/DGEN1.AvarMax,,d,virtualCLSmini_PV1/DGEN1.AvarMax.d,fa0d6050-3bb6-4a92-b6af-7e54d00d7429
1500,302,1813546a-8b1f-4971-9402-19fc9e643461,IvarMax,virtualCLSmini_PV1/DGEN1.IvarMax,,setMag.f,virtualCLSmini_PV1/DGEN1.IvarMax.setMag.f,1413c147-e8f5-4a18-9895-0634e1c850a8
1501,302,1813546a-8b1f-4971-9402-19fc9e643461,IvarMax,virtualCLSmini_PV1/DGEN1.IvarMax,,units.SIUnit,virtualCLSmini_PV1/DGEN1.IvarMax.units.SIUnit,4530a5a1-4946-4b73-98a3-0bf5248a6696
1502,302,1813546a-8b1f-4971-9402-19fc9e643461,IvarMax,virtualCLSmini_PV1/DGEN1.IvarMax,,d,virtualCLSmini_PV1/DGEN1.IvarMax.d,b349b1b9-4294-4f89-9bab-b18e69edab9f
1503,303,f4325162-bb56-4263-8b41-528b43d22c1a,VMax,virtualCLSmini_PV1/DGEN1.VMax,,setMag.f,virtualCLSmini_PV1/DGEN1.VMax.setMag.f,3cd659a7-1279-4b3a-a21f-ae4bde35422f
1504,303,f4325162-bb56-4263-8b41-528b43d22c1a,VMax,virtualCLSmini_PV1/DGEN1.VMax,,units.SIUnit,virtualCLSmini_PV1/DGEN1.VMax.units.SIUnit,0ef9471a-4e60-4b03-be5b-1b385cf85257
1505,303,f4325162-bb56-4263-8b41-528b43d22c1a,VMax,virtualCLSmini_PV1/DGEN1.VMax,,d,virtualCLSmini_PV1/DGEN1.VMax.d,46cef7da-19c7-4e73-8e7c-ad4170363b1f
1506,304,8902535a-a3f1-4894-9e45-d700d4ac01ed,VMin,virtualCLSmini_PV1/DGEN1.VMin,,setMag.f,virtualCLSmini_PV1/DGEN1.VMin.setMag.f,cd577328-13c7-442d-a72c-e387e3608091
1507,304,8902535a-a3f1-4894-9e45-d700d4ac01ed,VMin,virtualCLSmini_PV1/DGEN1.VMin,,units.SIUnit,virtualCLSmini_PV1/DGEN1.VMin.units.SIUnit,dd0a91bf-bbd1-4366-992c-def19800a097
1508,304,8902535a-a3f1-4894-9e45-d700d4ac01ed,VMin,virtualCLSmini_PV1/DGEN1.VMin,,d,virtualCLSmini_PV1/DGEN1.VMin.d,69fea893-5c3c-4aa5-a097-6f26e8e119fa
1509,305,bc983198-75b0-4958-97cb-2c7340e3e0b6,AMax,virtualCLSmini_PV1/DGEN1.AMax,,setMag.f,virtualCLSmini_PV1/DGEN1.AMax.setMag.f,ad075b86-0d2e-4abe-a0e8-b4274b66eef3
1510,305,bc983198-75b0-4958-97cb-2c7340e3e0b6,AMax,virtualCLSmini_PV1/DGEN1.AMax,,units.SIUnit,virtualCLSmini_PV1/DGEN1.AMax.units.SIUnit,ed861996-f23b-481d-a3f3-d9eecedc57ed
1511,305,bc983198-75b0-4958-97cb-2c7340e3e0b6,AMax,virtualCLSmini_PV1/DGEN1.AMax,,d,virtualCLSmini_PV1/DGEN1.AMax.d,f77f822b-a8e5-4d8a-b8b4-a40164f0edd7
1512,306,5a6393ca-5d42-4026-abd3-f5664d24e6fe,VAMax,virtualCLSmini_PV1/DGEN1.VAMax,,setMag.f,virtualCLSmini_PV1/DGEN1.VAMax.setMag.f,7bfbd589-764c-410f-9985-a06ee7497700
1513,306,5a6393ca-5d42-4026-abd3-f5664d24e6fe,VAMax,virtualCLSmini_PV1/DGEN1.VAMax,,units.SIUnit,virtualCLSmini_PV1/DGEN1.VAMax.units.SIUnit,5314b4dd-4154-4178-bf2b-b982dae26745
1514,306,5a6393ca-5d42-4026-abd3-f5664d24e6fe,VAMax,virtualCLSmini_PV1/DGEN1.VAMax,,d,virtualCLSmini_PV1/DGEN1.VAMax.d,54a01eb8-5433-4b63-b665-6dbc64681b76
1515,307,b8ec5010-360b-49c2-9073-7b35c5ff3024,AvaMax,virtualCLSmini_PV1/DGEN1.AvaMax,,setMag.f,virtualCLSmini_PV1/DGEN1.AvaMax.setMag.f,e9c3e299-b77d-4783-9957-b95cd1ab5508
1516,307,b8ec5010-360b-49c2-9073-7b35c5ff3024,AvaMax,virtualCLSmini_PV1/DGEN1.AvaMax,,units.SIUnit,virtualCLSmini_PV1/DGEN1.AvaMax.units.SIUnit,896b745c-648c-4b2a-9151-99ac7a4087f8
1517,307,b8ec5010-360b-49c2-9073-7b35c5ff3024,AvaMax,virtualCLSmini_PV1/DGEN1.AvaMax,,d,virtualCLSmini_PV1/DGEN1.AvaMax.d,71284c75-619b-49e2-88f9-47739ab2850b
1518,308,11a921ac-8157-4ec1-8a50-55c63fd17810,IvaMax,virtualCLSmini_PV1/DGEN1.IvaMax,,setMag.f,virtualCLSmini_PV1/DGEN1.IvaMax.setMag.f,9f814874-beb0-4a42-81ca-fa62251b966c
1519,308,11a921ac-8157-4ec1-8a50-55c63fd17810,IvaMax,virtualCLSmini_PV1/DGEN1.IvaMax,,units.SIUnit,virtualCLSmini_PV1/DGEN1.IvaMax.units.SIUnit,f4888535-9d34-48d2-8375-7f776a3876a8
1520,308,11a921ac-8157-4ec1-8a50-55c63fd17810,IvaMax,virtualCLSmini_PV1/DGEN1.IvaMax,,d,virtualCLSmini_PV1/DGEN1.IvaMax.d,5a35215c-f736-48ea-a273-7e595b513277
1521,309,74b17b56-b796-4471-8229-15ef9106e745,VArSptRef,virtualCLSmini_PV1/DGEN1.VArSptRef,,setVal,virtualCLSmini_PV1/DGEN1.VArSptRef.setVal,f826ffa4-5501-43b6-b730-72c7528a2900
1522,309,74b17b56-b796-4471-8229-15ef9106e745,VArSptRef,virtualCLSmini_PV1/DGEN1.VArSptRef,,d,virtualCLSmini_PV1/DGEN1.VArSptRef.d,464cfd59-399f-4348-8132-add14a9cb34e
1523,310,2b8a6ade-ec22-4e4f-854a-cadaf23f9285,EcpConnTyp,virtualCLSmini_PV1/DGEN1.EcpConnTyp,,setVal,virtualCLSmini_PV1/DGEN1.EcpConnTyp.setVal,b0bd77cf-0742-4e81-989a-735c6431ae3c
1524,310,2b8a6ade-ec22-4e4f-854a-cadaf23f9285,EcpConnTyp,virtualCLSmini_PV1/DGEN1.EcpConnTyp,,d,virtualCLSmini_PV1/DGEN1.EcpConnTyp.d,20236702-fd44-4a53-8c06-2a9c65c58814
1525,311,95e44acc-e625-40b6-b222-77d2245604bd,PhsConnTyp,virtualCLSmini_PV1/DGEN1.PhsConnTyp,,setVal,virtualCLSmini_PV1/DGEN1.PhsConnTyp.setVal,c17f0c84-df6e-487d-8273-3fdd44eab36b
1526,311,95e44acc-e625-40b6-b222-77d2245604bd,PhsConnTyp,virtualCLSmini_PV1/DGEN1.PhsConnTyp,,d,virtualCLSmini_PV1/DGEN1.PhsConnTyp.d,7ca54696-a1eb-44f5-8a8c-8a3a2755134f
1527,312,3bc1ff54-5d5d-4abc-ad19-013f95e6cf4c,DERTyp,virtualCLSmini_PV1/DGEN1.DERTyp,,setVal,virtualCLSmini_PV1/DGEN1.DERTyp.setVal,f7d87095-da35-4448-999b-829b7cd63477
1528,312,3bc1ff54-5d5d-4abc-ad19-013f95e6cf4c,DERTyp,virtualCLSmini_PV1/DGEN1.DERTyp,,d,virtualCLSmini_PV1/DGEN1.DERTyp.d,1ad930ee-e086-423a-b4a0-56083242dc7f
1529,313,2bae8e18-a4c8-4f6f-8fd5-f6351148b6b6,TmpMaxRtg,virtualCLSmini_PV1/DGEN1.TmpMaxRtg,,setMag.f,virtualCLSmini_PV1/DGEN1.TmpMaxRtg.setMag.f,55404473-d2c8-4d66-a0f2-0f1a956e3448
1530,313,2bae8e18-a4c8-4f6f-8fd5-f6351148b6b6,TmpMaxRtg,virtualCLSmini_PV1/DGEN1.TmpMaxRtg,,units.SIUnit,virtualCLSmini_PV1/DGEN1.TmpMaxRtg.units.SIUnit,bde32eeb-73b6-487e-b69e-b7f28c5ef08c
1531,313,2bae8e18-a4c8-4f6f-8fd5-f6351148b6b6,TmpMaxRtg,virtualCLSmini_PV1/DGEN1.TmpMaxRtg,,d,virtualCLSmini_PV1/DGEN1.TmpMaxRtg.d,925724f1-9735-404e-abd9-dab6ec4dcb39
1532,314,54ed92e4-1441-4223-ba72-82b68afec045,SelfWRtg,virtualCLSmini_PV1/DGEN1.SelfWRtg,,setMag.f,virtualCLSmini_PV1/DGEN1.SelfWRtg.setMag.f,4f632c3c-9241-40f4-8a0a-1b4c55f045ae
1533,314,54ed92e4-1441-4223-ba72-82b68afec045,SelfWRtg,virtualCLSmini_PV1/DGEN1.SelfWRtg,,units.SIUnit,virtualCLSmini_PV1/DGEN1.SelfWRtg.units.SIUnit,2818cabb-fbff-4955-bed0-c09ffd31d4c0
1534,314,54ed92e4-1441-4223-ba72-82b68afec045,SelfWRtg,virtualCLSmini_PV1/DGEN1.SelfWRtg,,d,virtualCLSmini_PV1/DGEN1.SelfWRtg.d,98f02bf4-4f08-4075-9921-cf2e6649e898
1535,315,aa467356-9371-4639-b81a-ba1f52340f79,SelfVRtg,virtualCLSmini_PV1/DGEN1.SelfVRtg,,setMag.f,virtualCLSmini_PV1/DGEN1.SelfVRtg.setMag.f,5fc7c1a4-99f9-4c87-bd29-3dd1550ee1d1
1536,315,aa467356-9371-4639-b81a-ba1f52340f79,SelfVRtg,virtualCLSmini_PV1/DGEN1.SelfVRtg,,units.SIUnit,virtualCLSmini_PV1/DGEN1.SelfVRtg.units.SIUnit,9763110b-885e-4730-bfe0-b5e0aee51b85
1537,315,aa467356-9371-4639-b81a-ba1f52340f79,SelfVRtg,virtualCLSmini_PV1/DGEN1.SelfVRtg,,d,virtualCLSmini_PV1/DGEN1.SelfVRtg.d,c302c6ed-0aae-4568-93c1-03ef9858c31a
1538,316,ca381a36-3223-4da9-8a89-902cef737bfd,SelfPFRtg,virtualCLSmini_PV1/DGEN1.SelfPFRtg,,setMag.f,virtualCLSmini_PV1/DGEN1.SelfPFRtg.setMag.f,49aa5091-2af1-4735-a442-5334b81af609
1539,316,ca381a36-3223-4da9-8a89-902cef737bfd,SelfPFRtg,virtualCLSmini_PV1/DGEN1.SelfPFRtg,,units.SIUnit,virtualCLSmini_PV1/DGEN1.SelfPFRtg.units.SIUnit,b977ce4c-c455-40fd-b7e2-7a2005e2ca5f
1540,316,ca381a36-3223-4da9-8a89-902cef737bfd,SelfPFRtg,virtualCLSmini_PV1/DGEN1.SelfPFRtg,,d,virtualCLSmini_PV1/DGEN1.SelfPFRtg.d,06257594-4106-4e56-96b5-9654b6bd7e26
1541,317,a577e17d-8473-4018-974a-c9ae52cff1ea,RvSeq,virtualCLSmini_PV1/DGEN1.RvSeq,,setVal,virtualCLSmini_PV1/DGEN1.RvSeq.setVal,763aae86-6942-4be9-88ab-887f62b9be09
1542,317,a577e17d-8473-4018-974a-c9ae52cff1ea,RvSeq,virtualCLSmini_PV1/DGEN1.RvSeq,,d,virtualCLSmini_PV1/DGEN1.RvSeq.d,199c8fcf-ea7f-46f1-802f-9c3b4b221159
1543,318,706e2880-356e-415c-a596-ededaf09d945,SelfVRngRtg,virtualCLSmini_PV1/DGEN1.SelfVRngRtg,,setMag.f,virtualCLSmini_PV1/DGEN1.SelfVRngRtg.setMag.f,aa7a36ba-9ee1-4cd2-97e9-7e7e551aad3f
1544,318,706e2880-356e-415c-a596-ededaf09d945,SelfVRngRtg,virtualCLSmini_PV1/DGEN1.SelfVRngRtg,,units.SIUnit,virtualCLSmini_PV1/DGEN1.SelfVRngRtg.units.SIUnit,47d7d622-6cc7-44b1-9f7b-483b81992160
1545,318,706e2880-356e-415c-a596-ededaf09d945,SelfVRngRtg,virtualCLSmini_PV1/DGEN1.SelfVRngRtg,,d,virtualCLSmini_PV1/DGEN1.SelfVRngRtg.d,3ee0b128-dfc7-4a0b-a27a-ef4eca7e417c
1546,319,fda2b872-d93e-4786-bc53-1ba039b9c13f,EfcRtgPct,virtualCLSmini_PV1/DGEN1.EfcRtgPct,,setMag.f,virtualCLSmini_PV1/DGEN1.EfcRtgPct.setMag.f,4ebab387-57b6-4f02-b6e7-9d3f8c429b6e
1547,319,fda2b872-d93e-4786-bc53-1ba039b9c13f,EfcRtgPct,virtualCLSmini_PV1/DGEN1.EfcRtgPct,,units.SIUnit,virtualCLSmini_PV1/DGEN1.EfcRtgPct.units.SIUnit,220709df-efa3-4b5e-a537-8c032a530c24
1548,319,fda2b872-d93e-4786-bc53-1ba039b9c13f,EfcRtgPct,virtualCLSmini_PV1/DGEN1.EfcRtgPct,,d,virtualCLSmini_PV1/DGEN1.EfcRtgPct.d,9e4f1711-353c-4994-b5ec-9b40bef7c33a
1549,320,283d386d-ad60-461a-8d27-f774235dfb9c,HzNomRtg,virtualCLSmini_PV1/DGEN1.HzNomRtg,,setMag.f,virtualCLSmini_PV1/DGEN1.HzNomRtg.setMag.f,7d8eb17b-6f8f-40bb-8f42-17d56ee7984c
1550,320,283d386d-ad60-461a-8d27-f774235dfb9c,HzNomRtg,virtualCLSmini_PV1/DGEN1.HzNomRtg,,units.SIUnit,virtualCLSmini_PV1/DGEN1.HzNomRtg.units.SIUnit,12751121-985d-4b5b-8cd7-29b2999311f4
1551,320,283d386d-ad60-461a-8d27-f774235dfb9c,HzNomRtg,virtualCLSmini_PV1/DGEN1.HzNomRtg,,d,virtualCLSmini_PV1/DGEN1.HzNomRtg.d,5857a9eb-f215-4a0d-b9fa-d23f4833bd37
1552,321,d524a996-eb78-46a5-b982-eb7f24833887,HzMinRtg,virtualCLSmini_PV1/DGEN1.HzMinRtg,,setMag.f,virtualCLSmini_PV1/DGEN1.HzMinRtg.setMag.f,06b692a7-9953-417d-bf4c-d2535edfdad4
1553,321,d524a996-eb78-46a5-b982-eb7f24833887,HzMinRtg,virtualCLSmini_PV1/DGEN1.HzMinRtg,,units.SIUnit,virtualCLSmini_PV1/DGEN1.HzMinRtg.units.SIUnit,d7cf36b5-9c74-46c5-8744-ad0493940a3f
1554,321,d524a996-eb78-46a5-b982-eb7f24833887,HzMinRtg,virtualCLSmini_PV1/DGEN1.HzMinRtg,,d,virtualCLSmini_PV1/DGEN1.HzMinRtg.d,0c67410c-e285-461e-a639-d5bf0fc91fc4
1555,322,d7467702-a888-4b98-b285-f3621f32cec4,HzMaxRtg,virtualCLSmini_PV1/DGEN1.HzMaxRtg,,setMag.f,virtualCLSmini_PV1/DGEN1.HzMaxRtg.setMag.f,16697a66-ad9b-4d31-9288-6e33e07bb1ba
1556,322,d7467702-a888-4b98-b285-f3621f32cec4,HzMaxRtg,virtualCLSmini_PV1/DGEN1.HzMaxRtg,,units.SIUnit,virtualCLSmini_PV1/DGEN1.HzMaxRtg.units.SIUnit,74892062-f8d5-4673-a514-607f2a05a6bc
1557,322,d7467702-a888-4b98-b285-f3621f32cec4,HzMaxRtg,virtualCLSmini_PV1/DGEN1.HzMaxRtg,,d,virtualCLSmini_PV1/DGEN1.HzMaxRtg.d,82d9b78a-d614-452d-96de-32298b077fa0
1558,323,e301337c-1ecf-4081-97aa-b59c0c4b7a0c,DERId,virtualCLSmini_PV1/DGEN1.DERId,,setVal,virtualCLSmini_PV1/DGEN1.DERId.setVal,3598d06d-4045-4515-84f7-5a08c20c1a78
1559,323,e301337c-1ecf-4081-97aa-b59c0c4b7a0c,DERId,virtualCLSmini_PV1/DGEN1.DERId,,d,virtualCLSmini_PV1/DGEN1.DERId.d,45ff186a-77b0-4f6b-a84f-233a6e5a29f4
1560,324,15747507-55fd-4dd9-b9b7-c0131f18ee81,NamPlt,virtualCLSmini_PV1/MMXU1.NamPlt,,vendor,virtualCLSmini_PV1/MMXU1.NamPlt.vendor,1309909e-113e-4b49-9713-b8106ae42725
1561,324,15747507-55fd-4dd9-b9b7-c0131f18ee81,NamPlt,virtualCLSmini_PV1/MMXU1.NamPlt,,swRev,virtualCLSmini_PV1/MMXU1.NamPlt.swRev,591afac0-2b71-4046-a3b5-a40218056929
1562,324,15747507-55fd-4dd9-b9b7-c0131f18ee81,NamPlt,virtualCLSmini_PV1/MMXU1.NamPlt,,configRev,virtualCLSmini_PV1/MMXU1.NamPlt.configRev,214463d9-fbce-4021-859e-e9291b8e9ac1
1563,324,15747507-55fd-4dd9-b9b7-c0131f18ee81,NamPlt,virtualCLSmini_PV1/MMXU1.NamPlt,,d,virtualCLSmini_PV1/MMXU1.NamPlt.d,a313734d-3d99-403c-b817-d44d895a0d1d
1564,325,6e504d79-d742-4449-9d60-edd1b4b9feba,Beh,virtualCLSmini_PV1/MMXU1.Beh,,stVal,virtualCLSmini_PV1/MMXU1.Beh.stVal,bd4aa4f1-ec11-45c5-bc4b-96ef9bc65356
1565,325,6e504d79-d742-4449-9d60-edd1b4b9feba,Beh,virtualCLSmini_PV1/MMXU1.Beh,,q,virtualCLSmini_PV1/MMXU1.Beh.q,8eb1752b-cd23-40af-b9ca-f4f20f5406af
1566,325,6e504d79-d742-4449-9d60-edd1b4b9feba,Beh,virtualCLSmini_PV1/MMXU1.Beh,,t,virtualCLSmini_PV1/MMXU1.Beh.t,c4ee5a47-377a-460c-9ca2-a27c644cf61e
1567,325,6e504d79-d742-4449-9d60-edd1b4b9feba,Beh,virtualCLSmini_PV1/MMXU1.Beh,,d,virtualCLSmini_PV1/MMXU1.Beh.d,87c2ecf0-f443-4d68-9e93-27616c8514d9
1568,326,1b8fb54a-cb2a-4374-a992-98a8e2c4a440,Health,virtualCLSmini_PV1/MMXU1.Health,,stVal,virtualCLSmini_PV1/MMXU1.Health.stVal,a98494bf-aa9b-4bd0-8bed-662933a356b9
1569,326,1b8fb54a-cb2a-4374-a992-98a8e2c4a440,Health,virtualCLSmini_PV1/MMXU1.Health,,q,virtualCLSmini_PV1/MMXU1.Health.q,2ef93d4b-fc67-4d69-b92d-9fdac902e66c
1570,326,1b8fb54a-cb2a-4374-a992-98a8e2c4a440,Health,virtualCLSmini_PV1/MMXU1.Health,,t,virtualCLSmini_PV1/MMXU1.Health.t,b26ccad2-b920-4bbf-a33f-0dc4d73171a1
1571,326,1b8fb54a-cb2a-4374-a992-98a8e2c4a440,Health,virtualCLSmini_PV1/MMXU1.Health,,d,virtualCLSmini_PV1/MMXU1.Health.d,5e7275bc-ca2e-4340-8253-226ac92c2f29
1572,327,75cf333f-6320-4e7f-89c7-a14d1b5711d3,PFExtQud,virtualCLSmini_PV1/MMXU1.PFExtQud,,stVal,virtualCLSmini_PV1/MMXU1.PFExtQud.stVal,10dcd548-7fe1-4c33-a3b6-d5122e105420
1573,327,75cf333f-6320-4e7f-89c7-a14d1b5711d3,PFExtQud,virtualCLSmini_PV1/MMXU1.PFExtQud,,q,virtualCLSmini_PV1/MMXU1.PFExtQud.q,2b32ae9e-7b68-4cc5-8e6f-7e0dd5dad096
1574,327,75cf333f-6320-4e7f-89c7-a14d1b5711d3,PFExtQud,virtualCLSmini_PV1/MMXU1.PFExtQud,,t,virtualCLSmini_PV1/MMXU1.PFExtQud.t,52b24641-52b2-4563-b4c0-bf78182a80f6
1575,327,75cf333f-6320-4e7f-89c7-a14d1b5711d3,PFExtQud,virtualCLSmini_PV1/MMXU1.PFExtQud,,d,virtualCLSmini_PV1/MMXU1.PFExtQud.d,3941b9ee-7ca5-4fe6-9737-cb6ccd641aaf
1576,328,25592c88-3d25-474c-adfc-8550724e9fba,PQSt,virtualCLSmini_PV1/MMXU1.PQSt,,stVal,virtualCLSmini_PV1/MMXU1.PQSt.stVal,5a817f3e-61e6-40a4-86ca-58506c499ac0
1577,328,25592c88-3d25-474c-adfc-8550724e9fba,PQSt,virtualCLSmini_PV1/MMXU1.PQSt,,q,virtualCLSmini_PV1/MMXU1.PQSt.q,e0cdb77e-db6e-4482-a3e2-37330b0a61b2
1578,328,25592c88-3d25-474c-adfc-8550724e9fba,PQSt,virtualCLSmini_PV1/MMXU1.PQSt,,t,virtualCLSmini_PV1/MMXU1.PQSt.t,a3f1fc30-1459-473d-bfae-b43a211b4e91
1579,328,25592c88-3d25-474c-adfc-8550724e9fba,PQSt,virtualCLSmini_PV1/MMXU1.PQSt,,d,virtualCLSmini_PV1/MMXU1.PQSt.d,0a6eacb2-bca7-4109-944e-7a0e411effeb
1580,329,8b1cd7e2-ad23-4b70-bb63-71a878aceb72,TotW,virtualCLSmini_PV1/MMXU1.TotW,,mag.f,virtualCLSmini_PV1/MMXU1.TotW.mag.f,784dbdc1-ed94-48c8-a326-986abb98761a
1581,329,8b1cd7e2-ad23-4b70-bb63-71a878aceb72,TotW,virtualCLSmini_PV1/MMXU1.TotW,,q,virtualCLSmini_PV1/MMXU1.TotW.q,bda3eff9-a464-4d2e-b08d-532fb46c06eb
1582,329,8b1cd7e2-ad23-4b70-bb63-71a878aceb72,TotW,virtualCLSmini_PV1/MMXU1.TotW,,t,virtualCLSmini_PV1/MMXU1.TotW.t,90573f14-0609-441f-a5dc-faf8dc34a929
1583,329,8b1cd7e2-ad23-4b70-bb63-71a878aceb72,TotW,virtualCLSmini_PV1/MMXU1.TotW,,units.SIUnit,virtualCLSmini_PV1/MMXU1.TotW.units.SIUnit,670e9a87-5d6d-466c-9afa-eed7605b50f4
1584,329,8b1cd7e2-ad23-4b70-bb63-71a878aceb72,TotW,virtualCLSmini_PV1/MMXU1.TotW,,d,virtualCLSmini_PV1/MMXU1.TotW.d,885d9d98-fdf3-471e-89ec-bf1d470f51c3
1585,330,dc3d3bb2-f1c9-4b8c-8afc-4d80268481cd,TotVAr,virtualCLSmini_PV1/MMXU1.TotVAr,,mag.f,virtualCLSmini_PV1/MMXU1.TotVAr.mag.f,1a04b34a-6a27-4f5f-8594-eaa1b89ee8a0
1586,330,dc3d3bb2-f1c9-4b8c-8afc-4d80268481cd,TotVAr,virtualCLSmini_PV1/MMXU1.TotVAr,,q,virtualCLSmini_PV1/MMXU1.TotVAr.q,16f7abc2-5a97-41be-b96f-8a07d3b69e70
1587,330,dc3d3bb2-f1c9-4b8c-8afc-4d80268481cd,TotVAr,virtualCLSmini_PV1/MMXU1.TotVAr,,t,virtualCLSmini_PV1/MMXU1.TotVAr.t,e753d9f4-d057-42c2-90b6-a91c942626ba
1588,330,dc3d3bb2-f1c9-4b8c-8afc-4d80268481cd,TotVAr,virtualCLSmini_PV1/MMXU1.TotVAr,,units.SIUnit,virtualCLSmini_PV1/MMXU1.TotVAr.units.SIUnit,42b2cfd5-6a22-49b2-848b-89f81597c569
1589,330,dc3d3bb2-f1c9-4b8c-8afc-4d80268481cd,TotVAr,virtualCLSmini_PV1/MMXU1.TotVAr,,d,virtualCLSmini_PV1/MMXU1.TotVAr.d,b98ccf46-2f49-4fcd-915f-9a59675d2869
1590,331,72ae6802-4649-49dc-b1d8-781e8af771b8,TotVA,virtualCLSmini_PV1/MMXU1.TotVA,,mag.f,virtualCLSmini_PV1/MMXU1.TotVA.mag.f,c6a5d3f2-bb5a-4150-b342-1b37031ca063
1591,331,72ae6802-4649-49dc-b1d8-781e8af771b8,TotVA,virtualCLSmini_PV1/MMXU1.TotVA,,q,virtualCLSmini_PV1/MMXU1.TotVA.q,2261c3e5-5697-4e1b-81d8-845f97ab1b30
1592,331,72ae6802-4649-49dc-b1d8-781e8af771b8,TotVA,virtualCLSmini_PV1/MMXU1.TotVA,,t,virtualCLSmini_PV1/MMXU1.TotVA.t,372cd3ec-2e21-420a-9e00-7f49b6ee81e9
1593,331,72ae6802-4649-49dc-b1d8-781e8af771b8,TotVA,virtualCLSmini_PV1/MMXU1.TotVA,,units.SIUnit,virtualCLSmini_PV1/MMXU1.TotVA.units.SIUnit,7346a7ec-2a43-402f-9fdf-ece889d63c70
1594,331,72ae6802-4649-49dc-b1d8-781e8af771b8,TotVA,virtualCLSmini_PV1/MMXU1.TotVA,,d,virtualCLSmini_PV1/MMXU1.TotVA.d,085e0b7d-2ed7-494c-895b-81f85a387819
1595,332,b1556563-89c5-412a-97aa-dd3dcb87b57e,TotPF,virtualCLSmini_PV1/MMXU1.TotPF,,mag.f,virtualCLSmini_PV1/MMXU1.TotPF.mag.f,e1b27b33-82d9-4b5c-b0ee-4106ee550a3e
1596,332,b1556563-89c5-412a-97aa-dd3dcb87b57e,TotPF,virtualCLSmini_PV1/MMXU1.TotPF,,q,virtualCLSmini_PV1/MMXU1.TotPF.q,4620f812-925c-4d5c-80d2-e05e31b90b4a
1597,332,b1556563-89c5-412a-97aa-dd3dcb87b57e,TotPF,virtualCLSmini_PV1/MMXU1.TotPF,,t,virtualCLSmini_PV1/MMXU1.TotPF.t,8cb60a36-2b7b-44cc-8270-63248975dd1e
1598,332,b1556563-89c5-412a-97aa-dd3dcb87b57e,TotPF,virtualCLSmini_PV1/MMXU1.TotPF,,units.SIUnit,virtualCLSmini_PV1/MMXU1.TotPF.units.SIUnit,7dbf286a-d31f-4172-8818-41109dd024d5
1599,332,b1556563-89c5-412a-97aa-dd3dcb87b57e,TotPF,virtualCLSmini_PV1/MMXU1.TotPF,,d,virtualCLSmini_PV1/MMXU1.TotPF.d,98aeb1ea-eb01-44c0-b3d6-fdd614c0fe9a
1600,333,78006d14-db1a-4988-aa3d-aa5a7c22e712,Hz,virtualCLSmini_PV1/MMXU1.Hz,,mag.f,virtualCLSmini_PV1/MMXU1.Hz.mag.f,2306a995-39cb-4876-8e47-2ee9b715e3b7
1601,333,78006d14-db1a-4988-aa3d-aa5a7c22e712,Hz,virtualCLSmini_PV1/MMXU1.Hz,,q,virtualCLSmini_PV1/MMXU1.Hz.q,f04e6218-7e21-4964-99c6-bc9562b81335
1602,333,78006d14-db1a-4988-aa3d-aa5a7c22e712,Hz,virtualCLSmini_PV1/MMXU1.Hz,,t,virtualCLSmini_PV1/MMXU1.Hz.t,4ce1cda1-37d5-4f79-a3c2-b71ee9c721ca
1603,333,78006d14-db1a-4988-aa3d-aa5a7c22e712,Hz,virtualCLSmini_PV1/MMXU1.Hz,,units.SIUnit,virtualCLSmini_PV1/MMXU1.Hz.units.SIUnit,62e83ba4-e649-4fb9-83db-4a1884fac793
1604,333,78006d14-db1a-4988-aa3d-aa5a7c22e712,Hz,virtualCLSmini_PV1/MMXU1.Hz,,d,virtualCLSmini_PV1/MMXU1.Hz.d,f6b4dde9-8518-4c27-a1a5-dbf19982af0b
1605,334,38ff456b-07f2-4147-b45f-4ea1d7b035c3,PPV.phsAB,virtualCLSmini_PV1/MMXU1.PPV.phsAB,,cVal.mag.f,virtualCLSmini_PV1/MMXU1.PPV.phsAB.cVal.mag.f,1d58a417-76aa-42a1-a17a-d66d1f94bf7e
1606,334,38ff456b-07f2-4147-b45f-4ea1d7b035c3,PPV.phsAB,virtualCLSmini_PV1/MMXU1.PPV.phsAB,,q,virtualCLSmini_PV1/MMXU1.PPV.phsAB.q,a0274cda-2d51-42f2-80a9-399d22d8c9a0
1607,334,38ff456b-07f2-4147-b45f-4ea1d7b035c3,PPV.phsAB,virtualCLSmini_PV1/MMXU1.PPV.phsAB,,t,virtualCLSmini_PV1/MMXU1.PPV.phsAB.t,9ac7b2d0-54e6-4368-b852-1ad923fc3ec7
1608,334,38ff456b-07f2-4147-b45f-4ea1d7b035c3,PPV.phsAB,virtualCLSmini_PV1/MMXU1.PPV.phsAB,,units.SIUnit,virtualCLSmini_PV1/MMXU1.PPV.phsAB.units.SIUnit,e0a630da-4a45-4049-8574-217c104782de
1609,334,38ff456b-07f2-4147-b45f-4ea1d7b035c3,PPV.phsAB,virtualCLSmini_PV1/MMXU1.PPV.phsAB,,d,virtualCLSmini_PV1/MMXU1.PPV.phsAB.d,1198401f-282e-4406-9fa3-042287279b19
1610,335,44aad49c-ee7d-483c-a0ea-fb144cd87f94,PPV.phsBC,virtualCLSmini_PV1/MMXU1.PPV.phsBC,,cVal.mag.f,virtualCLSmini_PV1/MMXU1.PPV.phsBC.cVal.mag.f,19047b34-f607-4e31-ae73-44a453fbe752
1611,335,44aad49c-ee7d-483c-a0ea-fb144cd87f94,PPV.phsBC,virtualCLSmini_PV1/MMXU1.PPV.phsBC,,q,virtualCLSmini_PV1/MMXU1.PPV.phsBC.q,096115df-98da-4490-91e5-72dbd13096e8
1612,335,44aad49c-ee7d-483c-a0ea-fb144cd87f94,PPV.phsBC,virtualCLSmini_PV1/MMXU1.PPV.phsBC,,t,virtualCLSmini_PV1/MMXU1.PPV.phsBC.t,83653187-8858-42ed-82dd-06c4767be23a
1613,335,44aad49c-ee7d-483c-a0ea-fb144cd87f94,PPV.phsBC,virtualCLSmini_PV1/MMXU1.PPV.phsBC,,units.SIUnit,virtualCLSmini_PV1/MMXU1.PPV.phsBC.units.SIUnit,2acea4dc-e543-4f07-be40-2333decf770f
1614,335,44aad49c-ee7d-483c-a0ea-fb144cd87f94,PPV.phsBC,virtualCLSmini_PV1/MMXU1.PPV.phsBC,,d,virtualCLSmini_PV1/MMXU1.PPV.phsBC.d,747ed352-42e5-47cc-be6c-4aee293ac630
1615,336,d3468cd3-eabc-4b08-a677-e84df290dd19,PPV.phsCA,virtualCLSmini_PV1/MMXU1.PPV.phsCA,,cVal.mag.f,virtualCLSmini_PV1/MMXU1.PPV.phsCA.cVal.mag.f,d4752138-05c7-42c1-9643-eeb97481b94c
1616,336,d3468cd3-eabc-4b08-a677-e84df290dd19,PPV.phsCA,virtualCLSmini_PV1/MMXU1.PPV.phsCA,,q,virtualCLSmini_PV1/MMXU1.PPV.phsCA.q,6b24c77c-a59e-4212-ab3a-ff18d04cb235
1617,336,d3468cd3-eabc-4b08-a677-e84df290dd19,PPV.phsCA,virtualCLSmini_PV1/MMXU1.PPV.phsCA,,t,virtualCLSmini_PV1/MMXU1.PPV.phsCA.t,fca74887-ac30-4943-b2b2-0802f8e5c1c1
1618,336,d3468cd3-eabc-4b08-a677-e84df290dd19,PPV.phsCA,virtualCLSmini_PV1/MMXU1.PPV.phsCA,,units.SIUnit,virtualCLSmini_PV1/MMXU1.PPV.phsCA.units.SIUnit,21c2c3f5-c6fb-4682-bb93-d58e2a2669a9
1619,336,d3468cd3-eabc-4b08-a677-e84df290dd19,PPV.phsCA,virtualCLSmini_PV1/MMXU1.PPV.phsCA,,d,virtualCLSmini_PV1/MMXU1.PPV.phsCA.d,e7312d8e-37e3-4a34-adc3-140f48e558e8
1620,337,e69b12a0-4ec7-4f37-af32-663fbb4cf817,PNV.phsA,virtualCLSmini_PV1/MMXU1.PNV.phsA,,cVal.mag.f,virtualCLSmini_PV1/MMXU1.PNV.phsA.cVal.mag.f,bb8b5092-4618-46aa-b64b-bdc969dbc014
1621,337,e69b12a0-4ec7-4f37-af32-663fbb4cf817,PNV.phsA,virtualCLSmini_PV1/MMXU1.PNV.phsA,,q,virtualCLSmini_PV1/MMXU1.PNV.phsA.q,0960b387-34be-4fc9-bc7b-8c92997d0ad5
1622,337,e69b12a0-4ec7-4f37-af32-663fbb4cf817,PNV.phsA,virtualCLSmini_PV1/MMXU1.PNV.phsA,,t,virtualCLSmini_PV1/MMXU1.PNV.phsA.t,26baf5af-8570-4373-99b1-d28a85a5f6a9
1623,337,e69b12a0-4ec7-4f37-af32-663fbb4cf817,PNV.phsA,virtualCLSmini_PV1/MMXU1.PNV.phsA,,units.SIUnit,virtualCLSmini_PV1/MMXU1.PNV.phsA.units.SIUnit,69a2595f-b49c-49e5-aafa-ef2f39e68e10
1624,337,e69b12a0-4ec7-4f37-af32-663fbb4cf817,PNV.phsA,virtualCLSmini_PV1/MMXU1.PNV.phsA,,d,virtualCLSmini_PV1/MMXU1.PNV.phsA.d,087630c8-e827-4196-bc79-8598181cc372
1625,338,ff626033-a107-4319-a2a1-765c8f4b1e9f,PNV.phsB,virtualCLSmini_PV1/MMXU1.PNV.phsB,,cVal.mag.f,virtualCLSmini_PV1/MMXU1.PNV.phsB.cVal.mag.f,c94f17e6-9c9e-4bac-9063-64cca058c08f
1626,338,ff626033-a107-4319-a2a1-765c8f4b1e9f,PNV.phsB,virtualCLSmini_PV1/MMXU1.PNV.phsB,,q,virtualCLSmini_PV1/MMXU1.PNV.phsB.q,ea1133a4-1ae3-417e-8a34-0b3363dd78cb
1627,338,ff626033-a107-4319-a2a1-765c8f4b1e9f,PNV.phsB,virtualCLSmini_PV1/MMXU1.PNV.phsB,,t,virtualCLSmini_PV1/MMXU1.PNV.phsB.t,182c909e-c449-416e-bb0f-237dc6bdf1e0
1628,338,ff626033-a107-4319-a2a1-765c8f4b1e9f,PNV.phsB,virtualCLSmini_PV1/MMXU1.PNV.phsB,,units.SIUnit,virtualCLSmini_PV1/MMXU1.PNV.phsB.units.SIUnit,835e3f82-d7c8-4c8d-b2b4-0e9f8d7c54a3
1629,338,ff626033-a107-4319-a2a1-765c8f4b1e9f,PNV.phsB,virtualCLSmini_PV1/MMXU1.PNV.phsB,,d,virtualCLSmini_PV1/MMXU1.PNV.phsB.d,4d762688-6c88-4888-a399-e0cc7ba9056f
1630,339,f263d4f2-e54b-4ee3-a8e9-154ab458c442,PNV.phsC,virtualCLSmini_PV1/MMXU1.PNV.phsC,,cVal.mag.f,virtualCLSmini_PV1/MMXU1.PNV.phsC.cVal.mag.f,21ac08a4-8c11-4d1b-a7f7-43a839453b2a
1631,339,f263d4f2-e54b-4ee3-a8e9-154ab458c442,PNV.phsC,virtualCLSmini_PV1/MMXU1.PNV.phsC,,q,virtualCLSmini_PV1/MMXU1.PNV.phsC.q,12f166b1-01c9-4f3c-9d4a-f272fe261ae0
1632,339,f263d4f2-e54b-4ee3-a8e9-154ab458c442,PNV.phsC,virtualCLSmini_PV1/MMXU1.PNV.phsC,,t,virtualCLSmini_PV1/MMXU1.PNV.phsC.t,4e90fc12-0722-43ba-a923-cfdef1b4d5a0
1633,339,f263d4f2-e54b-4ee3-a8e9-154ab458c442,PNV.phsC,virtualCLSmini_PV1/MMXU1.PNV.phsC,,units.SIUnit,virtualCLSmini_PV1/MMXU1.PNV.phsC.units.SIUnit,1d083fac-f1d6-4513-90d2-b9cd12fb2903
1634,339,f263d4f2-e54b-4ee3-a8e9-154ab458c442,PNV.phsC,virtualCLSmini_PV1/MMXU1.PNV.phsC,,d,virtualCLSmini_PV1/MMXU1.PNV.phsC.d,b44297b7-0a08-4876-b161-b8d395a39deb
1635,340,278a9bec-877c-4c3f-9771-1b09e0395d0f,PNV.neut,virtualCLSmini_PV1/MMXU1.PNV.neut,,cVal.mag.f,virtualCLSmini_PV1/MMXU1.PNV.neut.cVal.mag.f,ff0bb81b-3d2c-4468-aae7-89de721c1bf7
1636,340,278a9bec-877c-4c3f-9771-1b09e0395d0f,PNV.neut,virtualCLSmini_PV1/MMXU1.PNV.neut,,q,virtualCLSmini_PV1/MMXU1.PNV.neut.q,823df783-777f-45cb-95d7-02448490b965
1637,340,278a9bec-877c-4c3f-9771-1b09e0395d0f,PNV.neut,virtualCLSmini_PV1/MMXU1.PNV.neut,,t,virtualCLSmini_PV1/MMXU1.PNV.neut.t,c4b7e69d-42de-4372-bbb3-b53654c873cd
1638,340,278a9bec-877c-4c3f-9771-1b09e0395d0f,PNV.neut,virtualCLSmini_PV1/MMXU1.PNV.neut,,units.SIUnit,virtualCLSmini_PV1/MMXU1.PNV.neut.units.SIUnit,eaa8c5a5-ba6d-4676-af4b-6d88aabe0066
1639,340,278a9bec-877c-4c3f-9771-1b09e0395d0f,PNV.neut,virtualCLSmini_PV1/MMXU1.PNV.neut,,d,virtualCLSmini_PV1/MMXU1.PNV.neut.d,8e2b7aa6-3b2e-4e11-8933-a2ce9823a22f
1640,341,15b0ddb0-3c76-4775-a735-6bfbeb26fcf9,PNV.net,virtualCLSmini_PV1/MMXU1.PNV.net,,cVal.mag.f,virtualCLSmini_PV1/MMXU1.PNV.net.cVal.mag.f,f0aa50cc-00f8-4a81-ac19-cf587ceb75ea
1641,341,15b0ddb0-3c76-4775-a735-6bfbeb26fcf9,PNV.net,virtualCLSmini_PV1/MMXU1.PNV.net,,q,virtualCLSmini_PV1/MMXU1.PNV.net.q,206b2fbe-81da-4451-abfe-1ed8a19c0934
1642,341,15b0ddb0-3c76-4775-a735-6bfbeb26fcf9,PNV.net,virtualCLSmini_PV1/MMXU1.PNV.net,,t,virtualCLSmini_PV1/MMXU1.PNV.net.t,542e5131-0185-40ab-ab4d-05d9da438627
1643,341,15b0ddb0-3c76-4775-a735-6bfbeb26fcf9,PNV.net,virtualCLSmini_PV1/MMXU1.PNV.net,,units.SIUnit,virtualCLSmini_PV1/MMXU1.PNV.net.units.SIUnit,68b2f4e9-55ef-41b5-a4e3-fac4c5645889
1644,341,15b0ddb0-3c76-4775-a735-6bfbeb26fcf9,PNV.net,virtualCLSmini_PV1/MMXU1.PNV.net,,d,virtualCLSmini_PV1/MMXU1.PNV.net.d,ea1d0ada-48d5-4b68-b185-d2781fced3f2
1645,342,81660471-a385-4399-a442-3c2356adda41,PNV.res,virtualCLSmini_PV1/MMXU1.PNV.res,,cVal.mag.f,virtualCLSmini_PV1/MMXU1.PNV.res.cVal.mag.f,50334acb-557e-4a79-b7c8-d6544f8e565e
1646,342,81660471-a385-4399-a442-3c2356adda41,PNV.res,virtualCLSmini_PV1/MMXU1.PNV.res,,q,virtualCLSmini_PV1/MMXU1.PNV.res.q,c8f1182c-5db0-444e-9da3-43354f81369a
1647,342,81660471-a385-4399-a442-3c2356adda41,PNV.res,virtualCLSmini_PV1/MMXU1.PNV.res,,t,virtualCLSmini_PV1/MMXU1.PNV.res.t,c08a48e0-04b1-4797-b682-97a9eeda39e6
1648,342,81660471-a385-4399-a442-3c2356adda41,PNV.res,virtualCLSmini_PV1/MMXU1.PNV.res,,units.SIUnit,virtualCLSmini_PV1/MMXU1.PNV.res.units.SIUnit,343c079e-0046-4ea8-b8c7-fdf8d4a9ff23
1649,342,81660471-a385-4399-a442-3c2356adda41,PNV.res,virtualCLSmini_PV1/MMXU1.PNV.res,,d,virtualCLSmini_PV1/MMXU1.PNV.res.d,a24d1f36-4582-43fe-9abe-c3558f5b7d45
1650,343,97c10ef3-66a8-4b43-b1f2-c1d6eb1fe5da,PhV.phsA,virtualCLSmini_PV1/MMXU1.PhV.phsA,,cVal.mag.f,virtualCLSmini_PV1/MMXU1.PhV.phsA.cVal.mag.f,817a5bd7-57ba-4ce6-b154-3d7809973665
1651,343,97c10ef3-66a8-4b43-b1f2-c1d6eb1fe5da,PhV.phsA,virtualCLSmini_PV1/MMXU1.PhV.phsA,,q,virtualCLSmini_PV1/MMXU1.PhV.phsA.q,975f5298-9757-49ed-98d8-4e78817def5a
1652,343,97c10ef3-66a8-4b43-b1f2-c1d6eb1fe5da,PhV.phsA,virtualCLSmini_PV1/MMXU1.PhV.phsA,,t,virtualCLSmini_PV1/MMXU1.PhV.phsA.t,6a2b8d73-58fa-4529-b380-af590b08b39b
1653,343,97c10ef3-66a8-4b43-b1f2-c1d6eb1fe5da,PhV.phsA,virtualCLSmini_PV1/MMXU1.PhV.phsA,,units.SIUnit,virtualCLSmini_PV1/MMXU1.PhV.phsA.units.SIUnit,1dcc3c56-9f56-471c-a30c-bffd9c09b87d
1654,343,97c10ef3-66a8-4b43-b1f2-c1d6eb1fe5da,PhV.phsA,virtualCLSmini_PV1/MMXU1.PhV.phsA,,d,virtualCLSmini_PV1/MMXU1.PhV.phsA.d,8209b7d8-9a17-4b3b-8a34-62f82b7d7b78
1655,344,b592f86c-a7ab-45c3-858f-1fc355a4578b,PhV.phsB,virtualCLSmini_PV1/MMXU1.PhV.phsB,,cVal.mag.f,virtualCLSmini_PV1/MMXU1.PhV.phsB.cVal.mag.f,348f9305-40a3-4309-9bce-8a9f977fb1e0
1656,344,b592f86c-a7ab-45c3-858f-1fc355a4578b,PhV.phsB,virtualCLSmini_PV1/MMXU1.PhV.phsB,,q,virtualCLSmini_PV1/MMXU1.PhV.phsB.q,7c7d7f9a-e1a4-4257-aaf8-4df602e60671
1657,344,b592f86c-a7ab-45c3-858f-1fc355a4578b,PhV.phsB,virtualCLSmini_PV1/MMXU1.PhV.phsB,,t,virtualCLSmini_PV1/MMXU1.PhV.phsB.t,57da63f2-7a69-4d08-9221-a2b359001f9e
1658,344,b592f86c-a7ab-45c3-858f-1fc355a4578b,PhV.phsB,virtualCLSmini_PV1/MMXU1.PhV.phsB,,units.SIUnit,virtualCLSmini_PV1/MMXU1.PhV.phsB.units.SIUnit,87464c05-27be-4251-882e-e0b90259b143
1659,344,b592f86c-a7ab-45c3-858f-1fc355a4578b,PhV.phsB,virtualCLSmini_PV1/MMXU1.PhV.phsB,,d,virtualCLSmini_PV1/MMXU1.PhV.phsB.d,18fa9b8e-50d0-4117-bff0-fab164d6acff
1660,345,79a1c898-9577-4773-b17b-fb7c7b8b4e20,PhV.phsC,virtualCLSmini_PV1/MMXU1.PhV.phsC,,cVal.mag.f,virtualCLSmini_PV1/MMXU1.PhV.phsC.cVal.mag.f,73b534b7-985a-46e9-a594-b53e6059e4f1
1661,345,79a1c898-9577-4773-b17b-fb7c7b8b4e20,PhV.phsC,virtualCLSmini_PV1/MMXU1.PhV.phsC,,q,virtualCLSmini_PV1/MMXU1.PhV.phsC.q,d890ef12-9b48-4244-9ef6-5ca8fa4b9513
1662,345,79a1c898-9577-4773-b17b-fb7c7b8b4e20,PhV.phsC,virtualCLSmini_PV1/MMXU1.PhV.phsC,,t,virtualCLSmini_PV1/MMXU1.PhV.phsC.t,d7e55133-1136-4d09-87d6-dd665e3b16ff
1663,345,79a1c898-9577-4773-b17b-fb7c7b8b4e20,PhV.phsC,virtualCLSmini_PV1/MMXU1.PhV.phsC,,units.SIUnit,virtualCLSmini_PV1/MMXU1.PhV.phsC.units.SIUnit,70135969-8418-4e7e-944f-8e042e2f3743
1664,345,79a1c898-9577-4773-b17b-fb7c7b8b4e20,PhV.phsC,virtualCLSmini_PV1/MMXU1.PhV.phsC,,d,virtualCLSmini_PV1/MMXU1.PhV.phsC.d,e41f9d3e-808a-4441-9335-d38619b4e8d5
1665,346,71d7826b-b318-4124-bbe3-f8f25f8e5888,PhV.neut,virtualCLSmini_PV1/MMXU1.PhV.neut,,cVal.mag.f,virtualCLSmini_PV1/MMXU1.PhV.neut.cVal.mag.f,4a23e69a-2a41-4a70-aedb-934dd981b02e
1666,346,71d7826b-b318-4124-bbe3-f8f25f8e5888,PhV.neut,virtualCLSmini_PV1/MMXU1.PhV.neut,,q,virtualCLSmini_PV1/MMXU1.PhV.neut.q,275d2d89-154f-419c-9df3-e022507c4a58
1667,346,71d7826b-b318-4124-bbe3-f8f25f8e5888,PhV.neut,virtualCLSmini_PV1/MMXU1.PhV.neut,,t,virtualCLSmini_PV1/MMXU1.PhV.neut.t,352a6f65-80fb-4bed-a8bb-c7ae9a05e426
1668,346,71d7826b-b318-4124-bbe3-f8f25f8e5888,PhV.neut,virtualCLSmini_PV1/MMXU1.PhV.neut,,units.SIUnit,virtualCLSmini_PV1/MMXU1.PhV.neut.units.SIUnit,845b950a-c215-4470-b8c4-f0ce5b6e0b56
1669,346,71d7826b-b318-4124-bbe3-f8f25f8e5888,PhV.neut,virtualCLSmini_PV1/MMXU1.PhV.neut,,d,virtualCLSmini_PV1/MMXU1.PhV.neut.d,3985ed0c-9690-4021-bcb9-09bbd74be85a
1670,347,08516f4b-d832-402b-8ed2-a9fc01fc21d6,PhV.net,virtualCLSmini_PV1/MMXU1.PhV.net,,cVal.mag.f,virtualCLSmini_PV1/MMXU1.PhV.net.cVal.mag.f,beea9c1c-d9bd-40b6-b516-a9f7ac62f4d6
1671,347,08516f4b-d832-402b-8ed2-a9fc01fc21d6,PhV.net,virtualCLSmini_PV1/MMXU1.PhV.net,,q,virtualCLSmini_PV1/MMXU1.PhV.net.q,5dd51ee1-d755-4a9e-b360-9a4339e41bc2
1672,347,08516f4b-d832-402b-8ed2-a9fc01fc21d6,PhV.net,virtualCLSmini_PV1/MMXU1.PhV.net,,t,virtualCLSmini_PV1/MMXU1.PhV.net.t,3eefc7db-945b-439c-a76f-27eea521f23b
1673,347,08516f4b-d832-402b-8ed2-a9fc01fc21d6,PhV.net,virtualCLSmini_PV1/MMXU1.PhV.net,,units.SIUnit,virtualCLSmini_PV1/MMXU1.PhV.net.units.SIUnit,d662b0c5-426a-441a-80d7-71c770e0abce
1674,347,08516f4b-d832-402b-8ed2-a9fc01fc21d6,PhV.net,virtualCLSmini_PV1/MMXU1.PhV.net,,d,virtualCLSmini_PV1/MMXU1.PhV.net.d,0e4267f4-8649-4aa7-aa05-c0ddb9f25b5f
1675,348,d7c9fd99-efcf-4cb5-a964-009425203171,PhV.res,virtualCLSmini_PV1/MMXU1.PhV.res,,cVal.mag.f,virtualCLSmini_PV1/MMXU1.PhV.res.cVal.mag.f,9a9dc883-5006-44ba-aeb1-88aabb5ceb9f
1676,348,d7c9fd99-efcf-4cb5-a964-009425203171,PhV.res,virtualCLSmini_PV1/MMXU1.PhV.res,,q,virtualCLSmini_PV1/MMXU1.PhV.res.q,2afe6f83-4974-4870-bd2d-5eb7b6b2cdba
1677,348,d7c9fd99-efcf-4cb5-a964-009425203171,PhV.res,virtualCLSmini_PV1/MMXU1.PhV.res,,t,virtualCLSmini_PV1/MMXU1.PhV.res.t,cd4e3a42-e584-48b5-ae51-c8322ca56853
1678,348,d7c9fd99-efcf-4cb5-a964-009425203171,PhV.res,virtualCLSmini_PV1/MMXU1.PhV.res,,units.SIUnit,virtualCLSmini_PV1/MMXU1.PhV.res.units.SIUnit,8ebaab68-507d-4b4f-9bc3-22ee4e65a528
1679,348,d7c9fd99-efcf-4cb5-a964-009425203171,PhV.res,virtualCLSmini_PV1/MMXU1.PhV.res,,d,virtualCLSmini_PV1/MMXU1.PhV.res.d,45b88ec7-379a-451d-b1c3-bc1f8bc59a99
1680,349,9425e329-656c-4d90-85b8-692af28650a2,A.phsA,virtualCLSmini_PV1/MMXU1.A.phsA,,cVal.mag.f,virtualCLSmini_PV1/MMXU1.A.phsA.cVal.mag.f,d0779f42-270e-48d9-98d2-e3bb506a8769
1681,349,9425e329-656c-4d90-85b8-692af28650a2,A.phsA,virtualCLSmini_PV1/MMXU1.A.phsA,,q,virtualCLSmini_PV1/MMXU1.A.phsA.q,763108f4-c68e-4708-83b5-52fa4eb930ea
1682,349,9425e329-656c-4d90-85b8-692af28650a2,A.phsA,virtualCLSmini_PV1/MMXU1.A.phsA,,t,virtualCLSmini_PV1/MMXU1.A.phsA.t,384c0716-7822-4f04-9c05-7cd0f063f9b7
1683,349,9425e329-656c-4d90-85b8-692af28650a2,A.phsA,virtualCLSmini_PV1/MMXU1.A.phsA,,units.SIUnit,virtualCLSmini_PV1/MMXU1.A.phsA.units.SIUnit,f27d7e60-bbbb-48e0-8b05-85cd5c85b4a9
1684,349,9425e329-656c-4d90-85b8-692af28650a2,A.phsA,virtualCLSmini_PV1/MMXU1.A.phsA,,d,virtualCLSmini_PV1/MMXU1.A.phsA.d,71e042ab-f92a-4319-9d61-88bf81d06e1f
1685,350,2dd85e40-49dc-4413-8a27-8220f0981d9a,A.phsB,virtualCLSmini_PV1/MMXU1.A.phsB,,cVal.mag.f,virtualCLSmini_PV1/MMXU1.A.phsB.cVal.mag.f,0e31d956-e96f-4df3-aac0-ac13e7f9c919
1686,350,2dd85e40-49dc-4413-8a27-8220f0981d9a,A.phsB,virtualCLSmini_PV1/MMXU1.A.phsB,,q,virtualCLSmini_PV1/MMXU1.A.phsB.q,21109768-1291-41e1-a139-0f38a30d084d
1687,350,2dd85e40-49dc-4413-8a27-8220f0981d9a,A.phsB,virtualCLSmini_PV1/MMXU1.A.phsB,,t,virtualCLSmini_PV1/MMXU1.A.phsB.t,bc06a194-2227-4b67-8809-78b3a32a61a2
1688,350,2dd85e40-49dc-4413-8a27-8220f0981d9a,A.phsB,virtualCLSmini_PV1/MMXU1.A.phsB,,units.SIUnit,virtualCLSmini_PV1/MMXU1.A.phsB.units.SIUnit,53f4fe6d-c84e-4a77-ad91-0a83a15f3902
1689,350,2dd85e40-49dc-4413-8a27-8220f0981d9a,A.phsB,virtualCLSmini_PV1/MMXU1.A.phsB,,d,virtualCLSmini_PV1/MMXU1.A.phsB.d,c2bfd515-32f8-4e0f-978e-c619851f67bf
1690,351,3368a037-5d5f-4a46-8a81-9ea0cc324a3b,A.phsC,virtualCLSmini_PV1/MMXU1.A.phsC,,cVal.mag.f,virtualCLSmini_PV1/MMXU1.A.phsC.cVal.mag.f,92b40212-f4bf-4fd3-8b9f-d0d3b619a7bd
1691,351,3368a037-5d5f-4a46-8a81-9ea0cc324a3b,A.phsC,virtualCLSmini_PV1/MMXU1.A.phsC,,q,virtualCLSmini_PV1/MMXU1.A.phsC.q,e4ce46e0-649b-4ad1-bcfb-f31dc4e6cdf2
1692,351,3368a037-5d5f-4a46-8a81-9ea0cc324a3b,A.phsC,virtualCLSmini_PV1/MMXU1.A.phsC,,t,virtualCLSmini_PV1/MMXU1.A.phsC.t,e57aecf8-93aa-4565-bb20-1bc3b62adeef
1693,351,3368a037-5d5f-4a46-8a81-9ea0cc324a3b,A.phsC,virtualCLSmini_PV1/MMXU1.A.phsC,,units.SIUnit,virtualCLSmini_PV1/MMXU1.A.phsC.units.SIUnit,c166b1ff-08b0-48fc-a4b1-c06da43be36d
1694,351,3368a037-5d5f-4a46-8a81-9ea0cc324a3b,A.phsC,virtualCLSmini_PV1/MMXU1.A.phsC,,d,virtualCLSmini_PV1/MMXU1.A.phsC.d,610b3d83-82c6-4e3b-8bf1-4f2adcf2d240
1695,352,d9290168-1049-411c-a057-4df6a6cd40fd,A.neut,virtualCLSmini_PV1/MMXU1.A.neut,,cVal.mag.f,virtualCLSmini_PV1/MMXU1.A.neut.cVal.mag.f,3d628a64-2dac-4bf5-87c1-b8c9fbf79074
1696,352,d9290168-1049-411c-a057-4df6a6cd40fd,A.neut,virtualCLSmini_PV1/MMXU1.A.neut,,q,virtualCLSmini_PV1/MMXU1.A.neut.q,3038728a-c2db-425f-8764-a1dccbe6adfc
1697,352,d9290168-1049-411c-a057-4df6a6cd40fd,A.neut,virtualCLSmini_PV1/MMXU1.A.neut,,t,virtualCLSmini_PV1/MMXU1.A.neut.t,62979792-30ae-43e2-a8f0-b54fc5c184aa
1698,352,d9290168-1049-411c-a057-4df6a6cd40fd,A.neut,virtualCLSmini_PV1/MMXU1.A.neut,,units.SIUnit,virtualCLSmini_PV1/MMXU1.A.neut.units.SIUnit,d5ac7cb6-b185-49b4-ac16-54bc9e137716
1699,352,d9290168-1049-411c-a057-4df6a6cd40fd,A.neut,virtualCLSmini_PV1/MMXU1.A.neut,,d,virtualCLSmini_PV1/MMXU1.A.neut.d,fb119b2a-d23f-48a9-b25d-52b809251e72
1700,353,b552662f-9b45-41cf-965c-79c4059f5d73,A.net,virtualCLSmini_PV1/MMXU1.A.net,,cVal.mag.f,virtualCLSmini_PV1/MMXU1.A.net.cVal.mag.f,683cc5ec-855e-4eae-b27e-5b09aff00b03
1701,353,b552662f-9b45-41cf-965c-79c4059f5d73,A.net,virtualCLSmini_PV1/MMXU1.A.net,,q,virtualCLSmini_PV1/MMXU1.A.net.q,19dccd73-49ce-43db-9b98-69381033c784
1702,353,b552662f-9b45-41cf-965c-79c4059f5d73,A.net,virtualCLSmini_PV1/MMXU1.A.net,,t,virtualCLSmini_PV1/MMXU1.A.net.t,11e79f79-dfc7-4282-9d81-1cd5d94389ba
1703,353,b552662f-9b45-41cf-965c-79c4059f5d73,A.net,virtualCLSmini_PV1/MMXU1.A.net,,units.SIUnit,virtualCLSmini_PV1/MMXU1.A.net.units.SIUnit,15f7b774-49c6-4c77-80a6-e5d16763f8dd
1704,353,b552662f-9b45-41cf-965c-79c4059f5d73,A.net,virtualCLSmini_PV1/MMXU1.A.net,,d,virtualCLSmini_PV1/MMXU1.A.net.d,96680c1f-98b5-4fb9-8d41-78c945a7a695
1705,354,83fa4bc7-7c38-4ab7-bbb6-7d13de7ca335,A.res,virtualCLSmini_PV1/MMXU1.A.res,,cVal.mag.f,virtualCLSmini_PV1/MMXU1.A.res.cVal.mag.f,5f08233b-3ecd-4658-a9cf-1e7a1d7ca97a
1706,354,83fa4bc7-7c38-4ab7-bbb6-7d13de7ca335,A.res,virtualCLSmini_PV1/MMXU1.A.res,,q,virtualCLSmini_PV1/MMXU1.A.res.q,907fa8d6-dc81-4a18-9d55-0f8bab4abf19
1707,354,83fa4bc7-7c38-4ab7-bbb6-7d13de7ca335,A.res,virtualCLSmini_PV1/MMXU1.A.res,,t,virtualCLSmini_PV1/MMXU1.A.res.t,c08627e4-708b-4f90-a8b0-f2b4733794ea
1708,354,83fa4bc7-7c38-4ab7-bbb6-7d13de7ca335,A.res,virtualCLSmini_PV1/MMXU1.A.res,,units.SIUnit,virtualCLSmini_PV1/MMXU1.A.res.units.SIUnit,a85fcdb2-81a1-4352-a7ae-fa861866160d
1709,354,83fa4bc7-7c38-4ab7-bbb6-7d13de7ca335,A.res,virtualCLSmini_PV1/MMXU1.A.res,,d,virtualCLSmini_PV1/MMXU1.A.res.d,165509fd-cae1-4207-a24c-fadeeac1274e
1710,355,f0a64764-f187-4010-a6e4-c01d24c195e9,W.phsA,virtualCLSmini_PV1/MMXU1.W.phsA,,cVal.mag.f,virtualCLSmini_PV1/MMXU1.W.phsA.cVal.mag.f,98ee2cbf-ed19-4ad4-a2ef-02348ded8433
1711,355,f0a64764-f187-4010-a6e4-c01d24c195e9,W.phsA,virtualCLSmini_PV1/MMXU1.W.phsA,,q,virtualCLSmini_PV1/MMXU1.W.phsA.q,d6435a9b-82a3-47e6-bd22-903dbf08d587
1712,355,f0a64764-f187-4010-a6e4-c01d24c195e9,W.phsA,virtualCLSmini_PV1/MMXU1.W.phsA,,t,virtualCLSmini_PV1/MMXU1.W.phsA.t,aee4b5e7-933a-40dc-8946-e46ef070d086
1713,355,f0a64764-f187-4010-a6e4-c01d24c195e9,W.phsA,virtualCLSmini_PV1/MMXU1.W.phsA,,units.SIUnit,virtualCLSmini_PV1/MMXU1.W.phsA.units.SIUnit,d4b3f13c-e2bc-4022-8ac8-69de99857cca
1714,355,f0a64764-f187-4010-a6e4-c01d24c195e9,W.phsA,virtualCLSmini_PV1/MMXU1.W.phsA,,d,virtualCLSmini_PV1/MMXU1.W.phsA.d,73d0ba20-c2d5-4ccf-916e-ed895bebd97a
1715,356,5e8d8f18-dc56-4e19-a119-fb6323310927,W.phsB,virtualCLSmini_PV1/MMXU1.W.phsB,,cVal.mag.f,virtualCLSmini_PV1/MMXU1.W.phsB.cVal.mag.f,fa44fd33-d4d0-4588-a304-15cabf235a02
1716,356,5e8d8f18-dc56-4e19-a119-fb6323310927,W.phsB,virtualCLSmini_PV1/MMXU1.W.phsB,,q,virtualCLSmini_PV1/MMXU1.W.phsB.q,ae6c41cf-744b-422e-a5d7-ecf97dd4cacd
1717,356,5e8d8f18-dc56-4e19-a119-fb6323310927,W.phsB,virtualCLSmini_PV1/MMXU1.W.phsB,,t,virtualCLSmini_PV1/MMXU1.W.phsB.t,5eb6f378-dfea-4ef6-b0dc-87eecf062b29
1718,356,5e8d8f18-dc56-4e19-a119-fb6323310927,W.phsB,virtualCLSmini_PV1/MMXU1.W.phsB,,units.SIUnit,virtualCLSmini_PV1/MMXU1.W.phsB.units.SIUnit,50766708-e5c8-4d97-be81-f16cb8c4fbfe
1719,356,5e8d8f18-dc56-4e19-a119-fb6323310927,W.phsB,virtualCLSmini_PV1/MMXU1.W.phsB,,d,virtualCLSmini_PV1/MMXU1.W.phsB.d,0ab810cc-739d-4883-8c02-89571ee70d6c
1720,357,a20d24a8-4f74-48a4-88ac-48d671c50ea3,W.phsC,virtualCLSmini_PV1/MMXU1.W.phsC,,cVal.mag.f,virtualCLSmini_PV1/MMXU1.W.phsC.cVal.mag.f,1937a699-8cf0-484d-9d2a-3726b4bc3663
1721,357,a20d24a8-4f74-48a4-88ac-48d671c50ea3,W.phsC,virtualCLSmini_PV1/MMXU1.W.phsC,,q,virtualCLSmini_PV1/MMXU1.W.phsC.q,8d5b3bbf-e4a9-4506-8916-72aead14c8e5
1722,357,a20d24a8-4f74-48a4-88ac-48d671c50ea3,W.phsC,virtualCLSmini_PV1/MMXU1.W.phsC,,t,virtualCLSmini_PV1/MMXU1.W.phsC.t,c7dbd05d-3bb9-4990-bfcd-8b2c1fe33c08
1723,357,a20d24a8-4f74-48a4-88ac-48d671c50ea3,W.phsC,virtualCLSmini_PV1/MMXU1.W.phsC,,units.SIUnit,virtualCLSmini_PV1/MMXU1.W.phsC.units.SIUnit,f27cd42b-fd8f-4627-9dd4-e1ef7d4d5944
1724,357,a20d24a8-4f74-48a4-88ac-48d671c50ea3,W.phsC,virtualCLSmini_PV1/MMXU1.W.phsC,,d,virtualCLSmini_PV1/MMXU1.W.phsC.d,46ffeeaf-ce41-4e5b-9c62-06d59f70173c
1725,358,266308b4-0324-448d-8259-7d517f202b58,W.neut,virtualCLSmini_PV1/MMXU1.W.neut,,cVal.mag.f,virtualCLSmini_PV1/MMXU1.W.neut.cVal.mag.f,85ba3e59-9c1c-4af7-8e37-ffb02665ab27
1726,358,266308b4-0324-448d-8259-7d517f202b58,W.neut,virtualCLSmini_PV1/MMXU1.W.neut,,q,virtualCLSmini_PV1/MMXU1.W.neut.q,ec3d4b7e-f21b-4fb4-b079-62bc3c1b0ef0
1727,358,266308b4-0324-448d-8259-7d517f202b58,W.neut,virtualCLSmini_PV1/MMXU1.W.neut,,t,virtualCLSmini_PV1/MMXU1.W.neut.t,8956dc4a-63bd-419e-b101-1f446fcc6c53
1728,358,266308b4-0324-448d-8259-7d517f202b58,W.neut,virtualCLSmini_PV1/MMXU1.W.neut,,units.SIUnit,virtualCLSmini_PV1/MMXU1.W.neut.units.SIUnit,72728612-f0b6-45b1-b0ea-e6f94922c9b5
1729,358,266308b4-0324-448d-8259-7d517f202b58,W.neut,virtualCLSmini_PV1/MMXU1.W.neut,,d,virtualCLSmini_PV1/MMXU1.W.neut.d,e5b287f9-214e-413d-9eaf-e776e2186244
1730,359,5e076614-dee9-47b6-a7a0-f897956fe734,W.net,virtualCLSmini_PV1/MMXU1.W.net,,cVal.mag.f,virtualCLSmini_PV1/MMXU1.W.net.cVal.mag.f,f2d92d3c-a191-4125-80ea-59e5ca959aed
1731,359,5e076614-dee9-47b6-a7a0-f897956fe734,W.net,virtualCLSmini_PV1/MMXU1.W.net,,q,virtualCLSmini_PV1/MMXU1.W.net.q,3924416d-668c-4b5a-b26a-7d49e4d22dfa
1732,359,5e076614-dee9-47b6-a7a0-f897956fe734,W.net,virtualCLSmini_PV1/MMXU1.W.net,,t,virtualCLSmini_PV1/MMXU1.W.net.t,e7c65c26-a453-4ab2-8ec4-a7eb09b4af24
1733,359,5e076614-dee9-47b6-a7a0-f897956fe734,W.net,virtualCLSmini_PV1/MMXU1.W.net,,units.SIUnit,virtualCLSmini_PV1/MMXU1.W.net.units.SIUnit,484e1608-e6cb-45b5-97e1-c95b2caa9fd9
1734,359,5e076614-dee9-47b6-a7a0-f897956fe734,W.net,virtualCLSmini_PV1/MMXU1.W.net,,d,virtualCLSmini_PV1/MMXU1.W.net.d,1a6ab679-977c-44bf-aeb6-47a9de7cc977
1735,360,239758eb-2107-48c5-aa00-9f0a32c99a50,W.res,virtualCLSmini_PV1/MMXU1.W.res,,cVal.mag.f,virtualCLSmini_PV1/MMXU1.W.res.cVal.mag.f,3918bf08-533c-4fa1-a8ff-9fabd5927b95
1736,360,239758eb-2107-48c5-aa00-9f0a32c99a50,W.res,virtualCLSmini_PV1/MMXU1.W.res,,q,virtualCLSmini_PV1/MMXU1.W.res.q,025fa2ec-ab9c-4b7d-bcc8-654845a3a297
1737,360,239758eb-2107-48c5-aa00-9f0a32c99a50,W.res,virtualCLSmini_PV1/MMXU1.W.res,,t,virtualCLSmini_PV1/MMXU1.W.res.t,d0d97694-d8b8-44c8-b6d9-c67047229a9a
1738,360,239758eb-2107-48c5-aa00-9f0a32c99a50,W.res,virtualCLSmini_PV1/MMXU1.W.res,,units.SIUnit,virtualCLSmini_PV1/MMXU1.W.res.units.SIUnit,4dede717-cd52-4e06-bb91-a248c9694679
1739,360,239758eb-2107-48c5-aa00-9f0a32c99a50,W.res,virtualCLSmini_PV1/MMXU1.W.res,,d,virtualCLSmini_PV1/MMXU1.W.res.d,a5c04c98-834c-413d-b04a-923893afbb5d
1740,361,b32b09b1-673d-4c66-a902-89d4714dc391,VAr.phsA,virtualCLSmini_PV1/MMXU1.VAr.phsA,,cVal.mag.f,virtualCLSmini_PV1/MMXU1.VAr.phsA.cVal.mag.f,aa03a93d-047f-4d29-b17a-ea594018996f
1741,361,b32b09b1-673d-4c66-a902-89d4714dc391,VAr.phsA,virtualCLSmini_PV1/MMXU1.VAr.phsA,,q,virtualCLSmini_PV1/MMXU1.VAr.phsA.q,6effb577-6739-47ec-bf23-c684934b7187
1742,361,b32b09b1-673d-4c66-a902-89d4714dc391,VAr.phsA,virtualCLSmini_PV1/MMXU1.VAr.phsA,,t,virtualCLSmini_PV1/MMXU1.VAr.phsA.t,62a388f4-8175-4828-a4f7-dcef0c442a5f
1743,361,b32b09b1-673d-4c66-a902-89d4714dc391,VAr.phsA,virtualCLSmini_PV1/MMXU1.VAr.phsA,,units.SIUnit,virtualCLSmini_PV1/MMXU1.VAr.phsA.units.SIUnit,8c535ec3-f8e6-412c-beda-6ee36cf6a752
1744,361,b32b09b1-673d-4c66-a902-89d4714dc391,VAr.phsA,virtualCLSmini_PV1/MMXU1.VAr.phsA,,d,virtualCLSmini_PV1/MMXU1.VAr.phsA.d,46d5512b-58f4-415b-8674-1bc5e80954af
1745,362,a2da9894-9fcb-49ed-a532-d621bdb855c8,VAr.phsB,virtualCLSmini_PV1/MMXU1.VAr.phsB,,cVal.mag.f,virtualCLSmini_PV1/MMXU1.VAr.phsB.cVal.mag.f,1392c4f9-6541-4a9f-a0cc-b9e094add51d
1746,362,a2da9894-9fcb-49ed-a532-d621bdb855c8,VAr.phsB,virtualCLSmini_PV1/MMXU1.VAr.phsB,,q,virtualCLSmini_PV1/MMXU1.VAr.phsB.q,df6cbc88-f68c-40df-a79a-f34330b15692
1747,362,a2da9894-9fcb-49ed-a532-d621bdb855c8,VAr.phsB,virtualCLSmini_PV1/MMXU1.VAr.phsB,,t,virtualCLSmini_PV1/MMXU1.VAr.phsB.t,6b05fb69-3e9a-4d0b-a30d-cc1d43daa9eb
1748,362,a2da9894-9fcb-49ed-a532-d621bdb855c8,VAr.phsB,virtualCLSmini_PV1/MMXU1.VAr.phsB,,units.SIUnit,virtualCLSmini_PV1/MMXU1.VAr.phsB.units.SIUnit,0fe64aee-5b21-4d78-91ba-bc52d5c08ec9
1749,362,a2da9894-9fcb-49ed-a532-d621bdb855c8,VAr.phsB,virtualCLSmini_PV1/MMXU1.VAr.phsB,,d,virtualCLSmini_PV1/MMXU1.VAr.phsB.d,3e834e3f-3037-4911-9c13-c7b86a1c25b8
1750,363,e9b51044-be5d-4375-80f8-687dee6da53a,VAr.phsC,virtualCLSmini_PV1/MMXU1.VAr.phsC,,cVal.mag.f,virtualCLSmini_PV1/MMXU1.VAr.phsC.cVal.mag.f,9e1908ad-2735-46ff-aa73-2572d6eb6e17
1751,363,e9b51044-be5d-4375-80f8-687dee6da53a,VAr.phsC,virtualCLSmini_PV1/MMXU1.VAr.phsC,,q,virtualCLSmini_PV1/MMXU1.VAr.phsC.q,cca56c47-3791-4f01-88be-eaa38295e34d
1752,363,e9b51044-be5d-4375-80f8-687dee6da53a,VAr.phsC,virtualCLSmini_PV1/MMXU1.VAr.phsC,,t,virtualCLSmini_PV1/MMXU1.VAr.phsC.t,84efad77-6b50-42c9-865d-cd0a856ce516
1753,363,e9b51044-be5d-4375-80f8-687dee6da53a,VAr.phsC,virtualCLSmini_PV1/MMXU1.VAr.phsC,,units.SIUnit,virtualCLSmini_PV1/MMXU1.VAr.phsC.units.SIUnit,b8e8ab24-5799-4763-9a0a-744854f71773
1754,363,e9b51044-be5d-4375-80f8-687dee6da53a,VAr.phsC,virtualCLSmini_PV1/MMXU1.VAr.phsC,,d,virtualCLSmini_PV1/MMXU1.VAr.phsC.d,435a0a45-7f34-4c42-8343-55661221146c
1755,364,00849656-f757-49ab-b9b2-5609aa9a5ce9,VAr.neut,virtualCLSmini_PV1/MMXU1.VAr.neut,,cVal.mag.f,virtualCLSmini_PV1/MMXU1.VAr.neut.cVal.mag.f,50ed1ed9-4a51-45fc-a069-870c587b7220
1756,364,00849656-f757-49ab-b9b2-5609aa9a5ce9,VAr.neut,virtualCLSmini_PV1/MMXU1.VAr.neut,,q,virtualCLSmini_PV1/MMXU1.VAr.neut.q,fe9cb9c0-b51f-43ce-acb5-77d89cf9d084
1757,364,00849656-f757-49ab-b9b2-5609aa9a5ce9,VAr.neut,virtualCLSmini_PV1/MMXU1.VAr.neut,,t,virtualCLSmini_PV1/MMXU1.VAr.neut.t,54beade7-6e3d-4b19-9dc3-b67798ce2c8f
1758,364,00849656-f757-49ab-b9b2-5609aa9a5ce9,VAr.neut,virtualCLSmini_PV1/MMXU1.VAr.neut,,units.SIUnit,virtualCLSmini_PV1/MMXU1.VAr.neut.units.SIUnit,1fea63b7-75a9-420d-abe0-81c28ce8324b
1759,364,00849656-f757-49ab-b9b2-5609aa9a5ce9,VAr.neut,virtualCLSmini_PV1/MMXU1.VAr.neut,,d,virtualCLSmini_PV1/MMXU1.VAr.neut.d,507a3810-5e40-4c04-a0ae-f4ec2413334f
1760,365,fee21df2-9fcd-464b-abfc-3e8308f5b7e0,VAr.net,virtualCLSmini_PV1/MMXU1.VAr.net,,cVal.mag.f,virtualCLSmini_PV1/MMXU1.VAr.net.cVal.mag.f,c12b8053-a29e-46fc-888d-2c45af75edd9
1761,365,fee21df2-9fcd-464b-abfc-3e8308f5b7e0,VAr.net,virtualCLSmini_PV1/MMXU1.VAr.net,,q,virtualCLSmini_PV1/MMXU1.VAr.net.q,0e4aec1c-3a08-43dd-9621-1e2e4b0117ea
1762,365,fee21df2-9fcd-464b-abfc-3e8308f5b7e0,VAr.net,virtualCLSmini_PV1/MMXU1.VAr.net,,t,virtualCLSmini_PV1/MMXU1.VAr.net.t,e2ff2a1c-fcef-43b8-961c-5c7218b19916
1763,365,fee21df2-9fcd-464b-abfc-3e8308f5b7e0,VAr.net,virtualCLSmini_PV1/MMXU1.VAr.net,,units.SIUnit,virtualCLSmini_PV1/MMXU1.VAr.net.units.SIUnit,54996fd0-c6e1-4281-84ab-1c1021212708
1764,365,fee21df2-9fcd-464b-abfc-3e8308f5b7e0,VAr.net,virtualCLSmini_PV1/MMXU1.VAr.net,,d,virtualCLSmini_PV1/MMXU1.VAr.net.d,231c53b6-e640-4e8c-969c-40f1f10a84cf
1765,366,0190fd0a-5d3a-4b6a-8c15-1077e897fb13,VAr.res,virtualCLSmini_PV1/MMXU1.VAr.res,,cVal.mag.f,virtualCLSmini_PV1/MMXU1.VAr.res.cVal.mag.f,4514907a-15d6-4d1b-9ead-9ba5c0c84666
1766,366,0190fd0a-5d3a-4b6a-8c15-1077e897fb13,VAr.res,virtualCLSmini_PV1/MMXU1.VAr.res,,q,virtualCLSmini_PV1/MMXU1.VAr.res.q,899f1fff-2b4e-4609-b250-fd25d9079b41
1767,366,0190fd0a-5d3a-4b6a-8c15-1077e897fb13,VAr.res,virtualCLSmini_PV1/MMXU1.VAr.res,,t,virtualCLSmini_PV1/MMXU1.VAr.res.t,e072873c-ef37-4089-ab96-a96ee76aa26b
1768,366,0190fd0a-5d3a-4b6a-8c15-1077e897fb13,VAr.res,virtualCLSmini_PV1/MMXU1.VAr.res,,units.SIUnit,virtualCLSmini_PV1/MMXU1.VAr.res.units.SIUnit,a7290183-ae7d-4c3e-9e64-badd7fef0a1f
1769,366,0190fd0a-5d3a-4b6a-8c15-1077e897fb13,VAr.res,virtualCLSmini_PV1/MMXU1.VAr.res,,d,virtualCLSmini_PV1/MMXU1.VAr.res.d,cba5de45-6e11-4b4d-a363-4aea6f6991e0
1770,367,992c2e9c-5c46-41d3-8676-2db83e5c3ec2,VA.phsA,virtualCLSmini_PV1/MMXU1.VA.phsA,,cVal.mag.f,virtualCLSmini_PV1/MMXU1.VA.phsA.cVal.mag.f,5ed1d885-5fbf-42f8-8649-5fc317519713
1771,367,992c2e9c-5c46-41d3-8676-2db83e5c3ec2,VA.phsA,virtualCLSmini_PV1/MMXU1.VA.phsA,,q,virtualCLSmini_PV1/MMXU1.VA.phsA.q,ce6526a2-f33f-4e28-b7b2-27f6d561a025
1772,367,992c2e9c-5c46-41d3-8676-2db83e5c3ec2,VA.phsA,virtualCLSmini_PV1/MMXU1.VA.phsA,,t,virtualCLSmini_PV1/MMXU1.VA.phsA.t,1801b682-f254-4144-8c4b-532c31cc2688
1773,367,992c2e9c-5c46-41d3-8676-2db83e5c3ec2,VA.phsA,virtualCLSmini_PV1/MMXU1.VA.phsA,,units.SIUnit,virtualCLSmini_PV1/MMXU1.VA.phsA.units.SIUnit,7c4687d6-e145-4c76-820f-5d9f1eb2ee80
1774,367,992c2e9c-5c46-41d3-8676-2db83e5c3ec2,VA.phsA,virtualCLSmini_PV1/MMXU1.VA.phsA,,d,virtualCLSmini_PV1/MMXU1.VA.phsA.d,c26560da-b6a9-49fe-89b5-66d771f5de09
1775,368,a91dcdb2-2d61-43da-9ed6-923c5baa6116,VA.phsB,virtualCLSmini_PV1/MMXU1.VA.phsB,,cVal.mag.f,virtualCLSmini_PV1/MMXU1.VA.phsB.cVal.mag.f,c5f3754d-33b1-4a66-9943-a05a4fd6b904
1776,368,a91dcdb2-2d61-43da-9ed6-923c5baa6116,VA.phsB,virtualCLSmini_PV1/MMXU1.VA.phsB,,q,virtualCLSmini_PV1/MMXU1.VA.phsB.q,a200493d-de13-48d1-a662-131781249843
1777,368,a91dcdb2-2d61-43da-9ed6-923c5baa6116,VA.phsB,virtualCLSmini_PV1/MMXU1.VA.phsB,,t,virtualCLSmini_PV1/MMXU1.VA.phsB.t,32e71b58-129e-4d6b-ba9b-132248d67c2a
1778,368,a91dcdb2-2d61-43da-9ed6-923c5baa6116,VA.phsB,virtualCLSmini_PV1/MMXU1.VA.phsB,,units.SIUnit,virtualCLSmini_PV1/MMXU1.VA.phsB.units.SIUnit,e18c9eee-6354-4119-b368-cc5250b865d0
1779,368,a91dcdb2-2d61-43da-9ed6-923c5baa6116,VA.phsB,virtualCLSmini_PV1/MMXU1.VA.phsB,,d,virtualCLSmini_PV1/MMXU1.VA.phsB.d,eb001319-a4be-41a2-88e6-943c6e256629
1780,369,2ebd7380-3ed7-482c-b785-f285210367fd,VA.phsC,virtualCLSmini_PV1/MMXU1.VA.phsC,,cVal.mag.f,virtualCLSmini_PV1/MMXU1.VA.phsC.cVal.mag.f,8f4c15e2-411b-4cb5-be18-74a46bfd590d
1781,369,2ebd7380-3ed7-482c-b785-f285210367fd,VA.phsC,virtualCLSmini_PV1/MMXU1.VA.phsC,,q,virtualCLSmini_PV1/MMXU1.VA.phsC.q,cbb72320-3f8e-4356-becd-c6eb53323e2c
1782,369,2ebd7380-3ed7-482c-b785-f285210367fd,VA.phsC,virtualCLSmini_PV1/MMXU1.VA.phsC,,t,virtualCLSmini_PV1/MMXU1.VA.phsC.t,3100f64d-6833-4da5-bc01-784609387837
1783,369,2ebd7380-3ed7-482c-b785-f285210367fd,VA.phsC,virtualCLSmini_PV1/MMXU1.VA.phsC,,units.SIUnit,virtualCLSmini_PV1/MMXU1.VA.phsC.units.SIUnit,c7a9c050-9052-4ec5-af33-e830412261e8
1784,369,2ebd7380-3ed7-482c-b785-f285210367fd,VA.phsC,virtualCLSmini_PV1/MMXU1.VA.phsC,,d,virtualCLSmini_PV1/MMXU1.VA.phsC.d,6f375ab1-2bf3-43c6-a2b2-d6711ced99f0
1785,370,aeb7c549-42c9-4f67-851c-666991c1d489,VA.neut,virtualCLSmini_PV1/MMXU1.VA.neut,,cVal.mag.f,virtualCLSmini_PV1/MMXU1.VA.neut.cVal.mag.f,dd7a1ec6-e5fe-4914-a5b3-4a073f320cf4
1786,370,aeb7c549-42c9-4f67-851c-666991c1d489,VA.neut,virtualCLSmini_PV1/MMXU1.VA.neut,,q,virtualCLSmini_PV1/MMXU1.VA.neut.q,b5f1ee61-75e8-4e83-beb8-56b87370ddf6
1787,370,aeb7c549-42c9-4f67-851c-666991c1d489,VA.neut,virtualCLSmini_PV1/MMXU1.VA.neut,,t,virtualCLSmini_PV1/MMXU1.VA.neut.t,868a5aa0-3714-473e-8700-fa405dbdf2b4
1788,370,aeb7c549-42c9-4f67-851c-666991c1d489,VA.neut,virtualCLSmini_PV1/MMXU1.VA.neut,,units.SIUnit,virtualCLSmini_PV1/MMXU1.VA.neut.units.SIUnit,bdd2f9c4-3247-495f-89ce-c4ede7f81f0e
1789,370,aeb7c549-42c9-4f67-851c-666991c1d489,VA.neut,virtualCLSmini_PV1/MMXU1.VA.neut,,d,virtualCLSmini_PV1/MMXU1.VA.neut.d,8f4b3d36-ecc8-47a8-83f1-0bf8d841eced
1790,371,d97ee03f-cd07-446c-a52c-25ba237421dd,VA.net,virtualCLSmini_PV1/MMXU1.VA.net,,cVal.mag.f,virtualCLSmini_PV1/MMXU1.VA.net.cVal.mag.f,5cd0e580-7398-4800-bfcf-b081c146f66d
1791,371,d97ee03f-cd07-446c-a52c-25ba237421dd,VA.net,virtualCLSmini_PV1/MMXU1.VA.net,,q,virtualCLSmini_PV1/MMXU1.VA.net.q,aa8b5142-0456-4161-8e15-293420c148bd
1792,371,d97ee03f-cd07-446c-a52c-25ba237421dd,VA.net,virtualCLSmini_PV1/MMXU1.VA.net,,t,virtualCLSmini_PV1/MMXU1.VA.net.t,fa058d9a-2121-40f9-b7cb-8f6dd99a3536
1793,371,d97ee03f-cd07-446c-a52c-25ba237421dd,VA.net,virtualCLSmini_PV1/MMXU1.VA.net,,units.SIUnit,virtualCLSmini_PV1/MMXU1.VA.net.units.SIUnit,17ae56b6-0202-4c32-8188-e9bcc3fbdf8b
1794,371,d97ee03f-cd07-446c-a52c-25ba237421dd,VA.net,virtualCLSmini_PV1/MMXU1.VA.net,,d,virtualCLSmini_PV1/MMXU1.VA.net.d,7a4f5fff-418d-4615-a624-5dd6bb6db3d1
1795,372,14180d64-2701-41a2-b2e2-af982e9fe3ce,VA.res,virtualCLSmini_PV1/MMXU1.VA.res,,cVal.mag.f,virtualCLSmini_PV1/MMXU1.VA.res.cVal.mag.f,10e8a5e7-b10b-448c-9910-16b98e1df88b
1796,372,14180d64-2701-41a2-b2e2-af982e9fe3ce,VA.res,virtualCLSmini_PV1/MMXU1.VA.res,,q,virtualCLSmini_PV1/MMXU1.VA.res.q,9cb2cf95-8b39-420c-9e9e-e04ee194b7de
1797,372,14180d64-2701-41a2-b2e2-af982e9fe3ce,VA.res,virtualCLSmini_PV1/MMXU1.VA.res,,t,virtualCLSmini_PV1/MMXU1.VA.res.t,39544304-bb69-4942-9e7f-9353a016673b
1798,372,14180d64-2701-41a2-b2e2-af982e9fe3ce,VA.res,virtualCLSmini_PV1/MMXU1.VA.res,,units.SIUnit,virtualCLSmini_PV1/MMXU1.VA.res.units.SIUnit,9447a7a8-7f1e-44ed-882e-ded85494d898
1799,372,14180d64-2701-41a2-b2e2-af982e9fe3ce,VA.res,virtualCLSmini_PV1/MMXU1.VA.res,,d,virtualCLSmini_PV1/MMXU1.VA.res.d,2ccb4792-1600-4791-b926-ee2472947978
1800,373,5534e544-b9e3-4151-bcad-4bfb56fdc9ce,PF.phsA,virtualCLSmini_PV1/MMXU1.PF.phsA,,cVal.mag.f,virtualCLSmini_PV1/MMXU1.PF.phsA.cVal.mag.f,26770b22-b079-4523-a8a0-534611104d5b
1801,373,5534e544-b9e3-4151-bcad-4bfb56fdc9ce,PF.phsA,virtualCLSmini_PV1/MMXU1.PF.phsA,,q,virtualCLSmini_PV1/MMXU1.PF.phsA.q,ce76b144-61b2-47a8-96ad-5dec3fbe3992
1802,373,5534e544-b9e3-4151-bcad-4bfb56fdc9ce,PF.phsA,virtualCLSmini_PV1/MMXU1.PF.phsA,,t,virtualCLSmini_PV1/MMXU1.PF.phsA.t,22cbd41a-e366-410a-9a94-90004896d503
1803,373,5534e544-b9e3-4151-bcad-4bfb56fdc9ce,PF.phsA,virtualCLSmini_PV1/MMXU1.PF.phsA,,units.SIUnit,virtualCLSmini_PV1/MMXU1.PF.phsA.units.SIUnit,4ed9eb75-635b-45cb-a326-79e2340a51a0
1804,373,5534e544-b9e3-4151-bcad-4bfb56fdc9ce,PF.phsA,virtualCLSmini_PV1/MMXU1.PF.phsA,,d,virtualCLSmini_PV1/MMXU1.PF.phsA.d,d10d2e91-054b-433f-8b07-9ef35c03294a
1805,374,838098d2-4657-4bf1-a93d-9010a555e597,PF.phsB,virtualCLSmini_PV1/MMXU1.PF.phsB,,cVal.mag.f,virtualCLSmini_PV1/MMXU1.PF.phsB.cVal.mag.f,66c336f6-2f25-4fdc-8256-2aecf93ececb
1806,374,838098d2-4657-4bf1-a93d-9010a555e597,PF.phsB,virtualCLSmini_PV1/MMXU1.PF.phsB,,q,virtualCLSmini_PV1/MMXU1.PF.phsB.q,c1d64a85-38b7-4f8d-950f-9b4e3f634e4a
1807,374,838098d2-4657-4bf1-a93d-9010a555e597,PF.phsB,virtualCLSmini_PV1/MMXU1.PF.phsB,,t,virtualCLSmini_PV1/MMXU1.PF.phsB.t,d0b4c9b1-934c-4210-b452-4e8df37a2a67
1808,374,838098d2-4657-4bf1-a93d-9010a555e597,PF.phsB,virtualCLSmini_PV1/MMXU1.PF.phsB,,units.SIUnit,virtualCLSmini_PV1/MMXU1.PF.phsB.units.SIUnit,64c93604-c8e0-44c0-a94d-50ecc69589fe
1809,374,838098d2-4657-4bf1-a93d-9010a555e597,PF.phsB,virtualCLSmini_PV1/MMXU1.PF.phsB,,d,virtualCLSmini_PV1/MMXU1.PF.phsB.d,88dc6203-38e1-4950-9847-1344214b7cdb
1810,375,10bd369c-cac7-49ae-9564-bd029fb9a784,PF.phsC,virtualCLSmini_PV1/MMXU1.PF.phsC,,cVal.mag.f,virtualCLSmini_PV1/MMXU1.PF.phsC.cVal.mag.f,0548cd39-d21a-4cc7-a66b-a096aaf3e49f
1811,375,10bd369c-cac7-49ae-9564-bd029fb9a784,PF.phsC,virtualCLSmini_PV1/MMXU1.PF.phsC,,q,virtualCLSmini_PV1/MMXU1.PF.phsC.q,b019c4fb-7f0b-491a-bce6-338061623521
1812,375,10bd369c-cac7-49ae-9564-bd029fb9a784,PF.phsC,virtualCLSmini_PV1/MMXU1.PF.phsC,,t,virtualCLSmini_PV1/MMXU1.PF.phsC.t,47c1b23e-2986-4452-9de6-3006419ae1d5
1813,375,10bd369c-cac7-49ae-9564-bd029fb9a784,PF.phsC,virtualCLSmini_PV1/MMXU1.PF.phsC,,units.SIUnit,virtualCLSmini_PV1/MMXU1.PF.phsC.units.SIUnit,8cfbe9f2-a1f6-438f-a1d2-6143a59eeb3c
1814,375,10bd369c-cac7-49ae-9564-bd029fb9a784,PF.phsC,virtualCLSmini_PV1/MMXU1.PF.phsC,,d,virtualCLSmini_PV1/MMXU1.PF.phsC.d,38df3573-185b-4bf1-bac5-d7dd14bff16e
1815,376,e2fac8ec-d0e2-4385-b511-5bcfa5ed287b,PF.neut,virtualCLSmini_PV1/MMXU1.PF.neut,,cVal.mag.f,virtualCLSmini_PV1/MMXU1.PF.neut.cVal.mag.f,5efdd72d-6124-4147-b686-aa26c526334a
1816,376,e2fac8ec-d0e2-4385-b511-5bcfa5ed287b,PF.neut,virtualCLSmini_PV1/MMXU1.PF.neut,,q,virtualCLSmini_PV1/MMXU1.PF.neut.q,8b81c635-06b6-45d9-a69f-b54cf1faa2a8
1817,376,e2fac8ec-d0e2-4385-b511-5bcfa5ed287b,PF.neut,virtualCLSmini_PV1/MMXU1.PF.neut,,t,virtualCLSmini_PV1/MMXU1.PF.neut.t,09102d05-fc01-41e2-a726-6825067ad491
1818,376,e2fac8ec-d0e2-4385-b511-5bcfa5ed287b,PF.neut,virtualCLSmini_PV1/MMXU1.PF.neut,,units.SIUnit,virtualCLSmini_PV1/MMXU1.PF.neut.units.SIUnit,04d68fc4-bc67-42ea-b6c5-0ed986cb068d
1819,376,e2fac8ec-d0e2-4385-b511-5bcfa5ed287b,PF.neut,virtualCLSmini_PV1/MMXU1.PF.neut,,d,virtualCLSmini_PV1/MMXU1.PF.neut.d,d466ed90-9853-4854-bccf-0ec261d9d19a
1820,377,4d8064df-3e91-44a1-a41f-337efc9cc3c6,PF.net,virtualCLSmini_PV1/MMXU1.PF.net,,cVal.mag.f,virtualCLSmini_PV1/MMXU1.PF.net.cVal.mag.f,1fbe682e-b182-4040-a2af-b32f389abfe1
1821,377,4d8064df-3e91-44a1-a41f-337efc9cc3c6,PF.net,virtualCLSmini_PV1/MMXU1.PF.net,,q,virtualCLSmini_PV1/MMXU1.PF.net.q,1f3cdf61-21c1-4a36-9f31-060bbd2faa9a
1822,377,4d8064df-3e91-44a1-a41f-337efc9cc3c6,PF.net,virtualCLSmini_PV1/MMXU1.PF.net,,t,virtualCLSmini_PV1/MMXU1.PF.net.t,7c1342a3-e695-4f49-835f-8143ede7f6b8
1823,377,4d8064df-3e91-44a1-a41f-337efc9cc3c6,PF.net,virtualCLSmini_PV1/MMXU1.PF.net,,units.SIUnit,virtualCLSmini_PV1/MMXU1.PF.net.units.SIUnit,c197fe11-7b00-416e-ae3f-ebfd81212a59
1824,377,4d8064df-3e91-44a1-a41f-337efc9cc3c6,PF.net,virtualCLSmini_PV1/MMXU1.PF.net,,d,virtualCLSmini_PV1/MMXU1.PF.net.d,9066cb1d-56d6-4146-a22e-f2dfc6fa4efb
1825,378,c6048920-9bcb-4759-9d93-df738f3a3371,PF.res,virtualCLSmini_PV1/MMXU1.PF.res,,cVal.mag.f,virtualCLSmini_PV1/MMXU1.PF.res.cVal.mag.f,e2b48758-c437-47a3-891b-122a004814f7
1826,378,c6048920-9bcb-4759-9d93-df738f3a3371,PF.res,virtualCLSmini_PV1/MMXU1.PF.res,,q,virtualCLSmini_PV1/MMXU1.PF.res.q,ac14de67-f0d6-4e4e-9843-a050fa13362f
1827,378,c6048920-9bcb-4759-9d93-df738f3a3371,PF.res,virtualCLSmini_PV1/MMXU1.PF.res,,t,virtualCLSmini_PV1/MMXU1.PF.res.t,61340915-0b34-4e97-bc2b-18c2d4619884
1828,378,c6048920-9bcb-4759-9d93-df738f3a3371,PF.res,virtualCLSmini_PV1/MMXU1.PF.res,,units.SIUnit,virtualCLSmini_PV1/MMXU1.PF.res.units.SIUnit,ff3708a6-8128-4b58-8153-dc54ce1d0a02
1829,378,c6048920-9bcb-4759-9d93-df738f3a3371,PF.res,virtualCLSmini_PV1/MMXU1.PF.res,,d,virtualCLSmini_PV1/MMXU1.PF.res.d,166eb4b3-e45a-4605-aba7-beda85562847
1830,379,44bc2db2-6d87-4132-847f-5dbbffd794b6,Z.phsA,virtualCLSmini_PV1/MMXU1.Z.phsA,,cVal.mag.f,virtualCLSmini_PV1/MMXU1.Z.phsA.cVal.mag.f,3bd559ff-215d-4bc1-b724-3825b0c3d0d1
1831,379,44bc2db2-6d87-4132-847f-5dbbffd794b6,Z.phsA,virtualCLSmini_PV1/MMXU1.Z.phsA,,q,virtualCLSmini_PV1/MMXU1.Z.phsA.q,fed85393-40bf-40ac-82f5-f745b6b2fa1b
1832,379,44bc2db2-6d87-4132-847f-5dbbffd794b6,Z.phsA,virtualCLSmini_PV1/MMXU1.Z.phsA,,t,virtualCLSmini_PV1/MMXU1.Z.phsA.t,6be1793e-91cd-4f5d-b822-fa7ffb73a58b
1833,379,44bc2db2-6d87-4132-847f-5dbbffd794b6,Z.phsA,virtualCLSmini_PV1/MMXU1.Z.phsA,,units.SIUnit,virtualCLSmini_PV1/MMXU1.Z.phsA.units.SIUnit,d29d7e05-6014-4d7d-ab68-6c605b48388c
1834,379,44bc2db2-6d87-4132-847f-5dbbffd794b6,Z.phsA,virtualCLSmini_PV1/MMXU1.Z.phsA,,d,virtualCLSmini_PV1/MMXU1.Z.phsA.d,c7dfa025-3fd1-40fe-8f73-6bf30afa9ef3
1835,380,640d4374-40d6-463b-97eb-f433cdbabd6f,Z.phsB,virtualCLSmini_PV1/MMXU1.Z.phsB,,cVal.mag.f,virtualCLSmini_PV1/MMXU1.Z.phsB.cVal.mag.f,e8acc77e-acd2-4574-970d-378978d4b7cf
1836,380,640d4374-40d6-463b-97eb-f433cdbabd6f,Z.phsB,virtualCLSmini_PV1/MMXU1.Z.phsB,,q,virtualCLSmini_PV1/MMXU1.Z.phsB.q,679aecda-62fa-4df8-9b60-ffd371440ba6
1837,380,640d4374-40d6-463b-97eb-f433cdbabd6f,Z.phsB,virtualCLSmini_PV1/MMXU1.Z.phsB,,t,virtualCLSmini_PV1/MMXU1.Z.phsB.t,5e27a5d7-846f-41fa-8d97-5b771d7d421a
1838,380,640d4374-40d6-463b-97eb-f433cdbabd6f,Z.phsB,virtualCLSmini_PV1/MMXU1.Z.phsB,,units.SIUnit,virtualCLSmini_PV1/MMXU1.Z.phsB.units.SIUnit,8cb9e56a-28b0-4d8d-97bb-86e738472095
1839,380,640d4374-40d6-463b-97eb-f433cdbabd6f,Z.phsB,virtualCLSmini_PV1/MMXU1.Z.phsB,,d,virtualCLSmini_PV1/MMXU1.Z.phsB.d,f3440d22-8765-4ff6-b53a-1a31ca406226
1840,381,5df4bf44-f311-434a-ba83-64fed0f6c55e,Z.phsC,virtualCLSmini_PV1/MMXU1.Z.phsC,,cVal.mag.f,virtualCLSmini_PV1/MMXU1.Z.phsC.cVal.mag.f,cee6b569-ee37-4518-a0d6-6c8027e20a48
1841,381,5df4bf44-f311-434a-ba83-64fed0f6c55e,Z.phsC,virtualCLSmini_PV1/MMXU1.Z.phsC,,q,virtualCLSmini_PV1/MMXU1.Z.phsC.q,f081e9df-6d61-4bb8-a8df-e7dbbd33af06
1842,381,5df4bf44-f311-434a-ba83-64fed0f6c55e,Z.phsC,virtualCLSmini_PV1/MMXU1.Z.phsC,,t,virtualCLSmini_PV1/MMXU1.Z.phsC.t,da4f8550-9d9f-4912-8cbf-98589503d96b
1843,381,5df4bf44-f311-434a-ba83-64fed0f6c55e,Z.phsC,virtualCLSmini_PV1/MMXU1.Z.phsC,,units.SIUnit,virtualCLSmini_PV1/MMXU1.Z.phsC.units.SIUnit,935c074d-2603-43c0-8b37-41160fb83c43
1844,381,5df4bf44-f311-434a-ba83-64fed0f6c55e,Z.phsC,virtualCLSmini_PV1/MMXU1.Z.phsC,,d,virtualCLSmini_PV1/MMXU1.Z.phsC.d,62b584a3-3f69-462d-8277-b0dad540879a
1845,382,477b2c74-fbaa-4462-b857-9d7bc491292e,Z.neut,virtualCLSmini_PV1/MMXU1.Z.neut,,cVal.mag.f,virtualCLSmini_PV1/MMXU1.Z.neut.cVal.mag.f,c3a3146a-477e-4a7b-b128-9b1859462636
1846,382,477b2c74-fbaa-4462-b857-9d7bc491292e,Z.neut,virtualCLSmini_PV1/MMXU1.Z.neut,,q,virtualCLSmini_PV1/MMXU1.Z.neut.q,24e683cd-4ae7-4285-a320-3fba24ce0a83
1847,382,477b2c74-fbaa-4462-b857-9d7bc491292e,Z.neut,virtualCLSmini_PV1/MMXU1.Z.neut,,t,virtualCLSmini_PV1/MMXU1.Z.neut.t,618c39c4-44ea-45df-813b-c94f16105447
1848,382,477b2c74-fbaa-4462-b857-9d7bc491292e,Z.neut,virtualCLSmini_PV1/MMXU1.Z.neut,,units.SIUnit,virtualCLSmini_PV1/MMXU1.Z.neut.units.SIUnit,068a0f6a-8c2e-4d66-a6ee-84280667ec97
1849,382,477b2c74-fbaa-4462-b857-9d7bc491292e,Z.neut,virtualCLSmini_PV1/MMXU1.Z.neut,,d,virtualCLSmini_PV1/MMXU1.Z.neut.d,6de9bc2b-09bb-44ca-b27a-5eb056adda41
1850,383,e47b83c4-3dd3-438d-8b68-bed23891a633,Z.net,virtualCLSmini_PV1/MMXU1.Z.net,,cVal.mag.f,virtualCLSmini_PV1/MMXU1.Z.net.cVal.mag.f,385dad86-8cf5-42b3-86d2-e4fae7c022c1
1851,383,e47b83c4-3dd3-438d-8b68-bed23891a633,Z.net,virtualCLSmini_PV1/MMXU1.Z.net,,q,virtualCLSmini_PV1/MMXU1.Z.net.q,bbdb0a8b-5d30-4e68-afba-41f72cd8c1c4
1852,383,e47b83c4-3dd3-438d-8b68-bed23891a633,Z.net,virtualCLSmini_PV1/MMXU1.Z.net,,t,virtualCLSmini_PV1/MMXU1.Z.net.t,cd90725c-ee97-467e-8e9b-decc692a93bc
1853,383,e47b83c4-3dd3-438d-8b68-bed23891a633,Z.net,virtualCLSmini_PV1/MMXU1.Z.net,,units.SIUnit,virtualCLSmini_PV1/MMXU1.Z.net.units.SIUnit,689096ef-f523-4482-beaf-293c47145e77
1854,383,e47b83c4-3dd3-438d-8b68-bed23891a633,Z.net,virtualCLSmini_PV1/MMXU1.Z.net,,d,virtualCLSmini_PV1/MMXU1.Z.net.d,6a04c203-e055-4fbf-8c1a-79c0e52db143
1855,384,92a763fc-b2bb-4dc0-8f98-d65c6915af5e,Z.res,virtualCLSmini_PV1/MMXU1.Z.res,,cVal.mag.f,virtualCLSmini_PV1/MMXU1.Z.res.cVal.mag.f,e51e64dd-7fd7-4d52-8c35-97a0d3e3fdda
1856,384,92a763fc-b2bb-4dc0-8f98-d65c6915af5e,Z.res,virtualCLSmini_PV1/MMXU1.Z.res,,q,virtualCLSmini_PV1/MMXU1.Z.res.q,6ef2290b-3378-47b4-802d-220304ddec3c
1857,384,92a763fc-b2bb-4dc0-8f98-d65c6915af5e,Z.res,virtualCLSmini_PV1/MMXU1.Z.res,,t,virtualCLSmini_PV1/MMXU1.Z.res.t,0e97beae-ad3c-4ae6-a259-b41ce99962f2
1858,384,92a763fc-b2bb-4dc0-8f98-d65c6915af5e,Z.res,virtualCLSmini_PV1/MMXU1.Z.res,,units.SIUnit,virtualCLSmini_PV1/MMXU1.Z.res.units.SIUnit,09d0aa35-44dd-46b2-a41c-670d4a0df28b
1859,384,92a763fc-b2bb-4dc0-8f98-d65c6915af5e,Z.res,virtualCLSmini_PV1/MMXU1.Z.res,,d,virtualCLSmini_PV1/MMXU1.Z.res.d,1b4ef5aa-0cba-4f1c-b7a6-972d7402954d
1860,385,ce3ebc19-5e65-4efb-b1f0-7c93fc71b275,AvAPhs,virtualCLSmini_PV1/MMXU1.AvAPhs,,mag.f,virtualCLSmini_PV1/MMXU1.AvAPhs.mag.f,69f5e3d5-fed4-4803-9dd8-c4a028c16bfc
1861,385,ce3ebc19-5e65-4efb-b1f0-7c93fc71b275,AvAPhs,virtualCLSmini_PV1/MMXU1.AvAPhs,,q,virtualCLSmini_PV1/MMXU1.AvAPhs.q,9b7acb35-5b6d-45e9-8a12-fcc77a925375
1862,385,ce3ebc19-5e65-4efb-b1f0-7c93fc71b275,AvAPhs,virtualCLSmini_PV1/MMXU1.AvAPhs,,t,virtualCLSmini_PV1/MMXU1.AvAPhs.t,82d80d0e-d3fe-4ee6-a73b-2c607b91f5ba
1863,385,ce3ebc19-5e65-4efb-b1f0-7c93fc71b275,AvAPhs,virtualCLSmini_PV1/MMXU1.AvAPhs,,units.SIUnit,virtualCLSmini_PV1/MMXU1.AvAPhs.units.SIUnit,4176a9c5-2a4e-4e2e-b2ae-bd4c865a8ae6
1864,385,ce3ebc19-5e65-4efb-b1f0-7c93fc71b275,AvAPhs,virtualCLSmini_PV1/MMXU1.AvAPhs,,d,virtualCLSmini_PV1/MMXU1.AvAPhs.d,f8d27de8-5b6a-4919-b3c9-895ed56edc78
1865,386,2cff3d14-0c50-4733-afaa-4eb81db72433,AvPPVPhs,virtualCLSmini_PV1/MMXU1.AvPPVPhs,,mag.f,virtualCLSmini_PV1/MMXU1.AvPPVPhs.mag.f,524063b2-7c89-444e-a6a5-c3dc863976de
1866,386,2cff3d14-0c50-4733-afaa-4eb81db72433,AvPPVPhs,virtualCLSmini_PV1/MMXU1.AvPPVPhs,,q,virtualCLSmini_PV1/MMXU1.AvPPVPhs.q,4c861c0d-64a4-4adc-a248-7fed7890a183
1867,386,2cff3d14-0c50-4733-afaa-4eb81db72433,AvPPVPhs,virtualCLSmini_PV1/MMXU1.AvPPVPhs,,t,virtualCLSmini_PV1/MMXU1.AvPPVPhs.t,7848a805-d826-4fc8-b00b-52dab199f580
1868,386,2cff3d14-0c50-4733-afaa-4eb81db72433,AvPPVPhs,virtualCLSmini_PV1/MMXU1.AvPPVPhs,,units.SIUnit,virtualCLSmini_PV1/MMXU1.AvPPVPhs.units.SIUnit,9d2bb1ea-ebb0-4482-bce8-e0f646f32126
1869,386,2cff3d14-0c50-4733-afaa-4eb81db72433,AvPPVPhs,virtualCLSmini_PV1/MMXU1.AvPPVPhs,,d,virtualCLSmini_PV1/MMXU1.AvPPVPhs.d,8b04ed47-3214-48ca-9be6-000bce4164cc
1870,387,d7332296-b393-442c-908b-539287b32b1c,AvPhVPhs,virtualCLSmini_PV1/MMXU1.AvPhVPhs,,mag.f,virtualCLSmini_PV1/MMXU1.AvPhVPhs.mag.f,eb79cbde-47c2-4639-b010-aa59bcd6d7e2
1871,387,d7332296-b393-442c-908b-539287b32b1c,AvPhVPhs,virtualCLSmini_PV1/MMXU1.AvPhVPhs,,q,virtualCLSmini_PV1/MMXU1.AvPhVPhs.q,365b7d24-436f-4a35-98b7-54b9312a66d9
1872,387,d7332296-b393-442c-908b-539287b32b1c,AvPhVPhs,virtualCLSmini_PV1/MMXU1.AvPhVPhs,,t,virtualCLSmini_PV1/MMXU1.AvPhVPhs.t,8a000975-8a0b-4588-8f83-3a930fc5cfd0
1873,387,d7332296-b393-442c-908b-539287b32b1c,AvPhVPhs,virtualCLSmini_PV1/MMXU1.AvPhVPhs,,units.SIUnit,virtualCLSmini_PV1/MMXU1.AvPhVPhs.units.SIUnit,f632c400-c611-4f4e-a7c8-e987bd78f53c
1874,387,d7332296-b393-442c-908b-539287b32b1c,AvPhVPhs,virtualCLSmini_PV1/MMXU1.AvPhVPhs,,d,virtualCLSmini_PV1/MMXU1.AvPhVPhs.d,21f365fa-5b60-4d58-9cf7-123e8bf466f2
1875,388,70b04696-bbe2-482d-8ca8-743ed41d9887,AvWPhs,virtualCLSmini_PV1/MMXU1.AvWPhs,,mag.f,virtualCLSmini_PV1/MMXU1.AvWPhs.mag.f,a92e8312-869a-4831-a90e-26015f24288c
1876,388,70b04696-bbe2-482d-8ca8-743ed41d9887,AvWPhs,virtualCLSmini_PV1/MMXU1.AvWPhs,,q,virtualCLSmini_PV1/MMXU1.AvWPhs.q,1bf36779-22b1-4ca3-a266-83d6e10f3549
1877,388,70b04696-bbe2-482d-8ca8-743ed41d9887,AvWPhs,virtualCLSmini_PV1/MMXU1.AvWPhs,,t,virtualCLSmini_PV1/MMXU1.AvWPhs.t,44a88607-7f65-4af3-b3a1-3e9c7d7e3188
1878,388,70b04696-bbe2-482d-8ca8-743ed41d9887,AvWPhs,virtualCLSmini_PV1/MMXU1.AvWPhs,,units.SIUnit,virtualCLSmini_PV1/MMXU1.AvWPhs.units.SIUnit,69dec6c5-8d52-4839-b217-fb2a54b31c89
1879,388,70b04696-bbe2-482d-8ca8-743ed41d9887,AvWPhs,virtualCLSmini_PV1/MMXU1.AvWPhs,,d,virtualCLSmini_PV1/MMXU1.AvWPhs.d,a0b199f6-71e9-404e-a983-87094434c68d
1880,389,45c9da6c-f73b-4d76-98a2-a99f673a2d30,AvVAPhs,virtualCLSmini_PV1/MMXU1.AvVAPhs,,mag.f,virtualCLSmini_PV1/MMXU1.AvVAPhs.mag.f,b171b981-eacd-4901-a785-00d08bca09b9
1881,389,45c9da6c-f73b-4d76-98a2-a99f673a2d30,AvVAPhs,virtualCLSmini_PV1/MMXU1.AvVAPhs,,q,virtualCLSmini_PV1/MMXU1.AvVAPhs.q,2c3bbe5f-11fb-4276-b271-ab96601e239d
1882,389,45c9da6c-f73b-4d76-98a2-a99f673a2d30,AvVAPhs,virtualCLSmini_PV1/MMXU1.AvVAPhs,,t,virtualCLSmini_PV1/MMXU1.AvVAPhs.t,43e1b24b-5cc2-4009-9d6a-b0293a007a90
1883,389,45c9da6c-f73b-4d76-98a2-a99f673a2d30,AvVAPhs,virtualCLSmini_PV1/MMXU1.AvVAPhs,,units.SIUnit,virtualCLSmini_PV1/MMXU1.AvVAPhs.units.SIUnit,0a0e15a3-472f-411b-a03d-e4623ffa9cd8
1884,389,45c9da6c-f73b-4d76-98a2-a99f673a2d30,AvVAPhs,virtualCLSmini_PV1/MMXU1.AvVAPhs,,d,virtualCLSmini_PV1/MMXU1.AvVAPhs.d,a8cdd19a-bde3-4ee5-b75c-21c12b1df7dd
1885,390,b5fdd15f-c5c0-4483-b423-b91fd4a944d0,AvVArPhs,virtualCLSmini_PV1/MMXU1.AvVArPhs,,mag.f,virtualCLSmini_PV1/MMXU1.AvVArPhs.mag.f,7765760d-9f96-4b4a-9e92-351e4f6e00aa
1886,390,b5fdd15f-c5c0-4483-b423-b91fd4a944d0,AvVArPhs,virtualCLSmini_PV1/MMXU1.AvVArPhs,,q,virtualCLSmini_PV1/MMXU1.AvVArPhs.q,09471d82-38e8-4add-8e61-40b1f91ebf0e
1887,390,b5fdd15f-c5c0-4483-b423-b91fd4a944d0,AvVArPhs,virtualCLSmini_PV1/MMXU1.AvVArPhs,,t,virtualCLSmini_PV1/MMXU1.AvVArPhs.t,08acebbd-b0c2-4d0b-af8e-79b12ebbc231
1888,390,b5fdd15f-c5c0-4483-b423-b91fd4a944d0,AvVArPhs,virtualCLSmini_PV1/MMXU1.AvVArPhs,,units.SIUnit,virtualCLSmini_PV1/MMXU1.AvVArPhs.units.SIUnit,7856eb8d-4e46-47ea-a016-05622b1a3eb5
1889,390,b5fdd15f-c5c0-4483-b423-b91fd4a944d0,AvVArPhs,virtualCLSmini_PV1/MMXU1.AvVArPhs,,d,virtualCLSmini_PV1/MMXU1.AvVArPhs.d,63d52a85-410e-45ae-8cf9-6b79de5cafea
1890,391,713c97b1-e214-42eb-811f-c409aa15675e,AvPFPhs,virtualCLSmini_PV1/MMXU1.AvPFPhs,,mag.f,virtualCLSmini_PV1/MMXU1.AvPFPhs.mag.f,e36e86a5-7ad6-4441-b2c7-b484c56ad0f7
1891,391,713c97b1-e214-42eb-811f-c409aa15675e,AvPFPhs,virtualCLSmini_PV1/MMXU1.AvPFPhs,,q,virtualCLSmini_PV1/MMXU1.AvPFPhs.q,d1d5d9b2-36c5-450b-87fd-9660860e4b81
1892,391,713c97b1-e214-42eb-811f-c409aa15675e,AvPFPhs,virtualCLSmini_PV1/MMXU1.AvPFPhs,,t,virtualCLSmini_PV1/MMXU1.AvPFPhs.t,d21d6e12-ec86-44ab-91e3-317dd2b2d66e
1893,391,713c97b1-e214-42eb-811f-c409aa15675e,AvPFPhs,virtualCLSmini_PV1/MMXU1.AvPFPhs,,units.SIUnit,virtualCLSmini_PV1/MMXU1.AvPFPhs.units.SIUnit,a0981677-d289-471b-b301-6acfc080e835
1894,391,713c97b1-e214-42eb-811f-c409aa15675e,AvPFPhs,virtualCLSmini_PV1/MMXU1.AvPFPhs,,d,virtualCLSmini_PV1/MMXU1.AvPFPhs.d,e20c42dc-0c43-419d-a953-0cd7ba4c9fb5
1895,392,e6af8dc0-ea84-45e5-ba33-8c51f851dcf1,AvZPhs,virtualCLSmini_PV1/MMXU1.AvZPhs,,mag.f,virtualCLSmini_PV1/MMXU1.AvZPhs.mag.f,21152bf2-d566-4533-ba96-e07e3144fc9b
1896,392,e6af8dc0-ea84-45e5-ba33-8c51f851dcf1,AvZPhs,virtualCLSmini_PV1/MMXU1.AvZPhs,,q,virtualCLSmini_PV1/MMXU1.AvZPhs.q,61625132-1bbf-480d-a9f3-b7ce93bb667a
1897,392,e6af8dc0-ea84-45e5-ba33-8c51f851dcf1,AvZPhs,virtualCLSmini_PV1/MMXU1.AvZPhs,,t,virtualCLSmini_PV1/MMXU1.AvZPhs.t,14dd263c-8cee-47dc-86c6-06dc86cab918
1898,392,e6af8dc0-ea84-45e5-ba33-8c51f851dcf1,AvZPhs,virtualCLSmini_PV1/MMXU1.AvZPhs,,units.SIUnit,virtualCLSmini_PV1/MMXU1.AvZPhs.units.SIUnit,07102666-f9c2-44dc-ae25-1c163ca3fc01
1899,392,e6af8dc0-ea84-45e5-ba33-8c51f851dcf1,AvZPhs,virtualCLSmini_PV1/MMXU1.AvZPhs,,d,virtualCLSmini_PV1/MMXU1.AvZPhs.d,a4ebd197-5115-4f7b-b97c-c0cbb2505caa
1900,393,6a5044e1-a843-4ccc-b210-860b8683666b,MaxAPhs,virtualCLSmini_PV1/MMXU1.MaxAPhs,,mag.f,virtualCLSmini_PV1/MMXU1.MaxAPhs.mag.f,2eb2cb96-a0c8-49c7-b099-20558a3a084c
1901,393,6a5044e1-a843-4ccc-b210-860b8683666b,MaxAPhs,virtualCLSmini_PV1/MMXU1.MaxAPhs,,q,virtualCLSmini_PV1/MMXU1.MaxAPhs.q,a1489881-0a63-434b-98a0-fad609bf2a95
1902,393,6a5044e1-a843-4ccc-b210-860b8683666b,MaxAPhs,virtualCLSmini_PV1/MMXU1.MaxAPhs,,t,virtualCLSmini_PV1/MMXU1.MaxAPhs.t,c88d31bf-5d70-404b-9eef-3b4472cbb2a7
1903,393,6a5044e1-a843-4ccc-b210-860b8683666b,MaxAPhs,virtualCLSmini_PV1/MMXU1.MaxAPhs,,units.SIUnit,virtualCLSmini_PV1/MMXU1.MaxAPhs.units.SIUnit,d7f58235-c5c7-4fe9-973c-3569d8fd7590
1904,393,6a5044e1-a843-4ccc-b210-860b8683666b,MaxAPhs,virtualCLSmini_PV1/MMXU1.MaxAPhs,,d,virtualCLSmini_PV1/MMXU1.MaxAPhs.d,9160e8c2-a2fc-4c94-8051-4a1f700ab511
1905,394,5f226e7c-ced6-49db-9b84-453d84b3a008,MaxPPVPhs,virtualCLSmini_PV1/MMXU1.MaxPPVPhs,,mag.f,virtualCLSmini_PV1/MMXU1.MaxPPVPhs.mag.f,4125b553-ec89-496e-a9e1-24e8e633e154
1906,394,5f226e7c-ced6-49db-9b84-453d84b3a008,MaxPPVPhs,virtualCLSmini_PV1/MMXU1.MaxPPVPhs,,q,virtualCLSmini_PV1/MMXU1.MaxPPVPhs.q,be96ffe0-04a9-4201-9aef-53c17e89bc5e
1907,394,5f226e7c-ced6-49db-9b84-453d84b3a008,MaxPPVPhs,virtualCLSmini_PV1/MMXU1.MaxPPVPhs,,t,virtualCLSmini_PV1/MMXU1.MaxPPVPhs.t,a6c0807e-5425-4036-92c5-f6333eddca3d
1908,394,5f226e7c-ced6-49db-9b84-453d84b3a008,MaxPPVPhs,virtualCLSmini_PV1/MMXU1.MaxPPVPhs,,units.SIUnit,virtualCLSmini_PV1/MMXU1.MaxPPVPhs.units.SIUnit,f245bb72-b308-493b-bc96-02afbca87f47
1909,394,5f226e7c-ced6-49db-9b84-453d84b3a008,MaxPPVPhs,virtualCLSmini_PV1/MMXU1.MaxPPVPhs,,d,virtualCLSmini_PV1/MMXU1.MaxPPVPhs.d,a74ef833-144d-4037-aeea-3173e354af33
1910,395,34c6e5b1-ad1a-47b5-8f29-1de65c23c11f,MaxPhVPhs,virtualCLSmini_PV1/MMXU1.MaxPhVPhs,,mag.f,virtualCLSmini_PV1/MMXU1.MaxPhVPhs.mag.f,09b645a3-ea14-4ad0-b3b7-c5b27630b266
1911,395,34c6e5b1-ad1a-47b5-8f29-1de65c23c11f,MaxPhVPhs,virtualCLSmini_PV1/MMXU1.MaxPhVPhs,,q,virtualCLSmini_PV1/MMXU1.MaxPhVPhs.q,7428dc0f-eb23-43e2-b2b7-97fe844b2208
1912,395,34c6e5b1-ad1a-47b5-8f29-1de65c23c11f,MaxPhVPhs,virtualCLSmini_PV1/MMXU1.MaxPhVPhs,,t,virtualCLSmini_PV1/MMXU1.MaxPhVPhs.t,eb9dc8c8-4182-4a3e-b73f-fd05bc889aa3
1913,395,34c6e5b1-ad1a-47b5-8f29-1de65c23c11f,MaxPhVPhs,virtualCLSmini_PV1/MMXU1.MaxPhVPhs,,units.SIUnit,virtualCLSmini_PV1/MMXU1.MaxPhVPhs.units.SIUnit,69b1451d-fc57-4562-83b4-34b6cbaaf615
1914,395,34c6e5b1-ad1a-47b5-8f29-1de65c23c11f,MaxPhVPhs,virtualCLSmini_PV1/MMXU1.MaxPhVPhs,,d,virtualCLSmini_PV1/MMXU1.MaxPhVPhs.d,34f86387-d736-4d88-a0da-145dd44eb857
1915,396,b258c2bd-9d64-4caa-90a0-ba086cef04a2,MaxWPhs,virtualCLSmini_PV1/MMXU1.MaxWPhs,,mag.f,virtualCLSmini_PV1/MMXU1.MaxWPhs.mag.f,18cd4f2b-c230-4522-b916-11d160a07cbd
1916,396,b258c2bd-9d64-4caa-90a0-ba086cef04a2,MaxWPhs,virtualCLSmini_PV1/MMXU1.MaxWPhs,,q,virtualCLSmini_PV1/MMXU1.MaxWPhs.q,b2fac448-441e-4561-8069-c3637838b65c
1917,396,b258c2bd-9d64-4caa-90a0-ba086cef04a2,MaxWPhs,virtualCLSmini_PV1/MMXU1.MaxWPhs,,t,virtualCLSmini_PV1/MMXU1.MaxWPhs.t,9eeffc8b-edb2-483c-8458-a4d3982dd5a2
1918,396,b258c2bd-9d64-4caa-90a0-ba086cef04a2,MaxWPhs,virtualCLSmini_PV1/MMXU1.MaxWPhs,,units.SIUnit,virtualCLSmini_PV1/MMXU1.MaxWPhs.units.SIUnit,4b2c96f5-6835-49d4-9ce8-808308fe7af6
1919,396,b258c2bd-9d64-4caa-90a0-ba086cef04a2,MaxWPhs,virtualCLSmini_PV1/MMXU1.MaxWPhs,,d,virtualCLSmini_PV1/MMXU1.MaxWPhs.d,6568221b-992a-43a6-8d88-78bd0d86c6b3
1920,397,28b89693-643f-4c0a-86ca-1094407b215d,MaxVAPhs,virtualCLSmini_PV1/MMXU1.MaxVAPhs,,mag.f,virtualCLSmini_PV1/MMXU1.MaxVAPhs.mag.f,d6aa5177-5eb9-4890-8e45-9880b91c9ce6
1921,397,28b89693-643f-4c0a-86ca-1094407b215d,MaxVAPhs,virtualCLSmini_PV1/MMXU1.MaxVAPhs,,q,virtualCLSmini_PV1/MMXU1.MaxVAPhs.q,761490d3-e301-42fe-906f-cc8525425d15
1922,397,28b89693-643f-4c0a-86ca-1094407b215d,MaxVAPhs,virtualCLSmini_PV1/MMXU1.MaxVAPhs,,t,virtualCLSmini_PV1/MMXU1.MaxVAPhs.t,59aaec7b-0d01-4b8c-9ce3-a98989cfab86
1923,397,28b89693-643f-4c0a-86ca-1094407b215d,MaxVAPhs,virtualCLSmini_PV1/MMXU1.MaxVAPhs,,units.SIUnit,virtualCLSmini_PV1/MMXU1.MaxVAPhs.units.SIUnit,571abdaa-38a0-401a-804e-29c5191dfe43
1924,397,28b89693-643f-4c0a-86ca-1094407b215d,MaxVAPhs,virtualCLSmini_PV1/MMXU1.MaxVAPhs,,d,virtualCLSmini_PV1/MMXU1.MaxVAPhs.d,e8bf404f-1636-4786-8348-5df629dd28ac
1925,398,edadc98b-a0d6-42d5-8485-9951fa1c3d12,MaxVArPhs,virtualCLSmini_PV1/MMXU1.MaxVArPhs,,mag.f,virtualCLSmini_PV1/MMXU1.MaxVArPhs.mag.f,26ebfd4e-a6d4-4951-98c9-9f1feb0be57e
1926,398,edadc98b-a0d6-42d5-8485-9951fa1c3d12,MaxVArPhs,virtualCLSmini_PV1/MMXU1.MaxVArPhs,,q,virtualCLSmini_PV1/MMXU1.MaxVArPhs.q,abbd1367-be57-4b5c-87f2-d4c37ffcc85d
1927,398,edadc98b-a0d6-42d5-8485-9951fa1c3d12,MaxVArPhs,virtualCLSmini_PV1/MMXU1.MaxVArPhs,,t,virtualCLSmini_PV1/MMXU1.MaxVArPhs.t,ca1e4c29-5e72-4ed2-8b14-0f807f400d32
1928,398,edadc98b-a0d6-42d5-8485-9951fa1c3d12,MaxVArPhs,virtualCLSmini_PV1/MMXU1.MaxVArPhs,,units.SIUnit,virtualCLSmini_PV1/MMXU1.MaxVArPhs.units.SIUnit,fb624e05-1bcd-4898-8621-1d03fab42afc
1929,398,edadc98b-a0d6-42d5-8485-9951fa1c3d12,MaxVArPhs,virtualCLSmini_PV1/MMXU1.MaxVArPhs,,d,virtualCLSmini_PV1/MMXU1.MaxVArPhs.d,447bc0d7-962f-40df-a26c-6433edc209bf
1930,399,e2a9294e-f996-4181-a452-1eb40699425c,MaxPFPhs,virtualCLSmini_PV1/MMXU1.MaxPFPhs,,mag.f,virtualCLSmini_PV1/MMXU1.MaxPFPhs.mag.f,242fd58e-47cd-4593-a403-d105119f819c
1931,399,e2a9294e-f996-4181-a452-1eb40699425c,MaxPFPhs,virtualCLSmini_PV1/MMXU1.MaxPFPhs,,q,virtualCLSmini_PV1/MMXU1.MaxPFPhs.q,988dc8de-edb1-4cea-8522-f545ea130f08
1932,399,e2a9294e-f996-4181-a452-1eb40699425c,MaxPFPhs,virtualCLSmini_PV1/MMXU1.MaxPFPhs,,t,virtualCLSmini_PV1/MMXU1.MaxPFPhs.t,5f1fe07c-c782-4c59-8632-54fc6907ab16
1933,399,e2a9294e-f996-4181-a452-1eb40699425c,MaxPFPhs,virtualCLSmini_PV1/MMXU1.MaxPFPhs,,units.SIUnit,virtualCLSmini_PV1/MMXU1.MaxPFPhs.units.SIUnit,6b90460b-8d89-4d5a-8fe5-8271031835d7
1934,399,e2a9294e-f996-4181-a452-1eb40699425c,MaxPFPhs,virtualCLSmini_PV1/MMXU1.MaxPFPhs,,d,virtualCLSmini_PV1/MMXU1.MaxPFPhs.d,39718bde-8f77-4f67-8421-f5a0bcd0f860
1935,400,f176ac8a-c303-4c7b-805c-8f71d001c6f1,MaxZPhs,virtualCLSmini_PV1/MMXU1.MaxZPhs,,mag.f,virtualCLSmini_PV1/MMXU1.MaxZPhs.mag.f,6546c011-397e-489b-b013-ca68571930d7
1936,400,f176ac8a-c303-4c7b-805c-8f71d001c6f1,MaxZPhs,virtualCLSmini_PV1/MMXU1.MaxZPhs,,q,virtualCLSmini_PV1/MMXU1.MaxZPhs.q,a013fb45-3c8c-4d49-9b1a-eae46cbe8504
1937,400,f176ac8a-c303-4c7b-805c-8f71d001c6f1,MaxZPhs,virtualCLSmini_PV1/MMXU1.MaxZPhs,,t,virtualCLSmini_PV1/MMXU1.MaxZPhs.t,08a6aaa7-80f0-4bd2-8f35-583c9d5009ca
1938,400,f176ac8a-c303-4c7b-805c-8f71d001c6f1,MaxZPhs,virtualCLSmini_PV1/MMXU1.MaxZPhs,,units.SIUnit,virtualCLSmini_PV1/MMXU1.MaxZPhs.units.SIUnit,60070508-735e-4e04-a574-443b5b25d109
1939,400,f176ac8a-c303-4c7b-805c-8f71d001c6f1,MaxZPhs,virtualCLSmini_PV1/MMXU1.MaxZPhs,,d,virtualCLSmini_PV1/MMXU1.MaxZPhs.d,6decccfc-6a73-4ff3-a410-9b4c5c40a6e6
1940,401,9803d4c5-322e-415e-af4d-bf0a8cae46e1,MinAPhs,virtualCLSmini_PV1/MMXU1.MinAPhs,,mag.f,virtualCLSmini_PV1/MMXU1.MinAPhs.mag.f,aa5fd445-856f-409b-a330-82a46ed1607b
1941,401,9803d4c5-322e-415e-af4d-bf0a8cae46e1,MinAPhs,virtualCLSmini_PV1/MMXU1.MinAPhs,,q,virtualCLSmini_PV1/MMXU1.MinAPhs.q,910aa63d-3218-4c9b-8a9b-b32192599aac
1942,401,9803d4c5-322e-415e-af4d-bf0a8cae46e1,MinAPhs,virtualCLSmini_PV1/MMXU1.MinAPhs,,t,virtualCLSmini_PV1/MMXU1.MinAPhs.t,59a3051c-69cc-4b0d-87b5-e852f127c6c6
1943,401,9803d4c5-322e-415e-af4d-bf0a8cae46e1,MinAPhs,virtualCLSmini_PV1/MMXU1.MinAPhs,,units.SIUnit,virtualCLSmini_PV1/MMXU1.MinAPhs.units.SIUnit,4a63a5fe-b587-468a-af82-87793f85568d
1944,401,9803d4c5-322e-415e-af4d-bf0a8cae46e1,MinAPhs,virtualCLSmini_PV1/MMXU1.MinAPhs,,d,virtualCLSmini_PV1/MMXU1.MinAPhs.d,c0ed766a-9a97-4015-8379-4e83cfad3311
1945,402,f89f25c9-ebe4-4b94-a5ea-ae68464d093a,MinPPVPhs,virtualCLSmini_PV1/MMXU1.MinPPVPhs,,mag.f,virtualCLSmini_PV1/MMXU1.MinPPVPhs.mag.f,ad736ba2-aa5c-4819-870d-62d1bdd1ce21
1946,402,f89f25c9-ebe4-4b94-a5ea-ae68464d093a,MinPPVPhs,virtualCLSmini_PV1/MMXU1.MinPPVPhs,,q,virtualCLSmini_PV1/MMXU1.MinPPVPhs.q,7bdc96ca-0453-484d-a7e2-b9e3be22f589
1947,402,f89f25c9-ebe4-4b94-a5ea-ae68464d093a,MinPPVPhs,virtualCLSmini_PV1/MMXU1.MinPPVPhs,,t,virtualCLSmini_PV1/MMXU1.MinPPVPhs.t,2ae9757a-a8f5-4753-8a54-60c896398bf2
1948,402,f89f25c9-ebe4-4b94-a5ea-ae68464d093a,MinPPVPhs,virtualCLSmini_PV1/MMXU1.MinPPVPhs,,units.SIUnit,virtualCLSmini_PV1/MMXU1.MinPPVPhs.units.SIUnit,78599a2f-e11f-4314-862f-c50503218417
1949,402,f89f25c9-ebe4-4b94-a5ea-ae68464d093a,MinPPVPhs,virtualCLSmini_PV1/MMXU1.MinPPVPhs,,d,virtualCLSmini_PV1/MMXU1.MinPPVPhs.d,144d7cea-e479-4571-8754-3a9947041e3e
1950,403,c8dd7944-ad21-466c-8ad0-99c9ad19d39c,MinPhVPhs,virtualCLSmini_PV1/MMXU1.MinPhVPhs,,mag.f,virtualCLSmini_PV1/MMXU1.MinPhVPhs.mag.f,885a3889-c91a-4153-87d2-e274332003d1
1951,403,c8dd7944-ad21-466c-8ad0-99c9ad19d39c,MinPhVPhs,virtualCLSmini_PV1/MMXU1.MinPhVPhs,,q,virtualCLSmini_PV1/MMXU1.MinPhVPhs.q,69321bd2-c0d9-4d9f-aab9-292fe792c8e3
1952,403,c8dd7944-ad21-466c-8ad0-99c9ad19d39c,MinPhVPhs,virtualCLSmini_PV1/MMXU1.MinPhVPhs,,t,virtualCLSmini_PV1/MMXU1.MinPhVPhs.t,d37a32fa-0d05-4d2f-a7bf-c9126d315c67
1953,403,c8dd7944-ad21-466c-8ad0-99c9ad19d39c,MinPhVPhs,virtualCLSmini_PV1/MMXU1.MinPhVPhs,,units.SIUnit,virtualCLSmini_PV1/MMXU1.MinPhVPhs.units.SIUnit,96269947-9fbe-416b-985e-4f6b78328c99
1954,403,c8dd7944-ad21-466c-8ad0-99c9ad19d39c,MinPhVPhs,virtualCLSmini_PV1/MMXU1.MinPhVPhs,,d,virtualCLSmini_PV1/MMXU1.MinPhVPhs.d,bf082a2f-69dc-4e32-b2a4-c33252f78944
1955,404,82b5b4c5-3e84-445f-a0f8-f8f8bb5341b5,MinWPhs,virtualCLSmini_PV1/MMXU1.MinWPhs,,mag.f,virtualCLSmini_PV1/MMXU1.MinWPhs.mag.f,64ae98d2-e326-4a74-a358-af6169dc2ce7
1956,404,82b5b4c5-3e84-445f-a0f8-f8f8bb5341b5,MinWPhs,virtualCLSmini_PV1/MMXU1.MinWPhs,,q,virtualCLSmini_PV1/MMXU1.MinWPhs.q,27c255a8-8c59-49d1-9d51-77fbbd7d6ae3
1957,404,82b5b4c5-3e84-445f-a0f8-f8f8bb5341b5,MinWPhs,virtualCLSmini_PV1/MMXU1.MinWPhs,,t,virtualCLSmini_PV1/MMXU1.MinWPhs.t,c9c15d7d-27a4-4bc9-a353-9ae8c7681640
1958,404,82b5b4c5-3e84-445f-a0f8-f8f8bb5341b5,MinWPhs,virtualCLSmini_PV1/MMXU1.MinWPhs,,units.SIUnit,virtualCLSmini_PV1/MMXU1.MinWPhs.units.SIUnit,a0428d9c-de22-452a-89fa-7e11a394ea1c
1959,404,82b5b4c5-3e84-445f-a0f8-f8f8bb5341b5,MinWPhs,virtualCLSmini_PV1/MMXU1.MinWPhs,,d,virtualCLSmini_PV1/MMXU1.MinWPhs.d,0e2e8529-16dd-4b6c-8a80-6e53af6ededa
1960,405,adf7ec67-a5e9-4c7f-aa02-acfa1dee1614,MinVAPhs,virtualCLSmini_PV1/MMXU1.MinVAPhs,,mag.f,virtualCLSmini_PV1/MMXU1.MinVAPhs.mag.f,50b37a1f-645c-4ddc-a928-de1badcfde53
1961,405,adf7ec67-a5e9-4c7f-aa02-acfa1dee1614,MinVAPhs,virtualCLSmini_PV1/MMXU1.MinVAPhs,,q,virtualCLSmini_PV1/MMXU1.MinVAPhs.q,8efd5b9b-29ec-4d6a-914f-701785b91bc2
1962,405,adf7ec67-a5e9-4c7f-aa02-acfa1dee1614,MinVAPhs,virtualCLSmini_PV1/MMXU1.MinVAPhs,,t,virtualCLSmini_PV1/MMXU1.MinVAPhs.t,56e2e65f-166b-4685-b9c6-550d517d3291
1963,405,adf7ec67-a5e9-4c7f-aa02-acfa1dee1614,MinVAPhs,virtualCLSmini_PV1/MMXU1.MinVAPhs,,units.SIUnit,virtualCLSmini_PV1/MMXU1.MinVAPhs.units.SIUnit,41d93c1f-4430-47ab-849c-104aa96db0f1
1964,405,adf7ec67-a5e9-4c7f-aa02-acfa1dee1614,MinVAPhs,virtualCLSmini_PV1/MMXU1.MinVAPhs,,d,virtualCLSmini_PV1/MMXU1.MinVAPhs.d,3bc6dae3-79e4-42f0-8a31-3e2f6325c6dd
1965,406,7166fe5b-365f-4b8c-8204-599397c57dca,MinVArPhs,virtualCLSmini_PV1/MMXU1.MinVArPhs,,mag.f,virtualCLSmini_PV1/MMXU1.MinVArPhs.mag.f,a7347928-0f58-43e0-8ae6-789c7534f1a0
1966,406,7166fe5b-365f-4b8c-8204-599397c57dca,MinVArPhs,virtualCLSmini_PV1/MMXU1.MinVArPhs,,q,virtualCLSmini_PV1/MMXU1.MinVArPhs.q,6cdba56e-0f40-4a5f-8d53-e4196137329a
1967,406,7166fe5b-365f-4b8c-8204-599397c57dca,MinVArPhs,virtualCLSmini_PV1/MMXU1.MinVArPhs,,t,virtualCLSmini_PV1/MMXU1.MinVArPhs.t,452519b5-7633-4949-95b9-70f1f08731c7
1968,406,7166fe5b-365f-4b8c-8204-599397c57dca,MinVArPhs,virtualCLSmini_PV1/MMXU1.MinVArPhs,,units.SIUnit,virtualCLSmini_PV1/MMXU1.MinVArPhs.units.SIUnit,ca2390d6-f70b-4597-bf3b-ecc5c84bf65d
1969,406,7166fe5b-365f-4b8c-8204-599397c57dca,MinVArPhs,virtualCLSmini_PV1/MMXU1.MinVArPhs,,d,virtualCLSmini_PV1/MMXU1.MinVArPhs.d,41fefaf0-c29b-42e9-ad3e-b159b9048908
1970,407,5636c9a7-27e5-43d9-8d66-4fa6abc41371,MinPFPhs,virtualCLSmini_PV1/MMXU1.MinPFPhs,,mag.f,virtualCLSmini_PV1/MMXU1.MinPFPhs.mag.f,02b1fb90-9d3d-4ed5-8b28-8a9402e24f32
1971,407,5636c9a7-27e5-43d9-8d66-4fa6abc41371,MinPFPhs,virtualCLSmini_PV1/MMXU1.MinPFPhs,,q,virtualCLSmini_PV1/MMXU1.MinPFPhs.q,e0b9f58a-9c9c-4d0a-9738-e48e0505becf
1972,407,5636c9a7-27e5-43d9-8d66-4fa6abc41371,MinPFPhs,virtualCLSmini_PV1/MMXU1.MinPFPhs,,t,virtualCLSmini_PV1/MMXU1.MinPFPhs.t,b494b5c1-28c2-41d3-8997-b94310c47968
1973,407,5636c9a7-27e5-43d9-8d66-4fa6abc41371,MinPFPhs,virtualCLSmini_PV1/MMXU1.MinPFPhs,,units.SIUnit,virtualCLSmini_PV1/MMXU1.MinPFPhs.units.SIUnit,2e498dca-5749-4a76-8995-ff39ab1ef917
1974,407,5636c9a7-27e5-43d9-8d66-4fa6abc41371,MinPFPhs,virtualCLSmini_PV1/MMXU1.MinPFPhs,,d,virtualCLSmini_PV1/MMXU1.MinPFPhs.d,d5489db3-4b8a-4181-bb64-8cd9233843e8
1975,408,f0847d15-7105-4482-a794-fbcc7582fb42,MinZPhs,virtualCLSmini_PV1/MMXU1.MinZPhs,,mag.f,virtualCLSmini_PV1/MMXU1.MinZPhs.mag.f,23f818f1-6c2b-4bd8-baad-e9e2cc8148ff
1976,408,f0847d15-7105-4482-a794-fbcc7582fb42,MinZPhs,virtualCLSmini_PV1/MMXU1.MinZPhs,,q,virtualCLSmini_PV1/MMXU1.MinZPhs.q,0a4e5151-8c37-483a-9749-f715b268462f
1977,408,f0847d15-7105-4482-a794-fbcc7582fb42,MinZPhs,virtualCLSmini_PV1/MMXU1.MinZPhs,,t,virtualCLSmini_PV1/MMXU1.MinZPhs.t,bccc95a5-c9d6-447f-bb14-8987e6d44c40
1978,408,f0847d15-7105-4482-a794-fbcc7582fb42,MinZPhs,virtualCLSmini_PV1/MMXU1.MinZPhs,,units.SIUnit,virtualCLSmini_PV1/MMXU1.MinZPhs.units.SIUnit,047e3701-aa5e-4782-ae46-8ccdf3b29a85
1979,408,f0847d15-7105-4482-a794-fbcc7582fb42,MinZPhs,virtualCLSmini_PV1/MMXU1.MinZPhs,,d,virtualCLSmini_PV1/MMXU1.MinZPhs.d,5f451205-cd8e-4b2f-9089-52a28e724344
1980,409,7d94c506-4a75-4dcc-a6d2-59bdbecd8bd5,HzRte,virtualCLSmini_PV1/MMXU1.HzRte,,mag.f,virtualCLSmini_PV1/MMXU1.HzRte.mag.f,29fa7f3a-6dfc-4d5c-a632-26c84b5aba38
1981,409,7d94c506-4a75-4dcc-a6d2-59bdbecd8bd5,HzRte,virtualCLSmini_PV1/MMXU1.HzRte,,q,virtualCLSmini_PV1/MMXU1.HzRte.q,cc2810c9-7d02-4963-bd13-dc35fe502de8
1982,409,7d94c506-4a75-4dcc-a6d2-59bdbecd8bd5,HzRte,virtualCLSmini_PV1/MMXU1.HzRte,,t,virtualCLSmini_PV1/MMXU1.HzRte.t,b9ae0a3d-de17-427d-b3ea-addfb4015943
1983,409,7d94c506-4a75-4dcc-a6d2-59bdbecd8bd5,HzRte,virtualCLSmini_PV1/MMXU1.HzRte,,units.SIUnit,virtualCLSmini_PV1/MMXU1.HzRte.units.SIUnit,5ae2e4fd-e1b3-4db9-86d1-4f52fd4bf545
1984,409,7d94c506-4a75-4dcc-a6d2-59bdbecd8bd5,HzRte,virtualCLSmini_PV1/MMXU1.HzRte,,d,virtualCLSmini_PV1/MMXU1.HzRte.d,57dbf4f4-5cb7-4173-98f8-9f49ef67727a
1985,410,3035108b-2b1a-4fde-bb5b-ee9972c2bebd,Mod,virtualCLSmini_PV1/MMXU1.Mod,,origin.orCat,virtualCLSmini_PV1/MMXU1.Mod.origin.orCat,963f3369-61b2-4a62-bdf2-c157150fe7fa
1986,410,3035108b-2b1a-4fde-bb5b-ee9972c2bebd,Mod,virtualCLSmini_PV1/MMXU1.Mod,,origin.orIdent,virtualCLSmini_PV1/MMXU1.Mod.origin.orIdent,35900f2b-d071-4645-8f96-a89baa720b72
1987,410,3035108b-2b1a-4fde-bb5b-ee9972c2bebd,Mod,virtualCLSmini_PV1/MMXU1.Mod,,ctlNum,virtualCLSmini_PV1/MMXU1.Mod.ctlNum,e6615f09-886f-462d-8529-23a8b5100f1f
1988,410,3035108b-2b1a-4fde-bb5b-ee9972c2bebd,Mod,virtualCLSmini_PV1/MMXU1.Mod,,stVal,virtualCLSmini_PV1/MMXU1.Mod.stVal,e4aad832-9d5d-460c-9153-fb99d072399f
1989,410,3035108b-2b1a-4fde-bb5b-ee9972c2bebd,Mod,virtualCLSmini_PV1/MMXU1.Mod,,q,virtualCLSmini_PV1/MMXU1.Mod.q,bf9561c9-3587-4e96-8392-17a1dcfead0b
1990,410,3035108b-2b1a-4fde-bb5b-ee9972c2bebd,Mod,virtualCLSmini_PV1/MMXU1.Mod,,t,virtualCLSmini_PV1/MMXU1.Mod.t,687a988f-830e-4415-b5e2-f8e08b7417ea
1991,410,3035108b-2b1a-4fde-bb5b-ee9972c2bebd,Mod,virtualCLSmini_PV1/MMXU1.Mod,,ctlModel,virtualCLSmini_PV1/MMXU1.Mod.ctlModel,c626de82-1ec7-46e7-9378-054e9e8b91cb
1992,410,3035108b-2b1a-4fde-bb5b-ee9972c2bebd,Mod,virtualCLSmini_PV1/MMXU1.Mod,,ctlVal,virtualCLSmini_PV1/MMXU1.Mod.ctlVal,9c6b717e-fa73-4d89-9ea3-14bf78adff1a
1993,410,3035108b-2b1a-4fde-bb5b-ee9972c2bebd,Mod,virtualCLSmini_PV1/MMXU1.Mod,,d,virtualCLSmini_PV1/MMXU1.Mod.d,efaa3f5a-6f13-4405-a75a-01d2756c978b
1994,411,a8541ae3-db45-4984-8bcc-0fc1ac028725,NamPlt,virtualCLSmini_PV1/DCCT1.NamPlt,,vendor,virtualCLSmini_PV1/DCCT1.NamPlt.vendor,6b3b56af-5b95-4b83-8040-b3e539486b87
1995,411,a8541ae3-db45-4984-8bcc-0fc1ac028725,NamPlt,virtualCLSmini_PV1/DCCT1.NamPlt,,swRev,virtualCLSmini_PV1/DCCT1.NamPlt.swRev,ac67ed06-e51b-4ca9-82dc-ff657eab7eaa
1996,411,a8541ae3-db45-4984-8bcc-0fc1ac028725,NamPlt,virtualCLSmini_PV1/DCCT1.NamPlt,,configRev,virtualCLSmini_PV1/DCCT1.NamPlt.configRev,b2179245-b14f-4517-b41c-907977c959a2
1997,411,a8541ae3-db45-4984-8bcc-0fc1ac028725,NamPlt,virtualCLSmini_PV1/DCCT1.NamPlt,,d,virtualCLSmini_PV1/DCCT1.NamPlt.d,4e5a6e53-a966-4d2e-b27b-d98987c30311
1998,412,e4d78630-c6c4-436c-bca6-840ee335c2f8,Beh,virtualCLSmini_PV1/DCCT1.Beh,,stVal,virtualCLSmini_PV1/DCCT1.Beh.stVal,9d0b93cb-0e9c-4b26-954b-1d49ba795cc1
1999,412,e4d78630-c6c4-436c-bca6-840ee335c2f8,Beh,virtualCLSmini_PV1/DCCT1.Beh,,q,virtualCLSmini_PV1/DCCT1.Beh.q,cf06ba15-e664-4a61-ba3d-7b8075c2f802
2000,412,e4d78630-c6c4-436c-bca6-840ee335c2f8,Beh,virtualCLSmini_PV1/DCCT1.Beh,,t,virtualCLSmini_PV1/DCCT1.Beh.t,696e034a-d2f8-46f5-b4f7-a76a647642aa
2001,412,e4d78630-c6c4-436c-bca6-840ee335c2f8,Beh,virtualCLSmini_PV1/DCCT1.Beh,,d,virtualCLSmini_PV1/DCCT1.Beh.d,f17efc12-5896-48e1-a194-7362fcc1f39f
2002,413,a5dffcba-62b0-47ae-b288-b24ef33dc018,Health,virtualCLSmini_PV1/DCCT1.Health,,stVal,virtualCLSmini_PV1/DCCT1.Health.stVal,0f3a1391-ee7d-4b93-a12b-1b1477acf550
2003,413,a5dffcba-62b0-47ae-b288-b24ef33dc018,Health,virtualCLSmini_PV1/DCCT1.Health,,q,virtualCLSmini_PV1/DCCT1.Health.q,6071db08-381a-4e0e-b6b8-cda9e3f4f20d
2004,413,a5dffcba-62b0-47ae-b288-b24ef33dc018,Health,virtualCLSmini_PV1/DCCT1.Health,,t,virtualCLSmini_PV1/DCCT1.Health.t,1d958f36-eee1-48b8-8b16-d20cc18fa5d4
2005,413,a5dffcba-62b0-47ae-b288-b24ef33dc018,Health,virtualCLSmini_PV1/DCCT1.Health,,d,virtualCLSmini_PV1/DCCT1.Health.d,efe49268-b4d6-4307-8480-9c33c0aa569f
2006,414,973e7233-40c6-4fe3-a525-2723d2898a12,OpCost,virtualCLSmini_PV1/DCCT1.OpCost,,setMag.f,virtualCLSmini_PV1/DCCT1.OpCost.setMag.f,21afcfb2-6680-4e8a-a7e0-afe58a5b5794
2007,414,973e7233-40c6-4fe3-a525-2723d2898a12,OpCost,virtualCLSmini_PV1/DCCT1.OpCost,,units.SIUnit,virtualCLSmini_PV1/DCCT1.OpCost.units.SIUnit,ce2f0071-db5f-4ed3-bdb2-155a4906260c
2008,414,973e7233-40c6-4fe3-a525-2723d2898a12,OpCost,virtualCLSmini_PV1/DCCT1.OpCost,,d,virtualCLSmini_PV1/DCCT1.OpCost.d,a729e7ff-8d43-4dc4-90ba-db3424a0f869
2009,415,db18d441-1ed2-4fd9-9b55-241011c889b1,OpWhCost,virtualCLSmini_PV1/DCCT1.OpWhCost,,setMag.f,virtualCLSmini_PV1/DCCT1.OpWhCost.setMag.f,81c29dae-d71f-4b71-8049-766498d78235
2010,415,db18d441-1ed2-4fd9-9b55-241011c889b1,OpWhCost,virtualCLSmini_PV1/DCCT1.OpWhCost,,units.SIUnit,virtualCLSmini_PV1/DCCT1.OpWhCost.units.SIUnit,1c40d3c9-c837-4c59-b73e-d8d2b8d9f84d
2011,415,db18d441-1ed2-4fd9-9b55-241011c889b1,OpWhCost,virtualCLSmini_PV1/DCCT1.OpWhCost,,d,virtualCLSmini_PV1/DCCT1.OpWhCost.d,b502a08e-263e-4eb3-9b44-da38a378616d
2012,416,dd4f0e27-3908-4648-9961-9bec42441eaf,StrCost,virtualCLSmini_PV1/DCCT1.StrCost,,setMag.f,virtualCLSmini_PV1/DCCT1.StrCost.setMag.f,d73bead9-50da-4653-9c92-85af823a1155
2013,416,dd4f0e27-3908-4648-9961-9bec42441eaf,StrCost,virtualCLSmini_PV1/DCCT1.StrCost,,units.SIUnit,virtualCLSmini_PV1/DCCT1.StrCost.units.SIUnit,a197811f-134d-475e-ad42-886ad1b02991
2014,416,dd4f0e27-3908-4648-9961-9bec42441eaf,StrCost,virtualCLSmini_PV1/DCCT1.StrCost,,d,virtualCLSmini_PV1/DCCT1.StrCost.d,412e2b34-3326-460d-b75b-28e6c15cb8f3
2015,417,3ed6601d-129c-430e-989c-c5de6b71fba7,StopCost,virtualCLSmini_PV1/DCCT1.StopCost,,setMag.f,virtualCLSmini_PV1/DCCT1.StopCost.setMag.f,283cb772-7df8-4e67-90d6-3f7fa3786ac4
2016,417,3ed6601d-129c-430e-989c-c5de6b71fba7,StopCost,virtualCLSmini_PV1/DCCT1.StopCost,,units.SIUnit,virtualCLSmini_PV1/DCCT1.StopCost.units.SIUnit,2f56fbd4-0e47-4c72-96c0-b14820f5deba
2017,417,3ed6601d-129c-430e-989c-c5de6b71fba7,StopCost,virtualCLSmini_PV1/DCCT1.StopCost,,d,virtualCLSmini_PV1/DCCT1.StopCost.d,3bc46a09-8265-4a51-970c-701bd8f89cdb
2018,418,be85228e-73ef-4130-9ee9-f6b1e4e51e87,RampCost,virtualCLSmini_PV1/DCCT1.RampCost,,setMag.f,virtualCLSmini_PV1/DCCT1.RampCost.setMag.f,237da16d-0316-4796-96f3-18bf0cbf3661
2019,418,be85228e-73ef-4130-9ee9-f6b1e4e51e87,RampCost,virtualCLSmini_PV1/DCCT1.RampCost,,units.SIUnit,virtualCLSmini_PV1/DCCT1.RampCost.units.SIUnit,3d4c9e4d-3a66-41e8-808c-f409b885e36d
2020,418,be85228e-73ef-4130-9ee9-f6b1e4e51e87,RampCost,virtualCLSmini_PV1/DCCT1.RampCost,,d,virtualCLSmini_PV1/DCCT1.RampCost.d,9b8b38a6-d806-4f9b-9396-1d5095de955b
2021,419,53fe0b52-9302-4d52-9033-a12a211ccafe,Mod,virtualCLSmini_PV1/DCCT1.Mod,,origin.orCat,virtualCLSmini_PV1/DCCT1.Mod.origin.orCat,f044ee15-b52c-4768-b9c6-94099af492ab
2022,419,53fe0b52-9302-4d52-9033-a12a211ccafe,Mod,virtualCLSmini_PV1/DCCT1.Mod,,origin.orIdent,virtualCLSmini_PV1/DCCT1.Mod.origin.orIdent,b2f4d25e-6367-4064-8b2d-07a71ee831c3
2023,419,53fe0b52-9302-4d52-9033-a12a211ccafe,Mod,virtualCLSmini_PV1/DCCT1.Mod,,ctlNum,virtualCLSmini_PV1/DCCT1.Mod.ctlNum,588a5383-e8cf-422a-80fa-f4db5d1939e1
2024,419,53fe0b52-9302-4d52-9033-a12a211ccafe,Mod,virtualCLSmini_PV1/DCCT1.Mod,,stVal,virtualCLSmini_PV1/DCCT1.Mod.stVal,16f3d659-4577-49e7-b49a-9488dae4e497
2025,419,53fe0b52-9302-4d52-9033-a12a211ccafe,Mod,virtualCLSmini_PV1/DCCT1.Mod,,q,virtualCLSmini_PV1/DCCT1.Mod.q,c0604a9d-7a7c-4816-8f96-26ca685dd099
2026,419,53fe0b52-9302-4d52-9033-a12a211ccafe,Mod,virtualCLSmini_PV1/DCCT1.Mod,,t,virtualCLSmini_PV1/DCCT1.Mod.t,27dc2eb1-f6f5-48f4-acf8-4b4b49155b27
2027,419,53fe0b52-9302-4d52-9033-a12a211ccafe,Mod,virtualCLSmini_PV1/DCCT1.Mod,,ctlModel,virtualCLSmini_PV1/DCCT1.Mod.ctlModel,37d1ae1f-2a62-4d9b-9b30-b9fcf0283d0b
2028,419,53fe0b52-9302-4d52-9033-a12a211ccafe,Mod,virtualCLSmini_PV1/DCCT1.Mod,,ctlVal,virtualCLSmini_PV1/DCCT1.Mod.ctlVal,2feab9b0-9baa-4abe-9df1-2003b55b4663
2029,419,53fe0b52-9302-4d52-9033-a12a211ccafe,Mod,virtualCLSmini_PV1/DCCT1.Mod,,d,virtualCLSmini_PV1/DCCT1.Mod.d,3afdfcb6-1cbd-4689-83b9-a2c00d99868c
